cbsa_geoid,cbsa_name,cbsa_type,population,median_hh_income,ba_plus_share,sg_stores,sg_pipeline,cmg_stores,land_sq_mi,density,sg_per_m,cmg_per_m
35620,"New York-Newark-Jersey City, NY-NJ Metro Area",metro,19756722,97334,0.43497152904296393,49,0,222,6139.593921533486,3217.919988275929,2.480168521883337,11.236681874655117
31080,"Los Angeles-Long Beach-Anaheim, CA Metro Area",metro,13012469,93525,0.3738901071130544,27,1,159,4853.106185109089,2681.2660806653057,2.074932897054356,12.219049282653431
16980,"Chicago-Naperville-Elgin, IL-IN Metro Area",metro,9359555,88850,0.40889397742970585,24,0,172,6923.139627077285,1351.9234775207456,2.564224474347338,18.376942066155923
19100,"Dallas-Fort Worth-Arlington, TX Metro Area",metro,7807555,87155,0.3848687265443462,6,0,144,8675.603520820796,899.9437308611966,0.7684864211651407,18.44367410796338
26420,"Houston-Pasadena-The Woodlands, TX Metro Area",metro,7274714,80458,0.3536221711771222,6,0,96,8838.065541544127,823.1115695855103,0.8247746921734654,13.196395074775447
47900,"Washington-Arlington-Alexandria, DC-VA-MD-WV Metro Area",metro,6263796,123896,0.5378317287606924,30,0,149,6034.458823056141,1038.0045972088863,4.7894280081918374,23.787492440686126
37980,"Philadelphia-Camden-Wilmington, PA-NJ-DE-MD Metro Area",metro,6241882,89273,0.41452125103191045,9,0,65,4603.206063752934,1355.9857876340811,1.4418728197681403,10.41352592054768
12060,"Atlanta-Sandy Springs-Roswell, GA Metro Area",metro,6176937,86338,0.4145151335285787,6,0,102,8785.565670029273,703.0778929889234,0.9713552202329407,16.513038743959992
33100,"Miami-Fort Lauderdale-West Palm Beach, FL Metro Area",metro,6138876,73481,0.3561380245686224,7,0,88,5067.125222439728,1211.5106160814878,1.140273887271872,14.334871725703533
38060,"Phoenix-Mesa-Chandler, AZ Metro Area",metro,4941206,84703,0.3456726141121921,3,0,84,14568.686156632588,339.1662053033142,0.6071392287631805,16.999898405369052
14460,"Boston-Cambridge-Newton, MA-NH Metro Area",metro,4917661,112484,0.5122774338842749,23,0,62,3486.098846994321,1410.6487554820649,4.677020233806275,12.607619760695176
41860,"San Francisco-Oakland-Fremont, CA Metro Area",metro,4653593,133780,0.5236501515911042,9,3,64,2469.8017351129847,1884.196991944827,1.933989500156116,13.752814223332381
40140,"Riverside-San Bernardino-Ontario, CA Metro Area",metro,4637725,86031,0.2407028946331359,1,0,65,27277.41904614381,170.02066772353348,0.2156229616891903,14.015492509797369
19820,"Detroit-Warren-Dearborn, MI Metro Area",metro,4367620,75123,0.34055814646443855,4,0,33,3892.3289632399124,1122.1096780998857,0.9158305896575253,7.555602364674583
42660,"Seattle-Tacoma-Bellevue, WA Metro Area",metro,4021467,112594,0.4631237272126325,3,0,44,5870.229589972906,685.0612805450019,0.7459964236931448,10.941280880832789
33460,"Minneapolis-St. Paul-Bloomington, MN-WI Metro Area",metro,3693351,98180,0.44862870029872953,5,0,84,7047.482227630768,524.0667348573983,1.3537841380361628,22.743573519007537
41740,"San Diego-Chula Vista-Carlsbad, CA Metro Area",metro,3282782,102285,0.4208987125049854,5,0,38,4210.459326008257,779.6731296564393,1.5230983964210842,11.57554781280024
45300,"Tampa-St. Petersburg-Clearwater, FL Metro Area",metro,3240469,71254,0.34016214284562307,3,0,57,2515.852642273327,1288.0201906705906,0.9257919146888922,17.590046379088953
19740,"Denver-Aurora-Centennial, CO Metro Area",metro,2977085,102339,0.48379392666248305,6,0,61,8344.628755457878,356.76662045064757,2.0153942531032873,20.489841573216754
12580,"Baltimore-Columbia-Towson, MD Metro Area",metro,2839409,97300,0.4328454743876588,2,0,46,2601.4694735413286,1091.4635089431854,0.7043719309194273,16.20055441114683
41180,"St. Louis, MO-IL Metro Area",metro,2809414,78225,0.37558686164605953,0,0,20,7863.494750946946,357.2729541991087,0,7.118922309065165
36740,"Orlando-Kissimmee-Sanford, FL Metro Area",metro,2721022,75611,0.35828333804437695,0,0,64,3492.0427179103926,779.2063900146776,0,23.52057425482043
16740,"Charlotte-Concord-Gastonia, NC-SC Metro Area",metro,2712818,80201,0.38995287026064746,3,0,40,5597.5222550346,484.6462195947502,1.105861137754173,14.74481517005564
41700,"San Antonio-New Braunfels, TX Metro Area",metro,2612802,74297,0.31926223860193065,1,0,29,7313.189549352796,357.2725665549347,0.38273087666038225,11.099195423151086
38900,"Portland-Vancouver-Hillsboro, OR-WA Metro Area",metro,2510529,94573,0.42050981933099796,0,0,42,6687.393742514131,375.4121705201352,0,16.729541861496124
38300,"Pittsburgh, PA Metro Area",metro,2443921,73942,0.3740367293554415,0,0,33,5640.3234187048065,433.2944795142971,0,13.502891460075837
40900,"Sacramento-Roseville-Folsom, CA Metro Area",metro,2406563,93986,0.3631107741387726,2,0,44,5093.192987283637,472.5057554285798,0.8310607285161453,18.283336027355197
12420,"Austin-Round Rock-San Marcos, TX Metro Area",metro,2357497,97638,0.49889921949154953,6,0,38,4219.752867128027,558.6812958561997,2.545072167642207,16.11879039506731
29820,"Las Vegas-Henderson-North Las Vegas, NV Metro Area",metro,2293764,73845,0.2730858178753908,0,0,35,7891.661154768776,290.65667608066565,0,15.258762453329986
17140,"Cincinnati, OH-KY-IN Metro Area",metro,2255257,79490,0.3687883918727359,0,0,62,4385.182159774471,514.2903801551513,0,27.49132360524765
28140,"Kansas City, MO-KS Metro Area",metro,2202006,81927,0.39177974928629505,0,0,49,7256.515549795324,303.4522540314972,0,22.252437095993383
17410,"Cleveland, OH Metro Area",metro,2171978,68507,0.33442308041516317,0,0,59,2701.44637304918,804.0055955463748,0,27.164179379349143
18140,"Columbus, OH Metro Area",metro,2151847,79847,0.3941666655209346,2,0,53,4797.369576727517,448.5472644089813,0.9294341093953241,24.63000389897609
26900,"Indianapolis-Carmel-Greenwood, IN Metro Area",metro,2106327,77065,0.37849838421332366,5,0,28,4085.9372813877512,515.5064444074396,2.373800459282913,13.293282571984314
41980,"San Juan-Bayamón-Caguas, PR Metro Area",metro,2063795,27966,0.31325239896741164,0,0,0,1438.229011792645,1434.9557567522809,0,0
34980,"Nashville-Davidson--Murfreesboro--Franklin, TN Metro Area",metro,2043713,82499,0.3987239164520184,1,0,31,6301.91053077846,324.3005418782968,0.4893054944603279,15.168470328270164
41940,"San Jose-Sunnyvale-Santa Clara, CA Metro Area",metro,1969353,157444,0.5481277268397755,6,0,29,2679.7357784009287,734.9056634140127,3.046685891254641,14.72564847439743
47260,"Virginia Beach-Chesapeake-Norfolk, VA-NC Metro Area",metro,1782590,80533,0.3512203732925951,0,0,21,3201.87182210655,556.733716725491,0,11.780611357631312
39300,"Providence-Warwick, RI-MA Metro Area",metro,1673807,85646,0.3500136627230313,2,0,22,1587.000695922114,1054.6983402722758,1.1948808912855544,13.143689804141099
27260,"Jacksonville, FL Metro Area",metro,1645707,77013,0.3512201463529974,1,0,23,3201.7667370681484,513.9996555486022,0.6076415789687958,13.975756316282302
33340,"Milwaukee-Waukesha, WI Metro Area",metro,1566361,76404,0.3878867646689236,2,0,13,1454.8367961426666,1076.6575358507753,1.2768448652641378,8.299491624216895
39580,"Raleigh-Cary, NC Metro Area",metro,1449594,96066,0.5023074474047446,1,0,25,2118.432267629213,684.2767749295447,0.6898483299461781,17.24620824865445
36420,"Oklahoma City, OK Metro Area",metro,1445122,70499,0.3342024903145037,0,0,8,5511.7232696485235,262.1905943569177,0,5.5358647920383195
31140,"Louisville/Jefferson County, KY-IN Metro Area",metro,1361847,71737,0.3214813248394174,0,0,11,3960.8080166051423,343.8306007992925,0,8.07726565465871
32820,"Memphis, TN-MS-AR Metro Area",metro,1341606,64743,0.30737222680936555,0,0,12,4981.852158773038,269.2986377842291,0,8.94450382601151
40060,"Richmond, VA Metro Area",metro,1327321,84405,0.40203555740029745,1,0,22,4364.318439284264,304.13019087985634,0.75339725657923,16.574739644743058
41620,"Salt Lake City-Murray, UT Metro Area",metro,1261337,95045,0.3776261687332751,1,0,15,7793.120835214954,161.8526167720084,0.7928095346445875,11.892143019668813
13820,"Birmingham, AL Metro Area",metro,1181432,69627,0.33213000409494836,0,0,11,5279.777877049791,223.76547413774063,0,9.310734769330779
23420,"Fresno, CA Metro Area",metro,1170942,71897,0.22932285600231858,0,0,15,8095.300032477756,144.64466978398153,0,12.810198968010372
15380,"Buffalo-Cheektowaga, NY Metro Area",metro,1161385,70572,0.3512266684448863,0,0,10,1565.1112649316372,742.0462851570674,0,8.610409123589509
24340,"Grand Rapids-Wyoming-Kentwood, MI Metro Area",metro,1154320,80296,0.3538194200933523,0,0,7,3242.202747023422,356.0295546167647,0,6.064176311594705
25540,"Hartford-West Hartford-East Hartford, CT Metro Area",metro,1144012,92823,0.42127596199790257,1,0,15,1451.4633563317786,788.1783546304694,0.8741167050695272,13.111750576042908
40380,"Rochester, NY Metro Area",metro,1058875,74438,0.37843021401278343,0,0,14,2927.766268394182,361.6665071357525,0,13.221579506551764
46060,"Tucson, AZ Metro Area",metro,1049947,67929,0.35870627429206,0,0,16,9188.682682794248,114.26523651382797,0,15.238864437919247
46140,"Tulsa, OK Metro Area",metro,1026209,67823,0.2978742678139104,0,0,10,6270.276122618957,163.6624894872054,0,9.744603682095947
46520,"Urban Honolulu, HI Metro Area",metro,1003666,104264,0.377229953386872,0,0,0,600.7856429889171,1670.589188860685,0,0
35380,"New Orleans-Metairie, LA Metro Area",metro,988763,62271,0.3304942465183893,0,0,5,2358.5515703390624,419.22466840861006,0,5.056823525961226
36540,"Omaha, NE-IA Metro Area",metro,972840,83023,0.39092540494060246,0,0,11,4345.552321087683,223.87027657660332,0,11.307100859339664
14860,"Bridgeport-Stamford-Danbury, CT Metro Area",metro,947528,111656,0.5053265747685345,3,0,14,672.3084242267043,1409.3650560601793,3.1661333490936414,14.775288962436994
24860,"Greenville-Anderson-Greer, SC Metro Area",metro,945301,69016,0.33704246201791976,0,0,12,2709.5981633676306,348.87128755104055,0,12.6943693067076
28940,"Knoxville, TN Metro Area",metro,919553,69734,0.3186019295230111,0,0,6,3500.9304340011045,262.65960359260026,0,6.524909385320911
10740,"Albuquerque, NM Metro Area",metro,918567,67995,0.3502546802434145,0,0,7,9283.396146556055,98.9473017739062,0,7.62056551128007
12540,"Bakersfield-Delano, CA Metro Area",metro,910433,67660,0.18573575991839802,0,0,12,8134.672646817672,111.92005376592091,0,13.180541566485397
10580,"Albany-Schenectady-Troy, NY Metro Area",metro,902372,86072,0.4090556397419928,0,0,10,2811.8039333392926,320.9228030804925,0,11.081904137096453
32580,"McAllen-Edinburg-Mission, TX Metro Area",metro,880921,52281,0.20326666943034638,0,0,5,1571.194661198657,560.6695476726923,0,5.675877859649163
12940,"Baton Rouge, LA Metro Area",metro,871379,68910,0.29987171715747774,0,0,4,4370.700761633999,199.36825866665657,0,4.590425061884668
21340,"El Paso, TX Metro Area",metro,869606,58800,0.2530908944095047,0,0,10,5584.007431987787,155.7315262545127,0,11.499460675294328
10900,"Allentown-Bethlehem-Easton, PA-NJ Metro Area",metro,866764,82602,0.327301738744222,0,0,8,1453.0235233396497,596.5244100163069,0,9.22973266079348
35840,"North Port-Bradenton-Sarasota, FL Metro Area",metro,865031,78278,0.37178649173035516,0,0,13,1298.7680090160723,666.0396575792893,0,15.028363145367045
49340,"Worcester, MA Metro Area",metro,861664,93561,0.3902564536718409,0,1,7,1510.6766524885709,570.3828139400724,0,8.123816243918743
17900,"Columbia, SC Metro Area",metro,839868,66146,0.3504178253081227,0,0,10,3703.0897354196736,226.80195728630304,0,11.906632947082162
37100,"Oxnard-Thousand Oaks-Ventura, CA Metro Area",metro,838259,107327,0.3566576039958768,1,0,9,1840.7748597733912,455.3837725180547,1.1929487187134287,10.736538468420859
16700,"Charleston-North Charleston, SC Metro Area",metro,817756,82272,0.3995005563976973,0,0,11,2590.1805954622705,315.71389324459625,0,13.451445174355186
19430,"Dayton-Kettering-Beavercreek, OH Metro Area",metro,813608,69752,0.3196379653005318,0,0,19,1281.5626138144705,634.8562225753135,0,23.35276939263134
15980,"Cape Coral-Fort Myers, FL Metro Area",metro,792692,73099,0.30759320033801635,0,0,7,781.0263630901379,1014.9362908362106,0,8.83066815358298
14260,"Boise City, ID Metro Area",metro,790640,82694,0.3660330231884549,0,0,9,11766.593544709362,67.19361869650857,0,11.383183243954266
44700,"Stockton-Lodi, CA Metro Area",metro,787416,88531,0.21572958036625103,0,0,12,1392.2376022027377,565.5758749470526,0,15.239720808314791
24660,"Greensboro-High Point, NC Metro Area",metro,779894,63083,0.3141604436144931,0,0,12,1993.9560934895567,391.1289734746031,0,15.386706398561856
29460,"Lakeland-Winter Haven, FL Metro Area",metro,760961,63644,0.22640908487686504,0,0,10,1798.1187824835229,423.1984045842495,0,13.141277936714234
17820,"Colorado Springs, CO Metro Area",metro,760782,87180,0.40994632948599175,0,0,13,2683.556882429086,283.49762398602854,0,17.087680833668514
30780,"Little Rock-North Little Rock-Conway, AR Metro Area",metro,753605,65309,0.3286406117918454,0,0,6,4083.79909126301,184.5352778524984,0,7.961730614844647
19780,"Des Moines-West Des Moines, IA Metro Area",metro,720331,84209,0.3909640431233252,0,0,7,3612.3075132572717,199.41021005447755,0,9.717754754411512
28880,"Kiryas Joel-Poughkeepsie-Newburgh, NY Metro Area",metro,700984,96912,0.35607814268571863,1,0,6,1607.679755719033,436.0221602009821,1.4265660842472865,8.55939650548372
10420,"Akron, OH Metro Area",metro,699508,71312,0.34460658888630435,0,0,20,900.2012086457031,777.0573881503296,0,28.59152432852805
39340,"Provo-Orem-Lehi, UT Metro Area",metro,695895,96745,0.4337256952056527,0,0,8,5396.272284431453,128.95846675633769,0,11.495987181974291
19660,"Deltona-Daytona Beach-Ormond Beach, FL Metro Area",metro,689939,67599,0.27778024485887115,0,0,10,1587.3071463636952,434.66004772961327,0,14.494034979904022
31540,"Madison, WI Metro Area",metro,683967,86827,0.49293075150198495,2,0,6,3308.838247137745,206.70910721962736,2.924117684040312,8.772353052120936
49180,"Winston-Salem, NC Metro Area",metro,683637,64282,0.29580955369181583,0,0,5,2009.0018907461317,340.28688730905134,0,7.313822979154141
45060,"Syracuse, NY Metro Area",metro,657128,73558,0.3421515777527552,0,0,5,2384.84983624114,275.54271552615927,0,7.608867678747519
48620,"Wichita, KS Metro Area",metro,648935,68930,0.31511175556900783,0,0,11,4148.1404202276435,156.43997894468274,0,16.950850239238136
36260,"Ogden, UT Metro Area",metro,645510,98361,0.3415778618952788,0,0,8,1544.961628028478,417.81620222097933,0,12.393301420582175
37340,"Palm Bay-Melbourne-Titusville, FL Metro Area",metro,620533,75817,0.33539885717731843,0,0,9,1014.9698822362548,611.3807028764213,0,14.503660562774261
12260,"Augusta-Richmond County, GA-SC Metro Area",metro,618022,66628,0.2877601040297255,0,0,2,3480.703814119054,177.556618719774,0,3.2361307526269294
27140,"Jackson, MS Metro Area",metro,615908,60489,0.31552182567549897,0,0,4,6014.244440295905,102.40820873082053,0,6.494476447781162
45780,"Toledo, OH Metro Area",metro,602977,63749,0.29625230279891934,0,0,11,1362.27604844101,442.6246799905551,0,18.242818548634524
25420,"Harrisburg-Carlisle, PA Metro Area",metro,597894,79281,0.3536842307341585,0,0,11,1621.8017217075178,368.6603559469069,0,18.397909997424293
20500,"Durham-Chapel Hill, NC Metro Area",metro,594291,81017,0.5233692116987199,1,0,12,1758.9054545891333,337.87546593220486,1.6826773415717216,20.19212809886066
44060,"Spokane-Spokane Valley, WA Metro Area",metro,591793,72836,0.31237076579542666,0,0,7,4241.326587788853,139.53016532700482,0,11.828460289324138
16860,"Chattanooga, TN-GA Metro Area",metro,569333,68666,0.3133588023743451,0,0,3,2088.7933694027656,272.5654956300371,0,5.269323928175602
42540,"Scranton--Wilkes-Barre, PA Metro Area",metro,567887,63656,0.2676849831382662,0,0,5,1745.951488943322,325.25932340977835,0,8.804568514510809
35300,"New Haven, CT Metro Area",metro,566803,86266,0.41071487056748757,1,0,6,367.1689230264459,1543.7118025350287,1.764281417000263,10.585688502001577
22220,"Fayetteville-Springdale-Rogers, AR Metro Area",metro,563436,77979,0.34966792367093275,2,0,7,2623.420216010181,214.77154005350297,3.5496489397198614,12.423771289019514
38860,"Portland-South Portland, ME Metro Area",metro,557764,88602,0.445727393363096,0,0,5,2081.3678611829614,267.9795390340036,0,8.964364856821163
39900,"Reno, NV Metro Area",metro,556539,84684,0.31376948722585446,0,0,6,8582.72638865512,64.84408040033156,0,10.780915623163875
29540,"Lancaster, PA Metro Area",metro,555151,83703,0.3097516011633266,0,0,4,943.9238892876617,588.1311049548161,0,7.205246860764009
33700,"Modesto, CA Metro Area",metro,552250,79661,0.19136945701036628,0,0,7,1496.1500993145487,369.1140349173587,0,12.675418741511995
30460,"Lexington-Fayette, KY Metro Area",metro,517378,70717,0.41069464421693885,0,0,13,1469.966089921548,351.9659423079701,0,25.12669653522183
37860,"Pensacola-Ferry Pass-Brent, FL Metro Area",metro,516994,73588,0.29714549834724635,0,0,7,1669.3949610448212,309.68944561593133,0,13.539808972637982
38940,"Port St. Lucie, FL Metro Area",metro,506701,72506,0.2908188480679118,0,0,7,1115.695691745859,454.1569925820059,0,13.81485333559634
26620,"Huntsville, AL Metro Area",metro,504712,83529,0.4236844146108177,0,0,6,1365.005488384269,369.75089426007946,0,11.887967791532596
28660,"Killeen-Temple, TX Metro Area",metro,485850,67203,0.253905940463298,0,0,6,2818.606055299613,172.37243888215338,0,12.34949058351343
42220,"Santa Rosa-Petaluma, CA Metro Area",metro,485642,102840,0.378469385158651,1,0,4,1575.3368126466032,308.27820190661953,2.0591299764023705,8.236519905609482
44180,"Springfield, MO Metro Area",metro,481671,61488,0.2992808593370882,0,0,3,3006.9724644411594,160.18470594459458,0,6.2283176691143955
47300,"Visalia, CA Metro Area",metro,475774,69489,0.15839490911134213,0,0,7,4823.898923613206,98.62851762317501,0,14.712867874242814
29620,"Lansing-East Lansing, MI Metro Area",metro,470434,70886,0.3725123894034924,0,0,4,1698.6442609576304,276.9467455974492,0,8.502786788369887
44140,"Springfield, MA Metro Area",metro,462853,70535,0.2892509019063518,0,0,7,617.0047969834117,750.1611045212732,0,15.123592155608799
49620,"York-Hanover, PA Metro Area",metro,459312,82238,0.2721075977067509,0,0,5,904.3655327823108,507.88313281567827,0,10.885846657609642
47930,"Waterbury-Shelton, CT Metro Area",metro,452303,86365,0.33788602611721225,0,0,5,412.7842733610078,1095.736996754308,0,11.054536450123036
23060,"Fort Wayne, IN Metro Area",metro,451440,69378,0.29675773596066396,0,0,4,1360.854828403054,331.73266580518305,0,8.86053517632465
46700,"Vallejo, CA Metro Area",metro,450824,99994,0.28367041437079976,0,0,5,821.7362534533025,548.6237197220353,0,11.090802619203947
18580,"Corpus Christi, TX Metro Area",metro,446797,65801,0.2295557558114215,0,0,3,1784.6353680751067,250.3575845198628,0,6.714458691531053
42200,"Santa Maria-Santa Barbara, CA Metro Area",metro,443975,95977,0.35869939954606833,0,0,4,2733.941097127276,162.39376937071268,0,9.009516301593559
48900,"Wilmington, NC Metro Area",metro,440578,73687,0.38510203007821325,0,0,5,1913.6194316351516,230.23282096562662,0,11.348728261511015
41500,"Salinas, CA Metro Area",metro,435834,94486,0.27883727092389554,0,0,5,3281.7176504335384,132.8066721225768,0,11.472257786221359
41420,"Salem, OR Metro Area",metro,435085,76010,0.2691651942093679,0,0,5,1921.7634165123638,226.3988357055921,0,11.492007308916648
39740,"Reading, PA Metro Area",metro,429989,77684,0.2716939162140192,0,0,4,856.4025087358413,502.08750629971684,0,9.30256355395138
49660,"Youngstown-Warren, OH Metro Area",metro,428430,55357,0.23506473198287714,0,0,7,1029.0660295733944,416.3289698500768,0,16.338725112620498
31700,"Manchester-Nashua, NH Metro Area",metro,424732,100436,0.40620348208137974,1,0,4,876.5299339540212,484.5607474967073,2.354425849712289,9.417703398849156
15180,"Brownsville-Harlingen, TX Metro Area",metro,423192,51334,0.20558113905616562,0,0,2,891.7194110207711,474.5797778648361,0,4.725987258738351
25060,"Gulfport-Biloxi, MS Metro Area",metro,418452,61266,0.24706255511521477,0,0,2,2215.909466858518,188.8398448846545,0,4.7795207096632355
33660,"Mobile, AL Metro Area",metro,413162,58119,0.25150224087237016,0,0,3,1229.3740344622663,336.0750987234889,0,7.261074348560613
42340,"Savannah, GA Metro Area",metro,412089,74632,0.34946962252673486,0,0,6,1349.1091470686326,305.4526766017368,0,14.559961561701478
29180,"Lafayette, LA Metro Area",metro,410883,60910,0.26981929887965306,0,0,1,2833.5950534537396,145.00413511775207,0,2.4337828530262873
11700,"Asheville, NC Metro Area",metro,410817,69236,0.41204506916847256,0,0,5,1479.052686848049,277.7568396670682,0,12.170869267824846
22420,"Flint, MI Metro Area",metro,404087,60673,0.22838229209764171,0,0,3,636.9427483587946,634.4165170907555,0,7.424143810615042
15940,"Canton-Massillon, OH Metro Area",metro,400495,65666,0.24233001290029105,0,0,11,969.8194185918484,412.95832226323944,0,27.46601081162062
11260,"Anchorage, AK Metro Area",metro,399746,95918,0.3399163350063822,0,0,0,26414.309807005255,15.133690901663638,0,0
13140,"Beaumont-Port Arthur, TX Metro Area",metro,396058,65245,0.19288088224186117,0,0,3,2101.0964197051853,188.5006305686689,0,7.57464815759308
22180,"Fayetteville, NC Metro Area",metro,389851,58909,0.26362121416843753,0,0,4,1042.7186463029748,373.87937904653523,0,10.260330228728412
43340,"Shreveport-Bossier City, LA Metro Area",metro,389004,54635,0.25225491309780756,0,0,3,2595.4932746776203,149.87671276024292,0,7.712002961409137
45220,"Tallahassee, FL Metro Area",metro,388298,63078,0.4085627688938287,0,0,4,2389.3003609194175,162.51535652494547,0,10.301366476263077
36100,"Ocala, FL Metro Area",metro,387697,58535,0.22375784121369552,0,0,4,1588.4221568878168,244.07680182427808,0,10.317335444947988
34940,"Naples-Marco Island, FL Metro Area",metro,387681,86173,0.3954141631831966,0,0,4,1996.8475140992057,194.14652208678342,0,10.317761252163505
33860,"Montgomery, AL Metro Area",metro,385159,62746,0.30436837252189947,0,0,3,2714.4107812139728,141.8941461128976,0,7.788991040063974
45940,"Trenton-Princeton, NJ Metro Area",metro,383286,96333,0.44900184565116036,0,1,3,224.4780220245876,1707.4544605441051,0,7.827053427466695
21660,"Eugene-Springfield, OR Metro Area",metro,382628,69311,0.33432876086133834,0,0,4,4554.09226762821,84.01849973919704,0,10.454018001818998
19340,"Davenport-Moline-Rock Island, IA-IL Metro Area",metro,381864,71925,0.2937925477123537,0,0,3,2269.893438236672,168.2299237345012,0,7.856200113129282
26580,"Huntington-Ashland, WV-KY-OH Metro Area",metro,372801,58483,0.22994531237998678,0,0,2,2915.5155577142787,127.86795083757691,0,5.364792476415031
12100,"Atlantic City-Hammonton, NJ Metro Area",metro,369940,80600,0.328810838915807,0,0,6,807.0988584576938,458.35772919680244,0,16.218846299399903
34820,"Myrtle Beach-Conway-North Myrtle Beach, SC Metro Area",metro,368937,64623,0.26596009839938445,0,0,5,1133.1588105244236,325.58278378408113,0,13.552449334168164
11460,"Ann Arbor, MI Metro Area",metro,368394,87156,0.5813050562655939,2,0,4,706.0032101846213,521.802159941545,5.4289700700880035,10.857940140176007
25860,"Hickory-Lenoir-Morganton, NC Metro Area",metro,366972,60255,0.21390502676241452,0,0,4,1639.4832414887032,223.83394396076758,0,10.900014170018421
37900,"Peoria, IL Metro Area",metro,365773,70872,0.3163411546454135,0,0,3,2467.6490090141765,148.2273202809041,0,8.201808225320075
43900,"Spartanburg, SC Metro Area",metro,365086,62440,0.24778778883603658,0,0,3,1321.9626571953645,276.1696769669389,0,8.217241964906899
22660,"Fort Collins-Loveland, CO Metro Area",metro,363561,91364,0.5173804084344712,0,0,5,2595.7465739099475,140.06028310089286,0,13.75285027822016
31180,"Lubbock, TX Metro Area",metro,354782,62288,0.3134795800603105,0,0,5,5264.5573488752425,67.39066107348953,0,14.093161434345598
23540,"Gainesville, FL Metro Area",metro,344521,58946,0.4094287105338098,0,0,3,2343.5940414413717,147.00540874737442,0,8.70774205345973
30700,"Lincoln, NE Metro Area",metro,341309,73095,0.405854966074072,0,0,5,1408.989940112119,242.23664788752194,0,14.649481847827044
24540,"Greeley, CO Metro Area",metro,340711,93287,0.319562243502052,0,0,2,3984.9579162739865,85.49927180123684,0,5.870077573075128
40420,"Rockford, IL Metro Area",metro,336605,66571,0.24384949982058307,0,0,5,793.7902008360958,424.047814706525,0,14.854205968419958
24580,"Green Bay, WI Metro Area",metro,329375,77459,0.29885831498456045,0,0,2,1870.0228461666568,176.13421176922137,0,6.072106261859583
17300,"Clarksville, TN-KY Metro Area",metro,328626,66210,0.2800991466724143,0,0,4,2158.037820876328,152.28000029515366,0,12.17189145107204
14500,"Boulder, CO Metro Area",metro,328317,102772,0.6390899548172151,1,0,7,726.3847566466242,451.98773376754866,3.0458367979726906,21.320857585808835
17980,"Columbus, GA-AL Metro Area",metro,326136,57762,0.26875261202426715,0,0,3,2786.0786175578237,117.05915186480958,0,9.198616528074178
43780,"South Bend-Mishawaka, IN-MI Metro Area",metro,324180,65385,0.3071930672815859,0,0,5,947.8892155995264,342.0019920734732,0,15.423530137577888
40220,"Roanoke, VA Metro Area",metro,314661,67447,0.30575772637707915,0,0,5,1867.5682866358798,168.4870118279908,0,15.890116665236555
28700,"Kingsport-Bristol, TN-VA Metro Area",metro,309580,55948,0.23762780109741174,0,0,2,2010.4907933341826,153.982301747622,0,6.460365656696169
28420,"Kennewick-Richland, WA Metro Area",metro,307900,85881,0.2928266518188567,0,0,4,2941.7232876794947,104.66654062587894,0,12.991230919129586
47380,"Waco, TX Metro Area",metro,299217,63880,0.26437467372660156,0,0,2,2785.15654035184,107.43274055331945,0,6.684112199507381
25180,"Hagerstown-Martinsburg, MD-WV Metro Area",metro,298525,75473,0.23494560205646683,0,0,4,1008.0039672460118,296.15458837489126,0,13.399212796248221
36500,"Olympia-Lacey-Tumwater, WA Metro Area",metro,296640,93985,0.37175424490375064,0,0,5,722.5011724088572,410.573728221072,0,16.8554476806904
18880,"Crestview-Fort Walton Beach-Destin, FL Metro Area",metro,294127,79150,0.3422375071547066,0,0,3,1968.1598275754247,149.44263970794228,0,10.199675650314319
43620,"Sioux Falls, SD-MN Metro Area",metro,293107,81418,0.3574579072409875,0,0,2,3057.861748253354,95.85358140125932,0,6.8234467276455355
46540,"Utica-Rome, NY Metro Area",metro,289577,68830,0.26659405401391195,0,0,2,2623.028067491785,110.39797994876275,0,6.906625871529853
30980,"Longview, TX Metro Area",metro,288921,65210,0.2081292747872396,0,0,1,2680.617411019698,107.78151287545931,0,3.461153740988021
32900,"Merced, CA Metro Area",metro,285597,65044,0.14780215294542995,0,0,3,1938.0039296782718,147.36657425014198,0,10.504312020084244
42020,"San Luis Obispo-Paso Robles, CA Metro Area",metro,281486,93398,0.39201400387945307,0,0,3,3300.8417424742543,85.2770359687111,0,10.657723652330844
20260,"Duluth, MN-WI Metro Area",metro,280710,71067,0.3080476550217449,0,0,1,8413.578189360878,33.36392598751419,0,3.5623953546364575
35980,"Norwich-New London-Willimantic, CT Metro Area",metro,279025,84185,0.34637081228059496,0,0,4,598.1351717479506,466.49154435208317,0,14.335633007795
14740,"Bremerton-Silverdale-Port Orchard, WA Metro Area",metro,276581,98546,0.3652506821976948,0,0,3,395.11126944903236,700.0078747075012,0,10.846732060409066
16300,"Cedar Rapids, IA Metro Area",metro,275960,77084,0.3277898212467891,0,0,2,2008.7310292710185,137.3802644449355,0,7.247427163357009
46220,"Tuscaloosa, AL Metro Area",metro,275217,59975,0.28558481621555676,0,0,2,3493.2684702556417,78.78495521984867,0,7.2669929546503305
38660,"Ponce, PR Metro Area",metro,273739,20646,0.2829674185463659,0,0,0,365.4541665058069,749.037841372238,0,0
17780,"College Station-Bryan, TX Metro Area",metro,273280,59691,0.390511045518921,0,0,3,2100.3751580929074,130.11008959377142,0,10.97775175644028
11100,"Amarillo, TX Metro Area",metro,270207,66571,0.2556010859277144,0,0,2,5150.981152187606,52.45738472276178,0,7.401732745635754
21780,"Evansville, IN Metro Area",metro,269721,67671,0.28932854296562427,0,0,4,1027.4157262443957,262.52372151819714,0,14.830139292083302
21500,"Erie, PA Metro Area",metro,269544,61476,0.29627087009455566,0,0,4,798.9009308618023,337.39352351139894,0,14.839877719407593
43640,"Slidell-Mandeville-Covington, LA Metro Area",metro,269331,79277,0.36565436985605054,0,0,3,845.2805028514205,318.62914037583306,0,11.138710360114507
29700,"Laredo, TX Metro Area",metro,267731,62506,0.20941556310947199,0,0,2,3361.4777003744625,79.64681722272775,0,7.470184625613022
42100,"Santa Cruz-Watsonville, CA Metro Area",metro,266021,109266,0.43557964683032163,0,0,4,445.10555262742116,597.6582373095553,0,15.036406900207126
31340,"Lynchburg, VA Metro Area",metro,262716,67782,0.30874793334800443,0,0,4,2120.472985105712,123.89499976907409,0,15.225566771723077
28020,"Kalamazoo-Portage, MI Metro Area",metro,261437,70525,0.4084325522291881,0,0,2,561.955466274322,465.2272567669587,0,7.650026583842379
49420,"Yakima, WA Metro Area",metro,256605,68015,0.18865054105665183,0,0,1,4294.511745847359,59.75184495609494,0,3.8970401979696416
22020,"Fargo, ND-MN Metro Area",metro,254914,75523,0.42217123081552815,0,0,5,2810.1104475726725,90.71316048100194,0,19.61445820943534
13460,"Bend, OR Metro Area",metro,253650,85509,0.3906463012365744,0,0,3,7778.234598922541,32.61022752323981,0,11.827321111768185
10380,"Aguadilla, PR Metro Area",metro,252430,20800,0.2437287741089093,0,0,0,297.05720232051567,849.7689940795838,0,0
42580,"Seaford, DE Micro Area",micro,247799,78162,0.3256618459616586,0,0,2,936.145513038668,264.7013701915426,0,8.07105759103144
29340,"Lake Charles, LA Metro Area",metro,245973,67010,0.23224118690887804,0,0,0,3000.240813460723,81.98441901611045,0,0
13780,"Binghamton, NY Metro Area",metro,245844,63347,0.2954432827702907,0,0,1,1224.4174375765765,200.78446488526478,0,4.06762011682205
11540,"Appleton, WI Metro Area",metro,244163,83919,0.32104373295867217,0,0,1,955.8073434553335,255.45210723881632,0,4.095624644192609
39150,"Prescott Valley-Prescott, AZ Metro Area",metro,241656,66106,0.29602252541267426,0,0,4,8122.932075159218,29.74984867090167,0,16.552454729036317
19300,"Daphne-Fairhope-Foley, AL Metro Area",metro,239945,75019,0.3279763704444496,0,0,2,1589.8625295233498,150.92185364726907,0,8.335243493300549
46340,"Tyler, TX Metro Area",metro,238014,71923,0.2774101779296156,0,0,3,921.4732449099931,258.2972444558046,0,12.604300587360408
16580,"Champaign-Urbana, IL Metro Area",metro,236196,64558,0.43545382704899527,0,0,3,1920.8892186767607,122.9618021192851,0,12.701315856322715
31420,"Macon-Bibb County, GA Metro Area",metro,234040,58127,0.2415777644116623,0,0,0,1723.5897094523727,135.78637579262428,0,0
45820,"Topeka, KS Metro Area",metro,232724,68160,0.3010509803921569,0,0,3,3232.713327398248,71.99029930293909,0,12.890806276963271
12700,"Barnstable Town, MA Metro Area",metro,230073,94452,0.47405665560512494,0,0,1,394.2001038761526,583.6452038893499,0,4.346446562612736
22900,"Fort Smith, AR-OK Metro Area",metro,228916,56717,0.2141417794771107,0,0,1,1800.0272483876383,127.17363040201191,0,4.368414614967936
13380,"Bellingham, WA Metro Area",metro,228432,80989,0.3808601417052248,0,0,3,2107.949138808981,108.36694102072458,0,13.133011136793444
40340,"Rochester, MN Metro Area",metro,227252,89675,0.4229002709327829,0,0,2,2477.1607862709457,91.73889771688955,0,8.800802633200147
15540,"Burlington-South Burlington, VT Metro Area",metro,226603,90911,0.49118836206062716,0,0,2,1249.579798264016,181.3433606359587,0,8.826008481794151
29200,"Lafayette-West Lafayette, IN Metro Area",metro,225019,59895,0.353505760280766,0,0,4,1642.2301981146934,137.02037647238822,0,17.77627666997009
33740,"Monroe, LA Metro Area",metro,224705,49203,0.23864875168036598,0,0,0,2837.8254717161617,79.18210694758149,0,0
16820,"Charlottesville, VA Metro Area",metro,222937,90552,0.5224465279047296,0,0,4,1644.5267109739743,135.56301549396247,0,17.942288628626024
30150,"Lebanon-Claremont, NH-VT Micro Area",micro,222850,79161,0.400879934460054,0,0,1,3902.62663599641,57.102567267007444,0,4.487323311644604
25940,"Hilton Head Island-Bluffton-Port Royal, SC Metro Area",metro,222781,81015,0.42155084598375114,0,0,2,1231.1558835689018,180.952715227415,0,8.977426261665043
32780,"Medford, OR Metro Area",metro,222563,71443,0.3058352103737073,0,0,3,2783.2519694463,79.96509207331188,0,13.479329448291045
29740,"Las Cruces, NM Metro Area",metro,221665,55663,0.3139871767875166,0,0,1,3808.1786765422644,58.207615458124074,0,4.5113121151286855
12020,"Athens-Clarke County, GA Metro Area",metro,218190,62897,0.43497413574633653,0,0,0,1025.0273063994878,212.86262193971638,0,0
29420,"Lake Havasu City-Kingman, AZ Metro Area",metro,217420,55799,0.1488545563987867,0,0,2,13332.116857478548,16.307987870511347,0,9.198785760279643
17860,"Columbia, MO Metro Area",metro,212850,69463,0.47479767903496717,0,0,3,1714.10168867532,124.17583006087185,0,14.09443269908386
32420,"Mayagüez, PR Metro Area",metro,211487,20400,0.26899252402990387,0,0,0,310.0674469891679,682.0677309198094,0,0
17020,"Chico, CA Metro Area",metro,209470,68574,0.3172056427344656,0,0,4,1636.489620409879,127.99958972397005,0,19.095813242946484
27740,"Johnson City, TN Metro Area",metro,208934,56096,0.28671678520241217,0,0,2,853.8703639068058,244.69053949131293,0,9.572400853858156
27340,"Jacksonville, NC Metro Area",metro,208537,64568,0.26057347036244316,0,0,2,762.0851788389099,273.6400153034346,0,9.590624205776432
23580,"Gainesville, GA Metro Area",metro,208395,77430,0.26731725572324055,0,0,3,392.62820669860145,530.7693039995293,0,14.395738861297056
30500,"Lexington Park, MD Metro Area",metro,208163,123577,0.3517458702502579,0,0,5,571.7535463898326,364.07819647885566,0,24.019638456401957
49740,"Yuma, AZ Metro Area",metro,207685,60417,0.16671988356637385,0,0,2,5513.819424059056,37.666267976384056,0,9.629968461853288
16620,"Charleston, WV Metro Area",metro,207456,58089,0.26868378416220506,0,0,1,1746.023103943902,118.81629717922985,0,4.820299244177079
44100,"Springfield, IL Metro Area",metro,207386,74580,0.34607341368114025,0,0,2,1182.6209418389956,175.36134585737275,0,9.64385252620717
21140,"Elkhart-Goshen, IN Metro Area",metro,206868,65617,0.19731802230903905,0,0,2,463.1605192967469,446.6442871989693,0,9.668000850784075
37460,"Panama City-Panama City Beach, FL Metro Area",metro,206627,67834,0.26095426845709974,0,0,2,1343.2751596685903,153.82328669799756,0,9.679277151582319
26380,"Houma-Bayou Cane-Thibodaux, LA Metro Area",metro,204032,64269,0.19035488660514135,0,0,0,2297.6812051851466,88.79908994318433,0,0
25900,"Hilo-Kailua, HI Micro Area",micro,203684,77215,0.30904403605164155,0,0,0,4028.430445574517,50.5616275995927,0,0
27900,"Joplin, MO-KS Metro Area",metro,202258,60146,0.2400890042647877,0,0,1,1850.8273665395322,109.27977598373161,0,4.944180205480129
41060,"St. Cloud, MN Metro Area",metro,200816,75670,0.27695146676804155,0,0,3,1751.1790268411696,114.67474023043667,0,14.93904868137997
22500,"Florence, SC Metro Area",metro,199675,53874,0.22391334761831128,0,0,2,1361.1208778869645,146.69894734843837,0,10.016276449229998
39540,"Racine-Mount Pleasant, WI Metro Area",metro,196888,75331,0.27986119297418366,0,0,1,332.6107076221288,591.9472689486588,0,5.079029702165698
12220,"Auburn-Opelika, AL Metro Area",metro,196614,58991,0.3935706292785677,0,0,3,1216.2096655339471,161.6612707264429,0,15.258323415423112
47580,"Warner Robins, GA Metro Area",metro,195171,78702,0.3112223808075372,0,0,2,526.3301787898941,370.81476203535414,0,10.24742405377848
39460,"Punta Gorda, FL Metro Area",metro,195083,66154,0.25310375406443986,0,0,2,681.117712544248,286.415984208202,0,10.252046564795497
41100,"St. George, UT Metro Area",metro,189827,76411,0.3328757502234708,0,0,4,2427.588733602333,78.19569986153012,0,21.071818023779546
40980,"Saginaw, MI Metro Area",metro,189210,58347,0.23446640075046332,0,0,2,800.80629018795,236.2743678694035,0,10.57026584218593
13740,"Billings, MT Metro Area",metro,187269,74599,0.33477670037082247,0,0,3,6477.783355538262,28.909426222149282,0,16.019736315140253
20100,"Dover, DE Metro Area",metro,185043,72872,0.2673821258287714,0,0,2,586.0610279017845,315.7401553597428,0,10.808298611674042
14540,"Bowling Green, KY Metro Area",metro,183194,62437,0.27789044917379063,0,0,2,1614.365231970119,113.47741909458492,0,10.9173881240652
28740,"Kingston, NY Metro Area",metro,182109,81804,0.37050437372045414,0,0,1,1124.2359579789731,161.98467831199366,0,5.491216798730431
49700,"Yuba City, CA Metro Area",metro,182050,74762,0.1917246163477319,0,0,2,1234.7019492687941,147.4444906382567,0,10.985992859104643
13980,"Blacksburg-Christiansburg-Radford, VA Metro Area",metro,181605,64627,0.3585753405233913,0,0,4,1454.5096220538248,124.8565133199783,0,22.025825280140968
39820,"Redding, CA Metro Area",metro,181554,71931,0.23266685790040856,0,0,2,3775.6510337802288,48.085482046847396,0,11.016006257091554
11640,"Arecibo, PR Metro Area",metro,181380,24436,0.26381687485269856,0,0,0,236.75359189197206,766.1129808022579,0,0
27180,"Jackson, TN Metro Area",metro,180844,58740,0.22575992263499947,0,0,1,1711.1835227691452,105.68357957733653,0,5.529627745460176
20940,"El Centro, CA Metro Area",metro,179319,56393,0.16100269483279375,0,0,1,4175.528140938068,42.94522607617116,0,5.576653896129244
10180,"Abilene, TX Metro Area",metro,178244,66464,0.26241748919738084,0,0,2,2743.513865397629,64.96923607643818,0,11.220574044568119
17660,"Coeur d'Alene, ID Metro Area",metro,177736,77034,0.28759579311892775,0,0,1,1237.780382319979,143.5925165228975,0,5.626322185713643
26980,"Iowa City, IA Metro Area",metro,177420,74142,0.5034992982814868,0,0,3,1181.825632396436,150.12366895464794,0,16.909029421711196
33260,"Midland, TX Metro Area",metro,176726,93442,0.3056219933752719,0,0,1,1815.313332847694,97.35289043614787,0,5.658476964340278
34740,"Muskegon-Norton Shores, MI Metro Area",metro,175378,63495,0.21445691835036942,0,0,1,503.9135685453012,348.0319065554865,0,5.70196946025157
15500,"Burlington, NC Metro Area",metro,174286,64445,0.2770895592279465,0,0,1,423.4546868247978,411.5812279865258,0,5.737695511974571
20740,"Eau Claire, WI Metro Area",metro,172886,72513,0.30923705181002703,0,0,2,1646.2777282788377,105.01630255348842,0,11.56831669423782
24780,"Greenville, NC Metro Area",metro,172279,58851,0.3386605783866058,0,0,3,652.3659959967924,264.0833536039286,0,17.413613963396585
36780,"Oshkosh-Neenah, WI Metro Area",metro,171357,72873,0.31042219748223004,0,0,2,434.6974183599631,394.1983383441747,0,11.671539534422287
14010,"Bloomington, IL Metro Area",metro,170882,78329,0.46873935586420923,0,0,3,1183.2476284997308,144.41778363559075,0,17.555974298053627
29100,"La Crosse-Onalaska, WI-MN Metro Area",metro,169945,71009,0.33041993793845414,0,0,1,1795.4836445175806,94.65137737061463,0,5.884256671276001
45460,"Terre Haute, IN Metro Area",metro,168850,55380,0.2203609161171382,0,0,1,1465.3217238128557,115.2306672698758,0,5.922416345869115
39380,"Pueblo, CO Metro Area",metro,168726,62250,0.2501743879408612,0,0,1,2386.5912002198343,70.69748685256958,0,5.926768844161541
28450,"Kenosha, WI Metro Area",metro,168413,79412,0.30761603228724516,0,0,2,271.8330579517603,619.5456920103026,0,11.875567800585465
47940,"Waterloo-Cedar Falls, IA Metro Area",metro,168163,68916,0.30484380484380486,0,0,0,1503.0915176672374,111.87808461655416,0,0
20700,"East Stroudsburg, PA Micro Area",micro,167784,82374,0.27879709043534906,0,0,0,608.3609125139961,275.7968116436802,0,0
27980,"Kahului-Wailuku, HI Metro Area",metro,164675,95049,0.30074562251494186,0,0,0,1173.531214782295,140.32434580834675,0,0
27500,"Janesville-Beloit, WI Metro Area",metro,163944,74390,0.2573415559940188,0,0,1,718.1673826294129,228.28104417629615,0,6.099643780803201
42680,"Sebastian-Vero Beach-West Vero Corridor, FL Metro Area",metro,163856,71049,0.3343323084108512,0,0,1,502.5274363132115,326.0637890781212,0,6.1029196367542236
36220,"Odessa, TX Metro Area",metro,163206,71031,0.1664746250089223,0,0,2,897.8838590112292,181.7673837902892,0,12.25445142948176
26820,"Idaho Falls, ID Metro Area",metro,161944,77300,0.3092458829863968,0,0,1,5196.127496508083,31.166286837424618,0,6.174974065108926
14020,"Bloomington, IN Metro Area",metro,161256,62949,0.44032042453212344,1,0,3,779.816689197079,206.7870593613913,6.201319640819566,18.6039589224587
27100,"Jackson, MI Metro Area",metro,160187,65004,0.22989027418106095,0,0,0,701.8969886313494,228.22009866768852,0,0
26140,"Homosassa Springs, FL Metro Area",metro,158693,55355,0.2040040387467264,0,0,2,581.912390323676,272.709436401123,0,12.602950350677093
44300,"State College, PA Metro Area",metro,158041,72748,0.4649672384975852,0,0,4,1107.2589970306854,142.73173704057987,0,25.309887940471146
24300,"Grand Junction, CO Metro Area",metro,157316,71485,0.3062717675963174,0,0,2,3328.7210967157685,47.260192557199645,0,12.713265020722622
19460,"Decatur, AL Metro Area",metro,156924,63987,0.21598001345957057,0,0,1,1270.3533040543573,123.52784024662589,0,6.372511534245876
16540,"Chambersburg, PA Metro Area",metro,156626,74946,0.23952404650952358,0,0,1,772.2968693474041,202.80543171481452,0,6.384636011900962
11200,"Amherst Town-Northampton, MA Metro Area",metro,156595,86391,0.5112008960716857,0,0,2,527.2355763826267,297.0114442473728,0,12.771799865896101
42140,"Santa Fe, NM Metro Area",metro,155175,74689,0.44165445696289934,0,0,1,1910.3799252576493,81.22729827108701,0,6.44433703882713
18180,"Concord, NH Micro Area",micro,155018,93944,0.3807981296068248,0,0,2,932.8991591393831,166.1680134249526,0,12.901727541317783
33780,"Monroe, MI Metro Area",metro,155001,75272,0.23409284381735523,0,0,1,549.3531783047453,282.15182167202386,0,6.451571280185289
45900,"Traverse City, MI Metro Area",metro,154657,77495,0.3849955977090652,0,0,0,1690.974850459835,91.46026030957431,0,0
25620,"Hattiesburg, MS Metro Area",metro,154567,59008,0.29698413339254714,0,0,0,1609.8934797812644,96.01070005016788,0,0
12620,"Bangor, ME Metro Area",metro,153571,63248,0.3047624202729889,0,0,1,3397.1820399592493,45.20540795095047,0,6.511646079012313
35660,"Niles, MI Metro Area",metro,153411,63152,0.30249212525477115,0,0,0,567.7811146399433,270.1939110766041,0,0
47220,"Vineland, NJ Metro Area",metro,152915,64499,0.1794214715589206,0,0,3,483.3798916551783,316.3453892887269,0,19.618742438609686
25260,"Hanford-Corcoran, CA Metro Area",metro,152830,68750,0.13919095714061436,0,0,2,1390.9723782477133,109.87277848933896,0,13.086435909180135
22520,"Florence-Muscle Shoals, AL Metro Area",metro,152685,58049,0.24448347165963233,0,0,1,1260.9703208251408,121.08532411776953,0,6.549431836788159
20020,"Dothan, AL Metro Area",metro,151804,56772,0.20949134025861502,0,0,1,1716.2024936863513,88.45343166582259,0,6.587441701140945
30860,"Logan, UT-ID Metro Area",metro,151746,77520,0.3832381191537447,0,0,1,1827.705767344237,83.02539867809017,0,6.589959537648439
39660,"Rapid City, SD Metro Area",metro,151064,71985,0.3252852089635748,0,0,0,7804.64184177278,19.35566078016037,0,0
10780,"Alexandria, LA Metro Area",metro,150593,56492,0.20923261981996194,0,0,0,1967.8598821830115,76.52628185749803,0,0
27620,"Jefferson City, MO Metro Area",metro,150147,72425,0.30724827939032984,0,0,1,2247.728519495018,66.79943716411647,0,6.6601397297315295
18340,"Corbin, KY Micro Area",micro,149625,45067,0.16679463705628728,0,0,0,1727.2506339807098,86.62610802183734,0,0
46660,"Valdosta, GA Metro Area",metro,149139,54581,0.24515305008514912,0,0,2,1607.3679481100012,92.78460490353984,0,13.410308504147139
48660,"Wichita Falls, TX Metro Area",metro,148978,63618,0.24779793143663872,0,0,1,2619.640734953027,56.869630255872224,0,6.712400488662755
36837,"Ottawa, IL Micro Area",micro,147676,70941,0.19575368312717986,0,0,1,2164.306254286241,68.23248775793127,0,6.77158102873859
45500,"Texarkana, TX-AR Metro Area",metro,146868,55046,0.1993461758305673,0,0,1,2040.2342040095311,71.9858532473235,0,6.808835144483482
10500,"Albany, GA Metro Area",metro,146768,54219,0.2300757599120075,0,0,1,1590.9710361566101,92.25057946658472,0,6.813474326828736
49020,"Winchester, VA-WV Metro Area",metro,144676,82413,0.28114747618482944,0,0,2,1062.7295458896915,136.13623575213649,0,13.823992922115623
22380,"Flagstaff, AZ Metro Area",metro,144643,69748,0.3961938901319695,0,0,2,18616.352907504275,7.769674367404919,0,13.82714683738584
40580,"Rocky Mount, NC Metro Area",metro,144228,57437,0.20037430812726476,0,0,1,1045.8800160283363,137.90109552690066,0,6.9334664558892865
43580,"Sioux City, IA-NE-SD Metro Area",metro,144007,72027,0.23875488741348871,0,0,1,1597.9292955132526,90.12100873571202,0,6.944106883693154
18260,"Cookeville, TN Micro Area",micro,143819,53328,0.2206652832282057,0,0,1,1520.0818466305625,94.61266859991221,0,6.953184210709294
30140,"Lebanon, PA Metro Area",metro,143592,76350,0.23952162284906897,0,0,1,361.8352240234802,396.84361959929595,0,6.964176277229929
19140,"Dalton, GA Metro Area",metro,143400,65715,0.17718999163498905,0,0,1,634.9389217852433,225.8484951541567,0,6.97350069735007
39060,"Pottsville, PA Micro Area",micro,143259,66901,0.19120554307978735,0,0,1,778.5788240549105,184.00063753839834,0,6.980364235405804
34060,"Morgantown, WV Metro Area",metro,140724,62394,0.3948171728844602,0,0,3,1008.9059003440753,139.48178908658156,0,21.318325232369748
43300,"Sherman-Denison, TX Metro Area",metro,139988,70455,0.23733259991114308,0,0,2,932.8322167471264,150.06771580869207,0,14.28693888047547
48140,"Wausau, WI Metro Area",metro,138067,76185,0.2727197406713133,0,0,1,1545.19387542671,89.35254157791195,0,7.242860350409584
48540,"Wheeling, WV-OH Metro Area",metro,138015,58705,0.2286380346095221,0,0,2,943.3881211910275,146.2971569175114,0,14.491178495091113
48680,"Wildwood-The Villages, FL Metro Area",metro,137536,73297,0.3506630914113105,0,0,1,557.1440248812571,246.85896977772086,0,7.270823638901815
11360,"Anderson Creek, NC Micro Area",micro,136503,69012,0.23923067521471983,0,0,0,595.0659159589733,229.3913940273655,0,0
25500,"Harrisonburg, VA Metro Area",metro,136231,72145,0.3099053298015133,0,0,2,867.1290174378446,157.10580232054681,0,14.680946333800678
34900,"Napa, CA Metro Area",metro,136070,108970,0.3851712542289727,0,0,2,751.9750733527499,180.95014691553462,0,14.698317042698612
44220,"Springfield, OH Metro Area",metro,135445,60846,0.18535855509244417,0,0,2,395.87905289650155,342.13732454141916,0,14.766141238140941
21700,"Eureka-Arcata, CA Micro Area",micro,135418,61135,0.3208513824268677,0,0,1,3568.0245732865546,37.95321394753307,0,7.38454267527212
25220,"Hammond, LA Metro Area",metro,135218,57256,0.22228370732588737,0,0,1,791.1714907447973,170.9085850309239,0,7.395465100800189
27860,"Jonesboro, AR Metro Area",metro,134837,55478,0.24957839549370747,0,0,1,1465.4573448987765,92.01018403528735,0,7.416361977795412
13900,"Bismarck, ND Metro Area",metro,134286,83982,0.36076116061630303,0,0,0,4280.985954410424,31.368007610876134,0,0
12980,"Battle Creek, MI Metro Area",metro,133846,60385,0.22204047805984473,0,0,0,706.2619978591331,189.51324070348204,0,0
31740,"Manhattan, KS Metro Area",metro,133413,64096,0.3896706462424864,0,0,2,1835.045822275995,72.70281667110021,0,14.991042851895992
27780,"Johnstown, PA Metro Area",metro,132355,56292,0.22991992107555545,0,0,2,687.9631177148532,192.38676695290295,0,15.110876053039174
46180,"Tupelo, MS Micro Area",micro,132079,63188,0.2425824019969365,0,0,1,1397.7453657113508,94.49432152671197,0,7.5712263115256775
34580,"Mount Vernon-Anacortes, WA Metro Area",metro,130407,85474,0.2913493625395739,0,0,2,1730.2310268134784,75.36970380202186,0,15.336600029139541
10540,"Albany, OR Metro Area",metro,129794,73396,0.20774516476037846,0,0,2,2289.5075514458636,56.69079358049413,0,15.409032775012713
41540,"Salisbury, MD Metro Area",metro,128802,69592,0.26676144235750515,0,0,2,694.1782145864755,185.54601295969482,0,15.527709197062157
38340,"Pittsfield, MA Metro Area",metro,128047,72565,0.38260079571441996,0,0,1,926.8738098569881,138.14933450299668,0,7.809632400602904
17420,"Cleveland, TN Metro Area",metro,127445,63490,0.23170248644733418,0,0,1,763.3671623303321,166.95111643386448,0,7.846522029110597
30020,"Lawton, OK Metro Area",metro,127174,59060,0.2402014929902288,0,0,0,1701.9592263688037,74.72211909055582,0,0
21060,"Elizabethtown, KY Metro Area",metro,126480,67630,0.23336435277349132,0,0,0,884.9392930224687,142.92505824666625,0,0
24020,"Glens Falls, NY Metro Area",metro,126443,74953,0.28217884530071613,0,0,0,1698.4118884622987,74.44778316670784,0,0
27460,"Jamestown-Dunkirk, NY Micro Area",micro,126329,56507,0.2509742790335152,0,0,1,1060.4103580228405,119.13218222004483,0,7.915838801858639
44420,"Staunton-Stuarts Draft, VA Metro Area",metro,126052,70949,0.2616578621274376,0,0,2,1001.9637788993557,125.80494689984353,0,15.86646780693682
12300,"Augusta-Waterville, ME Micro Area",micro,125614,65062,0.308932073060568,0,0,0,867.4722444961341,144.8046329977533,0,0
43420,"Sierra Vista-Douglas, AZ Metro Area",metro,125458,58970,0.27657715188384363,0,0,1,6209.863235626978,20.20302142569379,0,7.970795007094009
11180,"Ames, IA Metro Area",metro,125261,71090,0.46776310278390526,0,0,1,1143.0050649923642,109.58919066630453,0,7.983330805278578
31900,"Mansfield, OH Metro Area",metro,125138,57649,0.17881391713167413,0,0,2,495.2268278945883,252.688249003013,0,15.982355479550577
33540,"Missoula, MT Metro Area",metro,124435,70888,0.4508598507341041,0,0,1,3812.628240212269,32.6375907012303,0,8.036324185317635
40080,"Richmond-Berea, KY Micro Area",micro,124287,58837,0.28197115682700297,0,0,1,1007.5768652853005,123.35237566694974,0,8.045893778110342
48300,"Wenatchee-East Wenatchee, WA Metro Area",metro,123251,79007,0.2733123162984735,0,0,1,4740.421342706473,26.00000951173502,0,8.113524433878833
35100,"New Bern, NC Micro Area",micro,122634,63380,0.25293353767680193,0,0,1,1514.455702655716,80.9756269430342,0,8.154345450690673
14580,"Bozeman, MT Metro Area",metro,122194,87454,0.5314217141413503,0,0,2,2605.352994072239,46.9011302030929,0,16.367415748727435
11020,"Altoona, PA Metro Area",metro,121854,60594,0.24084358362401323,0,0,1,525.06662009348,232.07340809115954,0,8.206542255486074
22140,"Farmington, NM Metro Area",metro,121178,53020,0.166460820639495,0,0,1,5517.231969840974,21.9635499580948,0,8.252323028932645
26090,"Holland, MI Micro Area",micro,120913,80255,0.2606627670946587,0,0,1,825.2530896753808,146.51626454081133,0,8.270409302556383
41660,"San Angelo, TX Metro Area",metro,120830,66037,0.2507685329839238,0,0,2,2573.8639174679456,46.94498383537979,0,16.552180749813786
34100,"Morristown, TN Metro Area",metro,120765,58130,0.205205252573051,0,0,1,436.34022204063325,276.7679757672077,0,8.280544859851778
41140,"St. Joseph, MO-KS Metro Area",metro,120609,62900,0.22939719041662657,0,0,1,1655.7143457311086,72.84408709205395,0,8.291255213126716
29940,"Lawrence, KS Metro Area",metro,119547,68756,0.5203068273319301,0,0,3,455.7658386315913,262.2991673946702,0,25.09473261562398
43100,"Sheboygan, WI Metro Area",metro,117783,71898,0.27319025100036376,0,0,0,511.5190934216297,230.26119946399547,0,0
24140,"Goldsboro, NC Metro Area",metro,117606,58082,0.2133420052541638,0,0,1,553.9219019812411,212.31512886447084,0,8.50296753566995
46300,"Twin Falls, ID Metro Area",metro,116909,66473,0.2103918683964157,0,0,1,2519.257060218705,46.40614165425847,0,8.553661394760027
31300,"Lumberton, NC Micro Area",micro,116858,40318,0.14559300409334963,0,0,0,947.2946676963703,123.3597147592682,0,0
49300,"Wooster, OH Micro Area",micro,116618,71769,0.24715299017374895,0,0,2,554.789055769063,210.20241619283766,0,17.150011147507247
11500,"Anniston-Oxford, AL Metro Area",metro,116141,55826,0.20545105370928562,0,0,1,605.8901857275322,191.686551021687,0,8.610223779716035
48060,"Watertown-Fort Drum, NY Metro Area",metro,116130,64978,0.25674553200610917,0,0,1,1267.9300126207916,91.59022883286839,0,8.611039352449842
48260,"Weirton-Steubenville, WV-OH Metro Area",metro,115566,57149,0.20718228736334135,0,0,2,579.9300217636907,199.2757671840116,0,17.306128099960194
41780,"Sandusky, OH Metro Area",metro,115099,70687,0.28145074788717456,0,0,1,505.9898394668692,227.47294712730363,0,8.688172790380454
15260,"Brunswick-St. Simons, GA Metro Area",metro,114345,64819,0.26164144708765685,0,0,1,1294.2176031842864,88.3506758976745,0,8.745463290917836
13220,"Beckley, WV Metro Area",metro,113653,52345,0.19653285567060902,0,0,1,1266.9312466457618,89.70731466360128,0,8.798711868582439
48700,"Williamsport, PA Metro Area",metro,113570,64412,0.24799029842349382,0,0,1,1228.9194563136432,92.41451863792025,0,8.805142203046579
45860,"Torrington, CT Micro Area",micro,112848,91035,0.39389920424403185,0,0,1,786.6417830775293,143.4553851926246,0,8.861477385509712
30340,"Lewiston-Auburn, ME Metro Area",metro,112323,67298,0.23440359341207787,0,0,1,467.95404709406176,240.02997879281585,0,8.902896112105267
36980,"Owensboro, KY Metro Area",metro,112322,65656,0.2466944059177069,0,0,1,710.9218482087936,157.99486298388692,0,8.902975374370113
33140,"Michigan City-La Porte, IN Metro Area",metro,112141,70452,0.2170821651385416,0,0,2,598.288814924328,187.43623013273896,0,17.834690256016977
34620,"Muncie, IN Metro Area",metro,112109,56932,0.25690477886190444,0,0,1,392.1094518074834,285.91251622019786,0,8.919890463745105
40700,"Roseburg, OR Micro Area",micro,111807,58983,0.18946672278001564,0,0,1,5035.675132500898,22.202981141174728,0,8.943983829277236
31020,"Longview-Kelso, WA Metro Area",metro,111539,72932,0.17006680600612922,0,0,1,1141.1587399140608,97.74187945876825,0,8.965473959780883
25850,"Hermitage, PA Micro Area",micro,109852,60614,0.25075908680904047,0,0,1,672.5383812669318,163.33937669558748,0,9.103156974838873
44980,"Sunbury, PA Micro Area",micro,109004,59922,0.2206953518059623,0,0,0,588.009351903936,185.37800401822207,0,0
28060,"Kalispell, MT Micro Area",micro,108445,71327,0.36034145336560747,0,0,1,5087.22271817688,21.31713235446151,0,9.221264235326663
32390,"Massena-Ogdensburg, NY Micro Area",micro,107796,61900,0.24640042703226622,0,0,0,2679.5256921082932,40.22950790040173,0,0
43320,"Show Low, AZ Micro Area",micro,107744,52752,0.17631494659443803,0,0,0,9949.491909829656,10.829095694178486,0,0
28100,"Kankakee, IL Metro Area",metro,106833,68325,0.20382697824694315,0,0,1,676.490114080099,157.92248515748534,0,9.36040362060412
48580,"Whitewater-Elkhorn, WI Micro Area",micro,105447,77359,0.3231722742221098,0,0,0,555.4334390361353,189.8463300714955,0,0
23900,"Gettysburg, PA Metro Area",metro,105183,81071,0.24765906849166994,0,0,0,518.6932734606261,202.78458461247894,0,0
44940,"Sumter, SC Metro Area",metro,104853,55990,0.23158454856616906,0,0,1,665.0782887184761,157.65512388329321,0,9.537161549979494
29300,"LaGrange, GA-AL Micro Area",micro,104271,53959,0.19757877420171258,0,0,1,1010.563244245936,103.18107312304352,0,9.590394261108074
22540,"Fond du Lac, WI Metro Area",metro,104053,73154,0.22610840814088948,0,0,0,719.5659504398266,144.60523032864296,0,0
42700,"Sebring, FL Metro Area",metro,103808,55581,0.19727933412013168,0,0,1,1017.6597131173703,102.00659283446298,0,9.633168927250308
31860,"Mankato, MN Metro Area",metro,103736,74722,0.34909728474624463,0,0,3,1196.3531137600473,86.71018515090883,0,28.919565049741653
24220,"Grand Forks, ND-MN Metro Area",metro,103669,68653,0.3421459468744632,0,0,0,3407.2246926260987,30.426229366193553,0,0
13020,"Bay City, MI Metro Area",metro,103235,60523,0.21403097886836642,0,0,1,442.40934411085,233.34724135965234,0,9.686637283866906
23460,"Gadsden, AL Metro Area",metro,103208,53070,0.1747691883698498,0,0,0,535.105454209981,192.87413198277756,0,0
37140,"Paducah, KY-IL Metro Area",metro,102924,62286,0.23777939181318605,0,0,1,1235.4538816782444,83.308654031009,0,9.715906882748435
27060,"Ithaca, NY Metro Area",metro,102879,73012,0.5924992684592125,0,0,1,474.64362220566335,216.749989227544,0,9.720156688925826
38240,"Pinehurst-Southern Pines, NC Metro Area",metro,102840,82837,0.40913144524916223,0,0,1,697.6155917565197,147.41642992964094,0,9.723842862699339
19500,"Decatur, IL Metro Area",metro,102591,62449,0.24126571182151088,0,0,1,580.5482469956204,176.71399497098807,0,9.747443732881052
46020,"Truckee-Grass Valley, CA Micro Area",micro,102452,84905,0.3946003256465599,0,0,0,957.7601107211261,106.97041863944494,0,0
19260,"Danville, VA Micro Area",micro,102387,48994,0.1655245906061996,0,0,1,1011.8053765891613,101.19238577793578,0,9.766864934024827
30620,"Lima, OH Metro Area",metro,101685,62001,0.1993422014325391,0,0,2,402.5452410281529,252.60514753641925,0,19.668584353641148
41400,"Salem, OH Micro Area",micro,101203,58474,0.1603532768199626,0,0,2,531.9169090702892,190.26091909145666,0,19.762260012054977
16940,"Cheyenne, WY Metro Area",metro,100661,77884,0.32040919973880866,0,0,1,2685.8636953356518,37.47807462262914,0,9.93433405191683
34180,"Moses Lake, WA Micro Area",micro,100428,71115,0.18164513058768492,0,0,1,2679.5470833261857,37.47946831198664,0,9.957382403313817
43140,"Shelby-Kings Mountain, NC Micro Area",micro,100170,55769,0.210712736735579,0,0,1,464.2494686973679,215.76761365191396,0,9.98302885095338
26300,"Hot Springs, AR Metro Area",metro,100062,55409,0.26246503208820143,0,0,1,677.6145528328314,147.6680209739909,0,9.993803841618197
14140,"Bluefield, WV-VA Micro Area",micro,98995,46906,0.1891891891891892,0,0,0,937.7529841247032,105.56617966126947,0,0
40660,"Rome, GA Metro Area",metro,98985,62540,0.24946125595653626,0,0,1,509.8331509328821,194.15175301739265,0,10.102540789008435
20220,"Dubuque, IA Metro Area",metro,98948,75919,0.32864590375745556,0,0,1,608.2985527682597,162.66354662477013,0,10.106318470307636
10300,"Adrian, MI Micro Area",micro,98823,67013,0.22273211151710448,0,0,1,749.6379367548526,131.8276399241481,0,10.119101828521702
42940,"Sevierville, TN Micro Area",micro,98802,63829,0.21438838782412628,0,0,1,592.5123212245171,166.75096274084325,0,10.121252606222546
10700,"Albertville, AL Micro Area",micro,98712,60946,0.21326409905827048,0,0,0,565.8450057517832,174.4505986561655,0,0
47020,"Victoria, TX Metro Area",metro,98377,69618,0.19630697503220662,0,0,0,1734.0977661862703,56.73094211773104,0,0
16020,"Cape Girardeau, MO-IL Metro Area",metro,97813,67267,0.3037256430241621,0,0,1,1431.8148977911717,68.3139979552482,0,10.223589911361476
14660,"Brainerd, MN Micro Area",micro,97801,69311,0.2758268509709553,0,0,1,3019.822901812472,32.38633627862769,0,10.224844326745126
18700,"Corvallis, OR Metro Area",metro,96359,76011,0.5435689533358006,0,0,2,675.208437925995,142.71000566281617,0,20.75571560518478
39480,"Putnam, CT Micro Area",micro,95829,87564,0.26159024335286163,0,0,1,553.8949215485009,173.00934937640315,0,10.435254463680097
21820,"Fairbanks-College, AK Metro Area",metro,95555,84722,0.3370856274609113,0,0,0,7334.752162240622,13.027706715424975,0,0
19060,"Cumberland, MD-WV Micro Area",micro,94684,59413,0.21612166849485637,0,0,1,750.0805094429566,126.23178286597073,0,10.561446495712053
24940,"Greenwood, SC Micro Area",micro,93681,51044,0.2388176537817231,0,0,1,946.7988727562151,98.94498472234798,0,10.674523115679808
18500,"Corning, NY Micro Area",micro,93034,64740,0.26021209740769835,0,0,1,1390.5077046859494,66.90649730776718,0,10.748758518391126
38210,"Pikeville, KY Micro Area",micro,92808,42014,0.156607912852712,0,0,0,1179.5222913204802,78.68270119431236,0,0
35420,"New Philadelphia-Dover, OH Micro Area",micro,92585,64494,0.19591836734693877,0,0,1,567.5653642286412,163.12658565032262,0,10.800885672625155
25740,"Helena, MT Metro Area",metro,92391,74040,0.4003927789107939,0,0,1,6307.736915827,14.647250072871296,0,10.823565065861393
25840,"Hermiston-Pendleton, OR Micro Area",micro,92336,69037,0.16963962481487577,0,0,2,5245.979008374676,17.60129040787142,0,21.66002425922717
44340,"Statesboro, GA Micro Area",micro,92112,56172,0.28734942019739557,0,0,1,858.8572709702518,107.24948499992438,0,10.856348792774014
45180,"Talladega-Sylacauga, AL Micro Area",micro,91493,56331,0.16588433669051633,0,0,0,1387.72614983163,65.93015488762005,0,0
46380,"Ukiah, CA Micro Area",micro,90709,64688,0.24923685784847602,0,0,1,3506.806388775275,25.866554906009345,0,11.024264405957513
17220,"Clarksburg, WV Micro Area",micro,89717,58376,0.23101932127817687,0,0,0,908.5021679887171,98.75265372081557,0,0
18980,"Cullman, AL Micro Area",micro,89463,60916,0.1908653846153846,0,0,1,734.7392575481747,121.76156246031834,0,11.17780534969764
37620,"Parkersburg-Vienna, WV Metro Area",metro,88960,56029,0.2255345813425237,0,0,1,599.0108016364601,148.51151224146014,0,11.241007194244604
13180,"Beaver Dam, WI Micro Area",micro,88818,73992,0.1992200851381164,0,0,0,875.6989521469271,101.42526696217615,0,0
38540,"Pocatello, ID Metro Area",metro,88457,64080,0.3020585278086469,0,0,1,1112.4888318502744,79.51270832344417,0,11.304927818035882
24420,"Grants Pass, OR Metro Area",metro,88069,59097,0.19713916153085292,0,0,1,1638.6487422909445,53.744892195061546,0,11.354733220542984
32940,"Meridian, MS Micro Area",micro,87408,49156,0.20514061587248603,0,0,0,1395.250142673435,62.64683107827373,0,0
31260,"Lufkin, TX Micro Area",micro,86791,58847,0.1801276079658306,0,0,0,797.8649793878784,108.77905691083974,0,0
36020,"Oak Harbor, WA Micro Area",micro,86747,88358,0.35735045940371274,0,0,0,208.47351071430208,416.1056227372719,0,0
49780,"Zanesville, OH Micro Area",micro,86382,59203,0.203242147922999,0,0,2,664.5458407143035,129.9865181717941,0,23.15297168391563
48020,"Watertown-Fort Atkinson, WI Micro Area",micro,85867,80604,0.28128462545747573,0,0,0,556.4922940901068,154.30042951519553,0,0
24500,"Great Falls, MT Metro Area",metro,84601,66203,0.2873687833419377,0,0,1,2698.20553268872,31.354542482053404,0,11.820191250694437
25980,"Hinesville, GA Metro Area",metro,84338,60329,0.1832027236648603,0,0,1,916.861611770102,91.98552858721638,0,11.857051388460718
40780,"Russellville, AR Micro Area",micro,84025,54936,0.22066993611900323,0,0,1,1741.3379021265082,48.25312760802446,0,11.90121987503719
16500,"Centralia, WA Micro Area",micro,83925,69690,0.20150599392259658,0,0,1,2402.7814405680806,34.92827045482669,0,11.915400655347035
11980,"Athens, TX Micro Area",micro,83658,63955,0.20212119165034115,0,0,0,873.7730869351366,95.74339293676397,0,0
33220,"Midland, MI Metro Area",metro,83641,77538,0.3634928631402183,0,0,0,517.8590661560991,161.51305531993518,0,0
29020,"Kokomo, IN Metro Area",metro,83610,62496,0.19979610878805681,0,0,2,293.07417245247507,285.2861420723049,0,23.92058366224136
36700,"Orangeburg, SC Micro Area",micro,83531,43214,0.19362033562274306,0,0,1,1106.379343571581,75.4994211391797,0,11.971603356837582
26860,"Indiana, PA Micro Area",micro,83213,58739,0.26918557685246386,0,0,1,827.3935218953574,100.57245772166459,0,12.017353057815486
32740,"Meadville, PA Micro Area",micro,83189,60254,0.21224073444406663,0,0,1,1012.3552432061166,82.17372365904033,0,12.020820060344517
29860,"Laurel, MS Micro Area",micro,83050,49867,0.18592123462182428,0,0,0,1371.1550235649538,60.569372953958904,0,0
18020,"Columbus, IN Metro Area",metro,82881,80365,0.353804978142564,0,0,1,406.9396523214155,203.66901953938276,0,12.065491487795756
21300,"Elmira, NY Metro Area",metro,82805,63469,0.2688530760281941,0,0,0,407.33331358806896,203.2856072355026,0,0
44660,"Stillwater, OK Micro Area",micro,82290,48937,0.4010511014201051,0,0,1,684.9011557817538,120.14872409738201,0,12.152144853566654
36660,"Opelousas, LA Micro Area",micro,82128,45637,0.14329862151633205,0,0,0,924.0289566425848,88.8803315194885,0,0
28580,"Key West-Key Largo, FL Micro Area",micro,81840,82430,0.3780058605559776,0,0,0,983.0336564749713,83.25249035060246,0,0
31820,"Manitowoc, WI Micro Area",micro,81314,68611,0.2223185449600544,0,0,0,589.3020284946405,137.98357390303727,0,0
27600,"Jefferson, GA Micro Area",micro,80640,85012,0.27308711981736505,0,0,1,339.5757847706876,237.47276341996954,0,12.40079365079365
47700,"Warsaw, IN Micro Area",micro,80357,73922,0.24623886445126233,0,0,0,531.4462011178886,151.2043925254717,0,0
16220,"Casper, WY Metro Area",metro,79735,71247,0.2737014299893394,0,0,0,5340.537156365556,14.930146100558689,0,0
42860,"Seneca, SC Micro Area",micro,79566,60193,0.2851701935065157,0,0,1,626.5653802557418,126.98754592461519,0,12.568182389462836
40090,"Rifle, CO Micro Area",micro,79153,90267,0.4087122938120842,0,0,0,3918.1266971144514,20.201745915539973,0,0
33910,"Monticello, NY Micro Area",micro,79147,69826,0.2968562256774448,0,0,0,968.1450414071593,81.7511804687478,0,0
38460,"Plattsburgh, NY Micro Area",micro,78961,69208,0.2682087241599126,0,0,1,1037.7511057377017,76.08857226306623,0,12.664479933131545
20180,"DuBois, PA Micro Area",micro,78902,60181,0.20057063279100573,0,0,0,1145.0599937310137,68.90643322792997,0,0
48980,"Wilson, NC Micro Area",micro,78648,51381,0.20263853217789768,0,0,1,367.57422952030464,213.96494553668245,0,12.714881497304447
25720,"Heber, UT Micro Area",micro,78517,125583,0.5359506559624045,0,0,1,3047.6257560888957,25.76333391431994,0,12.736095367882115
26660,"Huntsville, TX Micro Area",micro,78292,49862,0.21432115729608,0,0,1,784.2222600010315,99.83394248449034,0,12.772697082715986
38820,"Port Angeles, WA Micro Area",micro,77593,67999,0.3069086225686074,0,0,1,1738.7733752955337,44.62513695139355,0,12.887760493858982
42620,"Searcy, AR Micro Area",micro,77395,53435,0.198029711325235,0,0,1,1033.965781024377,74.85257386692501,0,12.920731313392338
28300,"Keene, NH Micro Area",micro,76945,81001,0.35315413159561954,0,0,1,706.70874585598,108.87795071334888,0,12.996296055624148
33500,"Minot, ND Metro Area",metro,76773,79195,0.2876651716578508,0,0,0,4764.213913321788,16.114515720069967,0,0
17060,"Chillicothe, OH Micro Area",micro,76748,59819,0.17105792805650089,0,0,2,689.1657487184372,111.36363079958558,0,26.059310991817377
24260,"Grand Island, NE Metro Area",metro,76619,67397,0.20893756142567743,0,0,1,1603.5904141660326,47.779657026602194,0,13.05159294691917
36460,"Olean, NY Micro Area",micro,76479,58248,0.20673885518831378,0,0,1,1308.1824796485264,58.46202742338199,0,13.07548477359798
10140,"Aberdeen, WA Micro Area",micro,76397,63539,0.17621113908680203,0,0,0,1901.4629101907344,40.17801219816413,0,0
23180,"Frankfort, KY Micro Area",micro,75661,68277,0.2990459998110891,0,0,1,410.1680667561057,184.4634093491963,0,13.216848838899828
12180,"Auburn, NY Micro Area",micro,75464,66583,0.23878642366037325,0,0,1,691.5891096503915,109.11681364986815,0,13.251351637867062
39500,"Quincy, IL-MO Micro Area",micro,75111,63470,0.256793768574814,0,0,0,1360.1689785363533,55.22181521947753,0,0
22300,"Findlay, OH Micro Area",micro,74885,69699,0.29732306135948017,0,0,2,531.3221630967256,140.94085509918284,0,26.707618348133806
37260,"Palatka, FL Micro Area",micro,74235,47256,0.14094667646117046,0,0,0,728.3541780429255,101.92156815722278,0,0
49220,"Wisconsin Rapids-Marshfield, WI Micro Area",micro,74039,66417,0.2142358029121263,0,0,0,793.0172617665029,93.36366756389742,0,0
28180,"Kapaa, HI Micro Area",micro,73610,93612,0.30235888160373803,0,0,0,619.8396775651607,118.75651505426859,0,0
38220,"Pine Bluff, AR Micro Area",micro,73271,48727,0.20172091729263542,0,0,0,1470.256037970769,49.83553755788537,0,0
43740,"Somerset, PA Micro Area",micro,73255,59378,0.17285006917643633,0,0,1,1075.0471889231956,68.1411948747801,0,13.650945327963962
19180,"Danville, IL Micro Area",micro,73179,54537,0.16232939397556803,0,0,0,898.3187714325068,81.46217392663952,0,0
26020,"Hobbs, NM Micro Area",micro,73154,68750,0.15277333211395125,0,0,0,4391.551635733185,16.657893625742755,0,0
39020,"Portsmouth, OH Micro Area",micro,73118,49571,0.17951033710953607,0,0,0,610.1459403997032,119.83690320401182,0,0
43060,"Shawnee, OK Micro Area",micro,73011,60828,0.20998561742346414,0,0,0,787.793438557523,92.67784729673005,0,0
22840,"Fort Payne, AL Micro Area",micro,71946,51149,0.13880406074612084,0,0,0,777.0770275852734,92.58541617626823,0,0
45620,"Thomasville, GA Micro Area",micro,71752,58186,0.20623579749012222,0,0,0,999.09494449378,71.8169983698148,0,0
34340,"Mount Airy, NC Micro Area",micro,71407,56095,0.1940127790486708,0,0,0,532.6440707096529,134.06138156173026,0,0
23700,"Gallup, NM Micro Area",micro,71172,44496,0.12461770311599663,0,0,0,5451.063402372145,13.056534981601573,0,0
24640,"Greenfield, MA Micro Area",micro,70922,72584,0.4030131826741996,0,0,0,699.2078091045754,101.43193350604115,0,0
24620,"Greeneville, TN Micro Area",micro,70919,54071,0.17679611839669518,0,0,0,622.1687735856054,113.98675570181459,0,0
29380,"Lake City, FL Micro Area",micro,70755,55070,0.16345140633865607,0,0,1,797.3770528236132,88.73468298272138,0,14.133276800226133
44620,"Stevens Point-Plover, WI Micro Area",micro,70375,73284,0.3369664336271658,0,0,0,800.8735515005898,87.87279823155475,0,0
28900,"Klamath Falls, OR Micro Area",micro,69812,59353,0.21512216864540704,0,0,1,5949.896531764388,11.733313281550105,0,14.324184953876125
37060,"Oxford, MS Micro Area",micro,69359,61617,0.3745776424118403,0,0,2,1098.8479734758319,63.11974146942856,0,28.835479173575166
35340,"New Iberia, LA Micro Area",micro,69194,57811,0.1465431908668969,0,0,0,574.7410407996043,120.39161133113853,0,0
33980,"Morehead City, NC Micro Area",micro,68652,70235,0.3233756108691932,0,0,1,507.60415961909575,135.24711864362223,0,14.566218027151429
18060,"Columbus, MS Micro Area",micro,68323,51587,0.24267828459524282,0,0,0,1200.6067255652383,56.907060859445004,0,0
10460,"Alamogordo, NM Micro Area",micro,68235,52717,0.2159534360738144,0,0,0,6612.561614037681,10.318996477120942,0,0
17340,"Clearlake, CA Micro Area",micro,68139,58738,0.17743946050883824,0,0,0,1255.0820185039383,54.29047583776389,0,0
37020,"Owosso, MI Micro Area",micro,68061,64464,0.19489415975807944,0,0,0,530.9669313501212,128.18312399783025,0,0
22060,"Faribault-Northfield, MN Micro Area",micro,67389,82792,0.2969895166527507,0,0,0,495.84539791574565,135.9072813487134,0,0
39940,"Rexburg, ID Micro Area",micro,67279,60690,0.3400907494145199,0,0,1,2333.226689600517,28.835175038872524,0,14.863478945882072
11940,"Athens, TN Micro Area",micro,67211,59361,0.16398007033997655,0,0,0,625.2519024112431,107.49427509265493,0,0
25020,"Guayama, PR Metro Area",metro,67171,20430,0.23345703798341141,0,0,0,126.65021191931264,530.3662661282704,0,0
43220,"Shelton, WA Micro Area",micro,66968,78359,0.22006446250836187,0,0,0,959.5533313085365,69.79080559146847,0,0
17580,"Clovis, NM Micro Area",micro,66934,55193,0.2130658184487399,0,0,1,3851.574737924183,17.378346404897822,0,14.94009023814504
32060,"Marion-Herrin, IL Micro Area",micro,66902,65521,0.2745726718161188,0,0,1,420.21003177501075,159.21085871605447,0,14.947236256016263
22100,"Farmington, MO Micro Area",micro,66864,54813,0.15983763335741913,0,0,0,451.8862505511657,147.96644048905222,0,0
34780,"Muskogee, OK Micro Area",micro,66471,51999,0.19029117441098736,0,0,0,810.6400233628872,81.99817191883692,0,0
32100,"Marquette, MI Micro Area",micro,66430,64675,0.3583194563211666,0,0,0,1809.0511581537726,36.72090736659717,0,0
31980,"Marion, IN Micro Area",micro,66377,54007,0.20381480124564938,0,0,0,414.0885554103953,160.2966301114384,0,0
39980,"Richmond, IN Micro Area",micro,66377,56652,0.20215841627860784,0,0,2,401.7544964714143,165.217814817221,0,30.130918842370097
35900,"North Wilkesboro, NC Micro Area",micro,65983,50438,0.16667715082510326,0,0,0,753.6777051073026,87.54803220642684,0,0
40100,"Rio Grande City-Roma, TX Micro Area",micro,65809,38182,0.132970175677516,0,0,0,1223.179063937865,53.80160758158869,0,0
12660,"Baraboo, WI Micro Area",micro,65759,77648,0.26493158383951926,0,0,0,831.5868473234034,79.07652725828453,0,0
46100,"Tullahoma-Manchester, TN Micro Area",micro,65551,61256,0.23119528318742183,0,0,0,558.1860570780767,117.43575313066447,0,0
39780,"Red Bluff, CA Micro Area",micro,65520,61834,0.18843192237503895,0,0,0,2949.1368514429205,22.216669927658025,0,0
43700,"Somerset, KY Micro Area",micro,65503,50943,0.1791311846502102,0,0,0,658.09950185447,99.53358088771981,0,0
40260,"Roanoke Rapids, NC Micro Area",micro,65431,45823,0.1643968257309449,0,0,1,1260.4484408231513,51.910889712608544,0,15.283275511607647
31940,"Marinette, WI-MI Micro Area",micro,65202,60185,0.1894941634241245,0,0,0,2443.509041823362,26.683756386408067,0,0
32020,"Marion, OH Micro Area",micro,65145,57306,0.13698391625133305,0,0,1,403.80699006374977,161.32707358462378,0,15.35037224652698
14100,"Bloomsburg-Berwick, PA Micro Area",micro,65055,61992,0.24877959760937998,0,0,1,483.2594254650845,134.61713641154884,0,15.371608638844055
30300,"Lewiston, ID-WA Metro Area",metro,64901,70694,0.25893805693471805,0,0,0,1484.395903269224,43.722163243015196,0,0
34860,"Nacogdoches, TX Micro Area",micro,64897,51528,0.2650526149220666,0,0,1,946.3236269451446,68.57801934999334,0,15.409032775012713
22580,"Forest City, NC Micro Area",micro,64850,49771,0.2068416020397323,0,0,1,565.4370621801812,114.69004127524808,0,15.420200462606013
18300,"Coos Bay-North Bend, OR Micro Area",micro,64832,60313,0.21691889794334498,0,0,0,1596.0435903313858,40.62044444947708,0,0
41820,"Sanford, NC Micro Area",micro,64565,63060,0.2161384601333455,0,0,1,255.06774044611348,253.128835057996,0,15.488267637264773
34380,"Mount Pleasant, MI Micro Area",micro,64475,53759,0.3080400209476034,0,0,1,572.7004032462528,112.58067854419983,0,15.509887553315238
40740,"Roswell, NM Micro Area",micro,64446,52029,0.18200004763152255,0,0,0,6067.177354339284,10.622072874449238,0,0
14940,"Brigham City, UT-ID Micro Area",micro,64406,77315,0.2667077935430804,0,0,0,6980.254654142022,9.226884002259435,0,0
29060,"Laconia, NH Micro Area",micro,64300,87983,0.3257467120088499,0,0,0,401.8474606047516,160.01096511405873,0,0
34680,"Murrells Inlet, SC Micro Area",micro,64200,66734,0.3249164119710365,0,0,1,813.6005647531719,78.90849979864116,0,15.576323987538942
24180,"Granbury, TX Micro Area",micro,64198,86802,0.32406891527021814,0,0,1,420.73833226979565,152.58414809429215,0,15.576809246393967
32300,"Martinsville, VA Micro Area",micro,63949,47021,0.16737297391760234,0,0,1,393.3065441756024,162.59327729733434,0,15.637461101815507
10620,"Albemarle, NC Micro Area",micro,63557,61631,0.1969853072925999,0,0,0,395.0802476849981,160.87111510235437,0,0
34540,"Mount Vernon, OH Micro Area",micro,62888,73988,0.24345291155708676,0,0,1,525.4990989128518,119.67289787956284,0,15.901284823813764
18900,"Crossville, TN Micro Area",micro,62529,58475,0.18495356037151703,0,0,0,681.3063203599031,91.77810058619268,0,0
48200,"Waynesville, NC Micro Area",micro,62432,61001,0.29401807063204893,0,0,0,553.5600126751161,112.78271293168946,0,0
21420,"Enid, OK Metro Area",metro,62322,67302,0.22301160977300294,0,0,0,1058.507301796069,58.877250911970464,0,0
47460,"Walla Walla, WA Metro Area",metro,62102,72212,0.3008780487804878,0,0,1,1270.0329948618953,48.89794221980275,0,16.102540980966797
37580,"Paris, TX Micro Area",micro,62042,57315,0.1959709948937956,0,0,0,1951.2266757085615,31.796408265826056,0,0
26740,"Hutchinson, KS Micro Area",micro,61693,60498,0.20548978918077632,0,0,0,1255.3076874935925,49.14571990169135,0,0
11900,"Athens, OH Micro Area",micro,61573,53837,0.35426465329922713,0,0,2,503.6430302376948,122.2552409212147,0,32.48176960680818
44260,"Starkville, MS Micro Area",micro,61415,46930,0.40503577574495064,0,0,1,879.3971042592933,69.837619094424,0,16.282667100871123
26460,"Hudson, NY Micro Area",micro,61245,83619,0.3809222327740846,0,0,0,634.6634212926947,96.4999682434116,0,0
16100,"Carlsbad-Artesia, NM Micro Area",micro,61114,79605,0.1982151362462711,0,0,0,4176.346587166379,14.63336404784963,0,0
44780,"Sturgis, MI Micro Area",micro,60870,64707,0.17125545322346097,0,0,0,500.63951567715884,121.58448962557019,0,0
40860,"Rutland, VT Micro Area",micro,60484,64778,0.3353452867033552,0,0,1,930.5502309815623,64.99810325789754,0,16.533298062297465
22260,"Fergus Falls, MN Micro Area",micro,60281,70912,0.27369371873262927,0,0,1,1971.6347879295863,30.574120708887005,0,16.588974967236773
16260,"Cedar City, UT Micro Area",micro,60201,65527,0.3030623330103644,0,0,1,3296.166654602905,18.263943030894026,0,16.611019750502486
42380,"Sayre, PA Micro Area",micro,59971,62482,0.21209129586535974,0,0,0,1147.3754811947767,52.26798112990129,0,0
12740,"Barre, VT Micro Area",micro,59958,79853,0.470053743851339,0,0,1,687.0599367346131,87.26749559137757,0,16.67834150572067
36580,"Oneonta, NY Micro Area",micro,59738,67086,0.33852229299363057,0,0,0,1001.7375813358465,59.63438041361853,0,0
25770,"Hemlock Farms, PA Micro Area",micro,59691,79318,0.288707182320442,0,0,0,544.8954111221769,109.54579315885637,0,0
41460,"Salina, KS Micro Area",micro,59583,63998,0.2860655536157761,0,0,1,1440.976698537817,41.349037816128366,0,16.783310675863923
31930,"Marietta, OH Micro Area",micro,59318,61355,0.20702693816200474,0,0,1,631.9740313402443,93.86145167104844,0,16.858289220809873
20140,"Dublin, GA Micro Area",micro,58811,50316,0.16335722106101325,0,0,0,1110.3546251415032,52.96596120586713,0,0
23380,"Fremont, OH Micro Area",micro,58770,62500,0.19105330101514315,0,0,1,408.2455123703252,143.9574918013769,0,17.015484090522374
35940,"Norwalk, OH Micro Area",micro,58412,65972,0.1694463980709334,0,0,1,492.24304933199096,118.66495642603641,0,17.119769910292405
16180,"Carson City, NV Metro Area",metro,58364,71809,0.2450615380967061,0,0,1,144.534011393589,403.80806868402476,0,17.13384963333562
15660,"Calhoun, GA Micro Area",micro,58336,61997,0.17651946220857043,0,0,1,356.4430347906115,163.6614951229692,0,17.14207350521119
12860,"Batavia, NY Micro Area",micro,57943,72055,0.23613904050560183,0,0,1,492.97640752489787,117.53706488899994,0,17.25834009284987
36620,"Ontario, OR-ID Micro Area",micro,57891,59225,0.17371297095197008,0,0,1,10294.599836213149,5.6234337342922025,0,17.273842220725157
37300,"Palestine, TX Micro Area",micro,57825,58846,0.14536875134733765,0,0,0,1062.6167805071507,54.417548321043924,0,0
20580,"Eagle Pass, TX Metro Area",metro,57770,51270,0.15327175673244167,0,0,0,1279.4762173637932,45.15128864140057,0,0
25775,"Henderson, KY Micro Area",micro,57366,58404,0.17621942030441554,0,0,0,768.3870958002198,74.65768271428016,0,0
28260,"Kearney, NE Micro Area",micro,57020,75141,0.3441592748102216,0,0,1,1484.4369389788435,38.41187086008822,0,17.537706068046298
38100,"Picayune, MS Micro Area",micro,56781,56535,0.15958621043714866,0,0,0,811.3192647050415,69.98601225208546,0,0
14700,"Branson, MO Micro Area",micro,56382,58258,0.25378670788253477,0,0,0,632.2631118179149,89.17490036369134,0,0
23500,"Gaffney, SC Micro Area",micro,56299,49047,0.18403807146200654,0,0,1,392.9635066934728,143.26775652456567,0,17.762304836675607
20420,"Durango, CO Micro Area",micro,56088,85296,0.47259687171076786,0,0,0,1689.6816066850593,33.19441945635991,0,0
21900,"Fairmont, WV Micro Area",micro,56042,67537,0.25839272802396446,0,0,1,308.78495114018114,181.49200533596678,0,17.843760037115022
28680,"Kingsland, GA Micro Area",micro,56036,72399,0.2243317718379719,0,0,0,630.2722482382361,88.90761120552939,0,0
48180,"Waycross, GA Micro Area",micro,55954,49037,0.16171013570822731,0,0,1,1239.6960127357497,45.13525850302707,0,17.871823283411373
34420,"Mount Pleasant, TX Micro Area",micro,55950,56163,0.16427762587344988,0,0,0,854.138608381488,65.50459076662038,0,0
21220,"Elko, NV Micro Area",micro,55512,83305,0.1755600476282779,0,0,1,21348.989701346545,2.6002167210984553,0,18.014123072488832
20780,"Edwards, CO Micro Area",micro,55374,103174,0.5026926834155749,0,0,0,1684.4701669306119,32.87324470750393,0,0
44580,"Sterling, IL Micro Area",micro,55192,64536,0.2007212776919114,0,0,0,684.0992486255082,80.6783520240546,0,0
19220,"Danville, KY Micro Area",micro,55123,56209,0.21928377587399564,0,0,0,513.2390646380227,107.40219090469498,0,0
23980,"Glasgow, KY Micro Area",micro,55042,49004,0.16917984553144538,0,0,0,777.016386766347,70.83763088840935,0,0
28820,"Kinston, NC Micro Area",micro,54917,44795,0.15811685758473354,0,0,0,399.08677650261495,137.6066640976268,0,0
43760,"Sonora, CA Micro Area",micro,54873,72259,0.23944468298268212,0,0,0,2220.9110589314637,24.70742796264916,0,0
45660,"Tiffin, OH Micro Area",micro,54861,65020,0.20712358337830544,0,0,1,551.0263605032535,99.5614800531418,0,18.227885018501304
14380,"Boone, NC Micro Area",micro,54607,51367,0.47664689854143294,0,0,1,312.4395984196236,174.77618162426322,0,18.312670536744374
35020,"Natchez, MS-LA Micro Area",micro,54550,38706,0.1875133689839572,0,0,0,1679.4165599470648,32.48151846360227,0,0
17620,"Coamo, PR Micro Area",micro,54358,21780,0.24890135809519082,0,0,0,112.06286464380719,485.06702173621375,0,0
47660,"Warrensburg, MO Micro Area",micro,54331,67123,0.29101647497668637,0,0,1,829.2609829780262,65.517371629963293,0,18.405698404225948
21460,"Enterprise, AL Micro Area",micro,54231,64672,0.21528831562974204,0,0,0,678.9861008280845,79.87055984483398,0,0
22780,"Fort Leonard Wood, MO Micro Area",micro,53850,66435,0.27896543520375217,0,0,0,547.112389639503,98.42584635212195,0,0
32620,"McComb, MS Micro Area",micro,53794,41963,0.15152377429360042,0,0,0,813.1130130941026,66.15808520306433,0,0
18620,"Corsicana, TX Micro Area",micro,53735,59310,0.1707195593577874,0,0,0,1009.7020503310342,53.21866978717414,0,0
37740,"Payson, AZ Micro Area",micro,53610,59089,0.1884718899521531,0,0,1,4757.577302932097,11.268340288860914,0,18.653236336504385
36180,"Ocean Pines, MD Micro Area",micro,53279,81455,0.3267351169908184,0,0,2,468.40231710561795,113.7462349230573,0,37.5382420841232
37220,"Pahrump, NV Micro Area",micro,53207,55975,0.12673745173745174,0,0,1,18181.913280675253,2.9263696938072714,0,18.79451951810852
28500,"Kerrville, TX Micro Area",micro,53166,67927,0.31213207064243664,0,0,0,1103.3323234059171,48.186751056000894,0,0
17500,"Clewiston, FL Micro Area",micro,53122,48979,0.11259776536312849,0,0,0,1962.7718507171062,27.064785945748955,0,0
12780,"Bartlesville, OK Micro Area",micro,52895,61205,0.3045805570269592,0,0,0,415.523734199691,127.2971809946719,0,0
42460,"Scottsboro, AL Micro Area",micro,52839,49454,0.1555027711797308,0,0,0,1078.014463935126,49.0151122899774,0,0
24100,"Gloversville, NY Micro Area",micro,52787,62615,0.2115566037735849,0,0,0,495.45968263151605,106.54146412001563,0,0
16060,"Carbondale, IL Micro Area",micro,52706,45572,0.3505219469249151,0,0,0,583.5700905978291,90.31648614137536,0,0
11740,"Ashland, OH Micro Area",micro,52296,64991,0.22064225289403383,0,0,1,422.9858012745858,123.63535570796024,0,19.121921370659322
38420,"Platteville, WI Micro Area",micro,51678,64349,0.2456242707117853,0,0,0,1146.8767179012264,45.059769017345,0,0
24820,"Greenville, OH Micro Area",micro,51655,64654,0.16483175248419152,0,0,1,598.1021812490097,86.36484135892879,0,19.359210144226115
40300,"Rochelle, IL Micro Area",micro,51536,79244,0.2404140464132673,0,0,0,758.6535789154647,67.93087310505202,0,0
20060,"Douglas, GA Micro Area",micro,51422,48038,0.12917933130699089,0,0,0,934.9657585879806,54.998805600816205,0,0
23820,"Gardnerville Ranchos, NV-CA Micro Area",micro,51319,88659,0.32344573365329904,0,0,1,1448.8775517969464,35.41983236357859,0,19.48596036555662
43180,"Shelbyville, TN Micro Area",micro,51291,62197,0.16909245321697366,0,0,0,473.6391442352992,108.29130282888768,0,0
27380,"Jacksonville, TX Micro Area",micro,51143,59830,0.18458053888692788,0,0,0,1052.9548963836748,48.57093136244323,0,0
35440,"Newport, OR Micro Area",micro,50632,61314,0.2881086000303352,0,0,0,980.9826316152471,51.613553969484,0,0
45700,"Tifton, GA Micro Area",micro,50237,50810,0.18519186815830627,0,0,0,546.3075577594061,91.95735860956985,0,0
32380,"Mason City, IA Micro Area",micro,50165,66394,0.23639545542931747,0,0,0,968.4233191325346,51.80069398260185,0,0
36340,"Oil City, PA Micro Area",micro,50096,61626,0.19652744181046067,0,0,0,674.2647818564697,74.2972217265589,0,0
43460,"Sikeston, MO Micro Area",micro,50046,55225,0.19779192709854548,0,0,0,831.6015755763451,60.180261160899555,0,0
49100,"Winona, MN Micro Area",micro,49705,70198,0.3205793757610716,0,0,1,626.1770564653287,79.37850722378256,0,20.118700331958557
37120,"Ozark, AL Micro Area",micro,49516,53955,0.19327855284937337,0,0,0,561.1130639514789,88.24602951016267,0,0
11220,"Amsterdam, NY Micro Area",micro,49461,62923,0.20515367535351176,0,0,1,403.1109760577241,122.69822192317918,0,20.21794949556216
41760,"Sandpoint, ID Micro Area",micro,49456,65168,0.2893056341443699,0,0,0,1733.2253007910529,28.53408612107614,0,0
15860,"Cañon City, CO Micro Area",micro,49394,61027,0.21036744040803582,0,0,0,1533.834709380191,32.202948399804875,0,0
23660,"Galesburg, IL Micro Area",micro,49294,53291,0.2029594023281404,0,0,1,716.3850891191929,68.80936070376308,0,20.286444597719804
15620,"Cadillac, MI Micro Area",micro,49024,62833,0.201698944682825,0,0,0,1129.7126560940083,43.39510559216087,0,0
13940,"Blackfoot, ID Micro Area",micro,48993,76842,0.2078720787207872,0,0,0,2093.732378176825,23.399838733287393,0,0
35220,"New Castle, IN Micro Area",micro,48896,60144,0.1669668124517623,0,0,0,391.8774480397132,124.77370219846087,0,0
35740,"Norfolk, NE Micro Area",micro,48682,66629,0.2326405070370025,0,0,1,1573.4933389327414,30.938802723511817,0,20.541473234460373
34020,"Morgan City, LA Micro Area",micro,48455,51768,0.13121567913594853,0,0,0,558.5271717714566,86.75495562072184,0,0
11620,"Ardmore, OK Micro Area",micro,48255,58856,0.20003097893432467,0,0,0,822.3012456223207,58.68287352949397,0,0
35700,"Nogales, AZ Micro Area",micro,48209,53614,0.24069518545733362,0,0,1,1236.2603579674349,38.9958310070393,0,20.743014789769543
40820,"Ruston, LA Micro Area",micro,48160,38035,0.35950929536935367,0,0,0,471.6362948863113,102.1125823482458,0,0
43380,"Sidney, OH Micro Area",micro,48007,72822,0.20611946337971176,0,0,1,407.69385423935404,117.75257218328203,0,20.83029558189431
39860,"Red Wing, MN Micro Area",micro,47844,82749,0.2789786782895512,0,0,0,756.7132074594737,63.226067059973076,0,0
19620,"Del Rio, TX Micro Area",micro,47647,59673,0.21332229466349306,0,0,0,3144.7495587151557,15.151286011935095,0,0
45140,"Tahlequah, OK Micro Area",micro,47621,53668,0.2941694959519457,0,0,0,749.1265780366846,63.568696394146635,0,0
28340,"Kendallville, IN Micro Area",micro,47417,70908,0.1777791683614405,0,0,0,410.8457999832285,115.41313067320063,0,0
34460,"Mount Sterling, KY Micro Area",micro,47286,55186,0.17759259259259258,0,0,0,678.9071093457645,69.65017651025575,0,0
20460,"Durant, OK Micro Area",micro,47237,54280,0.2438776482546136,0,0,0,904.3477929325321,52.23322306877578,0,0
15420,"Burley, ID Micro Area",micro,47087,68214,0.1896352764275973,0,0,0,3322.605546247083,14.171709324083098,0,0
39420,"Pullman, WA Micro Area",micro,47042,52893,0.5015806544319908,0,0,1,2159.26214811851,21.786145809572226,0,21.25759959185409
23940,"Gillette, WY Micro Area",micro,47018,95253,0.22213202584667338,0,0,0,4802.065244230021,9.791203910962068,0,0
18460,"Cornelia, GA Micro Area",micro,46948,65622,0.2424563591022444,0,0,0,276.8666748821484,169.56898124335106,0,0
39960,"Rice Lake, WI Micro Area",micro,46741,64619,0.22282168869705962,0,0,0,863.0532400397777,54.15772496010296,0,0
16660,"Charleston-Mattoon, IL Micro Area",micro,46689,56040,0.2714431866935085,0,0,1,508.2718422209282,91.85832486015605,0,21.418321231981835
13420,"Bemidji, MN Micro Area",micro,46421,67257,0.3228932341235508,0,0,0,2504.6427359853787,18.533980648436476,0,0
18660,"Cortland, NY Micro Area",micro,46401,67527,0.2833230642842473,0,0,0,498.77370016188996,93.03016575440796,0,0
17540,"Clinton, IA Micro Area",micro,46383,65177,0.22099481800974338,0,0,0,694.9586718373005,66.74209831409789,0,0
42980,"Seymour, IN Micro Area",micro,46319,70208,0.20274414850686037,0,0,0,509.97781182864196,90.82552010236023,0,0
38500,"Plymouth, IN Micro Area",micro,46225,68041,0.20449488923999612,0,0,0,443.6197886638175,104.19958978662713,0,0
47540,"Wapakoneta, OH Micro Area",micro,46209,76454,0.20755732927910808,0,0,0,401.3880276075862,115.12301519161369,0,0
37500,"Paragould, AR Micro Area",micro,46182,56793,0.16488969999679826,0,0,0,577.3402291796622,79.99096142255601,0,0
43890,"Sparta, WI Micro Area",micro,46169,68213,0.19976272164684003,0,0,0,900.903662449632,51.24743291026551,0,0
13340,"Bellefontaine, OH Micro Area",micro,46140,69183,0.18297264569814015,0,0,1,458.5050152990857,100.63139651788234,0,21.673168617251843
30380,"Lewistown, PA Micro Area",micro,46074,61415,0.13242164536988335,0,0,1,411.0371858039148,112.09204809508304,0,21.704214958544952
14710,"Brattleboro, VT Micro Area",micro,45913,68021,0.4235448961684703,0,0,0,785.9585451919314,58.41656698164408,0,0
34220,"Moultrie, GA Micro Area",micro,45907,49691,0.15696479480209508,0,0,0,547.0324301990714,83.92007030240221,0,0
10860,"Alice, TX Micro Area",micro,45850,45939,0.15050055244919142,0,0,0,1808.5304600104903,25.352075076321384,0,0
25880,"Hillsdale, MI Micro Area",micro,45658,60869,0.20630336115783793,0,0,0,598.1522312857259,76.33173899871326,0,0
32860,"Menomonie, WI Micro Area",micro,45349,71785,0.29231422805961693,0,0,0,850.1594538208132,53.34175817982275,0,0
14220,"Bogalusa, LA Micro Area",micro,45238,42776,0.1271044314003741,0,0,0,669.6370787586358,67.55599627765774,0,0
43020,"Shawano, WI Micro Area",micro,45183,66189,0.18771331058020477,0,0,0,1250.8394542398112,36.12214169200447,0,0
31580,"Madisonville, KY Micro Area",micro,45143,57610,0.16627388535031848,0,0,0,542.1870905808908,83.26092742568713,0,0
24330,"Grand Rapids, MN Micro Area",micro,45141,66380,0.2514602185031625,0,0,0,2667.5126296236162,16.922506569863685,0,0
13260,"Bedford, IN Micro Area",micro,45077,65551,0.20469023232575567,0,0,0,449.1458904805552,100.36159955013885,0,0
25460,"Harrison, AR Micro Area",micro,45071,53775,0.15972069323435978,0,0,0,1410.79861675504,31.947153523347815,0,0
40620,"Rolla, MO Micro Area",micro,44948,55427,0.31543434486169497,0,0,0,671.78648437888,66.90816359837605,0,0
17740,"Coldwater, MI Micro Area",micro,44914,61958,0.16896051571313456,0,0,0,506.41070163059555,88.69085873458258,0,0
29980,"Lawrenceburg, TN Micro Area",micro,44901,53233,0.15499205508474576,0,0,0,617.1299060519625,72.75777686297918,0,0
18100,"Columbus, NE Micro Area",micro,44899,75501,0.2182886776145203,0,0,1,1086.577577763475,41.32148584587632,0,22.272210962382236
20820,"Effingham, IL Micro Area",micro,44883,74219,0.24269931515699703,0,0,1,824.7126227154765,54.42259371781739,0,22.28015061381815
15460,"Burlington, IA-IL Micro Area",micro,44881,61453,0.23150252525252527,0,0,0,794.921806803198,56.45964120734125,0,0
21260,"Ellensburg, WA Micro Area",micro,44736,69928,0.35254133078289385,0,0,0,2297.2714778215723,19.473536511419056,0,0
32000,"Marion, NC Micro Area",micro,44679,55527,0.17556901615271658,0,0,0,439.9544092887747,101.5537043309273,0,0
47820,"Washington, NC Micro Area",micro,44597,57997,0.20585725604924726,0,0,0,832.7360329078886,53.55478595572315,0,0
23300,"Freeport, IL Micro Area",micro,44042,61943,0.21732208247094412,0,0,0,564.2466281437871,78.05452049378799,0,0
26500,"Huntingdon, PA Micro Area",micro,43844,65429,0.18189814960258868,0,0,0,874.591789535281,50.13081591275484,0,0
48820,"Willmar, MN Micro Area",micro,43757,75097,0.27097624438211737,0,0,0,797.3650909926379,54.87699486006719,0,0
38620,"Ponca City, OK Micro Area",micro,43731,56673,0.18523374159047784,0,0,0,919.6099668581104,47.55385606509787,0,0
24740,"Greenville, MS Micro Area",micro,43674,40117,0.20534570508603678,0,0,0,723.971504255284,60.32557876007209,0,0
33300,"Milledgeville, GA Micro Area",micro,43669,55413,0.24128393623990102,0,0,1,258.69927835305776,168.80217168755718,0,22.899539719251642
32540,"McAlester, OK Micro Area",micro,43629,54787,0.19707885127800256,0,0,0,1305.5123782016128,33.4190626825771,0,0
46980,"Vicksburg, MS Micro Area",micro,43623,56648,0.2647187531558219,0,0,0,588.5339944668704,74.12146181889858,0,0
12140,"Auburn, IN Micro Area",micro,43584,70080,0.20140792635462146,0,0,1,362.8340224310914,120.12103966429271,0,22.944199706314244
27540,"Jasper, IN Micro Area",micro,43563,71918,0.2431095406360424,0,0,0,427.26696610201816,101.95733219777749,0,0
49010,"Winchester, TN Micro Area",micro,43478,61553,0.23050745671103995,0,0,0,554.4974069398335,78.40974449266928,0,0
16340,"Cedartown, GA Micro Area",micro,43365,55308,0.14469353106267974,0,0,0,310.3398312511944,139.7339162851436,0,0
20340,"Duncan, OK Micro Area",micro,43314,60236,0.19490428955313008,0,0,0,870.2122095842363,49.77406605303119,0,0
33940,"Montrose, CO Micro Area",micro,43272,66072,0.2826628352490421,0,0,0,2240.9460250379298,19.309702026075165,0,0
44500,"Stephenville, TX Micro Area",micro,43244,65351,0.3249512670565302,0,0,0,1083.178606561248,39.92324048689082,0,0
42740,"Sedalia, MO Micro Area",micro,43205,60232,0.18628818524201424,0,0,1,682.2359118860975,63.32853379200783,0,23.145469274389537
40460,"Rockingham, NC Micro Area",micro,42818,43626,0.16186184119994496,0,0,0,473.6892487124198,90.39259412449769,0,0
34700,"Muscatine, IA Micro Area",micro,42735,69512,0.22714201572948065,0,0,0,437.440031336669,97.69339095330685,0,0
30260,"Lewisburg, PA Micro Area",micro,42570,72894,0.26424799396474863,0,0,1,315.95535625837294,134.73422480987574,0,23.49072116513977
23620,"Gainesville, TX Micro Area",micro,42473,72472,0.2359448928472029,0,0,0,874.8263666739382,48.550205638498284,0,0
16380,"Celina, OH Micro Area",micro,42438,78036,0.22156245528687937,0,0,0,462.44699285511393,91.76835541299748,0,0
25780,"Henderson, NC Micro Area",micro,42361,46943,0.1847496073983598,0,0,0,252.39555327533918,167.83576196284346,0,0
38740,"Poplar Bluff, MO Micro Area",micro,42166,49213,0.15228111314183249,0,0,0,694.756424962893,60.691774102343985,0,0
34260,"Mountain Home, AR Micro Area",micro,42150,48427,0.18748639487514382,0,0,0,553.9311271201165,76.09249225465541,0,0
10100,"Aberdeen, SD Micro Area",micro,42112,70761,0.32797267487369247,0,0,0,2839.010764802314,14.833335795023778,0,0
48940,"Wilmington, OH Micro Area",micro,42014,68125,0.20055207559188873,0,0,1,408.73141151215555,102.79121891944563,0,23.801589946208406
40540,"Rock Springs, WY Micro Area",micro,41786,76464,0.20375790424570914,0,0,0,10426.980052815765,4.0074882457184575,0,0
15340,"Bucyrus, OH Micro Area",micro,41767,55477,0.15503928705057995,0,0,0,401.7854950693191,103.95347893978611,0,0
20900,"El Campo, TX Micro Area",micro,41651,66100,0.19225469577199217,0,0,0,1086.142082327938,38.347653292955044,0,0
32660,"McMinnville, TN Micro Area",micro,41587,54088,0.1511876027564977,0,0,0,432.67347779445987,96.11636056822454,0,0
10940,"Alma, MI Micro Area",micro,41478,61128,0.19019415434218825,0,0,0,568.38056372390065,72.97575365393486,0,0
11820,"Astoria, OR Micro Area",micro,41343,68705,0.2629852378348824,0,0,1,828.2386968178013,49.916769355072496,0,24.18789154149433
10760,"Alexander City, AL Micro Area",micro,41070,57185,0.18725005880969184,0,0,0,716.5276102367899,57.31809830248921,0,0
21020,"Elizabeth City, NC Micro Area",micro,40830,63912,0.2685548967783413,0,0,1,226.8775894110186,179.96488814076338,0,24.49179524859172
25580,"Hastings, NE Micro Area",micro,40503,67077,0.27276090414709037,0,0,0,1710.461290109938,23.67957710250006,0,0
13660,"Big Rapids, MI Micro Area",micro,40321,57774,0.2272218073188947,0,0,0,555.154509184214,72.6302305627504,0,0
34140,"Moscow, ID Micro Area",micro,40315,65179,0.44899856333981236,0,0,0,1075.867113922774,37.47209992598939,0,0
36380,"Okeechobee, FL Micro Area",micro,40249,52288,0.16102020166777153,0,0,1,769.2864091951373,52.31991559828848,0,24.845337772367014
48460,"West Plains, MO Micro Area",micro,40168,49814,0.17517554125219426,0,0,0,927.1766394325263,43.32292067300641,0,0
21580,"Española, NM Micro Area",micro,40165,53901,0.18828301683598378,0,0,0,5860.873718837265,6.853073778216178,0,0
14620,"Bradford, PA Micro Area",micro,40149,61705,0.20347576753619134,0,0,0,979.6940735762684,40.98116042841861,0,0
12380,"Austin, MN Micro Area",micro,40069,71495,0.2346781180547708,0,0,0,711.2728683530521,56.334216842517165,0,0
32260,"Marshalltown, IA Micro Area",micro,39971,72785,0.214471550846499,0,0,0,572.503041722458,69.81796966482743,0,0
14180,"Blytheville, AR Micro Area",micro,39749,53428,0.14178269757395764,0,0,0,902.0928926194955,44.06308964986625,0,0
42780,"Selinsgrove, PA Micro Area",micro,39711,68435,0.21422412177107936,0,0,1,328.78421206342915,120.78134698371387,0,25.181939512981288
26340,"Houghton, MI Micro Area",micro,39534,56403,0.3712295012320503,0,0,0,1549.2123772722648,25.518773655558096,0,0
40180,"Riverton, WY Micro Area",micro,39472,64646,0.2525450569338662,0,0,0,9183.58997177018,4.2981013003993676,0,0
48780,"Williston, ND Micro Area",micro,39368,90224,0.23743662543094707,0,0,0,2077.6000238086035,18.948786844847827,0,0
10820,"Alexandria, MN Micro Area",micro,39354,77264,0.2903626428216592,0,0,1,636.8779071344849,61.79206337532745,0,25.41037759821111
48220,"Weatherford, OK Micro Area",micro,39189,59108,0.29319002365439684,0,0,0,1991.8680333246782,19.674496173618806,0,0
38260,"Pittsburg, KS Micro Area",micro,38963,50311,0.3197421227905388,0,0,0,589.7707603761934,66.06465192534624,0,0
25300,"Hannibal, MO Micro Area",micro,38887,63425,0.23435926133184107,0,0,0,906.7093087929272,42.888056428767676,0,0
40940,"Safford, AZ Micro Area",micro,38860,67326,0.14591321897073664,0,0,0,4621.876800430563,8.4078398620188,0,0
46500,"Urbana, OH Micro Area",micro,38772,74239,0.19107417441605037,0,0,0,428.9769581220201,90.38247688112777,0,0
20980,"El Dorado, AR Micro Area",micro,38368,50221,0.1891933145081279,0,0,0,1039.0665774137474,36.9254490847916,0,0
15220,"Brownwood, TX Micro Area",micro,38294,55305,0.19937029124030137,0,0,0,944.45231024632,40.54625054600443,0,0
15740,"Cambridge, OH Micro Area",micro,38283,55756,0.15349493299677047,0,0,1,522.241595155431,73.3051529313863,0,26.12125486508372
14720,"Breckenridge, CO Micro Area",micro,38268,102233,0.5133164452964535,0,0,1,985.2474118114775,38.84100535685792,0,26.13149367617853
19580,"Defiance, OH Micro Area",micro,38258,73615,0.20116972389958604,0,0,1,411.43936873131054,92.98575417799722,0,26.138324010664437
44460,"Steamboat Springs, CO Micro Area",micro,38248,93984,0.42040290549969583,0,0,0,7105.262975898372,5.383051989734978,0,0
47620,"Warren, PA Micro Area",micro,38174,59013,0.19468900880431694,0,0,0,884.2820961830594,43.16948196144121,0,0
10220,"Ada, OK Micro Area",micro,38158,62564,0.29732408325074333,0,0,0,720.3529011567548,52.97125886315616,0,0
18820,"Crawfordsville, IN Micro Area",micro,38155,66571,0.1953810623556582,0,0,0,504.64720357345584,75.60727520101318,0,0
35140,"Newberry, SC Micro Area",micro,38121,59670,0.2348016436883137,0,0,0,630.3057700137473,60.48016980578896,0,0
12900,"Batesville, AR Micro Area",micro,38120,56009,0.16871032606552852,0,0,0,763.7115114014945,49.914135679381886,0,0
19860,"Dickinson, ND Micro Area",micro,38107,82133,0.2656356698132155,0,0,0,4491.8930650998245,8.483505606149851,0,0
23780,"Garden City, KS Micro Area",micro,38001,72437,0.19735205260351874,0,0,0,1301.9974265441706,29.186693633384696,0,0
34660,"Murray, KY Micro Area",micro,37882,51854,0.3232249786142002,0,0,0,384.84958218591976,98.43326263947796,0,0
29660,"Laramie, WY Micro Area",micro,37713,59881,0.5550982226379794,0,0,1,4274.175149784761,8.823456849188586,0,26.516055471588043
20660,"Easton, MD Micro Area",micro,37707,84378,0.413258505787443,0,0,1,268.55571086000083,140.40662132728508,0,26.52027475004641
30820,"Lock Haven, PA Micro Area",micro,37707,58842,0.2129003878913904,0,0,0,889.6295585696724,42.385057507109494,0,0
30900,"Logansport, IN Micro Area",micro,37703,56525,0.15640483963894758,0,0,0,412.1441310400456,91.4801331875247,0,0
38380,"Plainview, TX Micro Area",micro,37541,53276,0.15796400067923247,0,0,0,1996.8225668804325,18.80036845669719,0,0
42820,"Selma, AL Micro Area",micro,37536,36810,0.17007096091269064,0,0,0,978.7379301907298,38.35143079893229,0,0
28620,"Kill Devil Hills, NC Micro Area",micro,37534,81214,0.4280952882152756,0,0,0,383.22899907057877,97.94143995112283,0,0
15820,"Campbellsville, KY Micro Area",micro,37483,55929,0.20245398773006135,0,0,0,552.3770362019153,67.85763625825044,0,0
27300,"Jacksonville, IL Micro Area",micro,37468,66168,0.23125448570241378,0,0,0,819.74810262739,45.70672366292842,0,0
36940,"Owatonna, MN Micro Area",micro,37413,83448,0.2968203435129505,0,0,1,429.54838120859176,87.0984541828176,0,26.72867719776548
44860,"Sulphur Springs, TX Micro Area",micro,37351,64725,0.20028549902851026,0,0,0,767.4310207547633,48.67017228892512,0,0
13540,"Bennington, VT Micro Area",micro,37312,71494,0.4115965700285831,0,0,1,674.2364133864692,55.3396394190489,0,26.80102915951973
16460,"Centralia, IL Micro Area",micro,37294,60839,0.1728968346103243,0,0,0,572.5376179429643,65.13807797292229,0,0
24900,"Greenwood, MS Micro Area",micro,37260,37718,0.19535469200471028,0,0,0,1222.4623031184494,30.479467469018328,0,0
29470,"Lake of the Woods, VA Micro Area",micro,37208,94175,0.29449136706779283,0,0,0,340.51498869622225,109.26978616261069,0,0
23340,"Fremont, NE Micro Area",micro,37146,71294,0.21546307629538963,0,0,1,528.8426521000515,70.24017418506624,0,26.920799009314596
24600,"Greencastle, IN Micro Area",micro,37091,76182,0.1988246430543504,0,0,0,480.53729675230056,77.18651653197078,0,0
35060,"Natchitoches, LA Micro Area",micro,37047,46798,0.25613559322033896,0,0,0,1253.0083970153826,29.566441923489513,0,0
22700,"Fort Dodge, IA Micro Area",micro,36848,68054,0.2051137507549829,0,0,0,715.704404913272,51.48494231283261,0,0
21540,"Escanaba, MI Micro Area",micro,36829,54829,0.2001762049851327,0,0,0,1171.0942781123424,31.448364737434925,0,0
34500,"Mount Vernon, IL Micro Area",micro,36808,61102,0.1837319092949462,0,0,0,571.2344760532511,64.43588673833601,0,0
26780,"Hutchinson, MN Micro Area",micro,36771,78468,0.19592391304347825,0,0,0,491.50984905486695,74.81233605126654,0,0
26540,"Huntington, IN Micro Area",micro,36757,62734,0.23114211397493498,0,0,0,382.6392650891359,96.06175673434207,0,0
20540,"Dyersburg, TN Micro Area",micro,36681,54973,0.21642774427983869,0,0,1,512.3506404822839,71.59354766390373,0,27.262070281617188
18740,"Coshocton, OH Micro Area",micro,36679,54687,0.16747890169975038,0,0,0,563.9105381838992,65.04400523906942,0,0
19760,"DeRidder, LA Micro Area",micro,36646,64995,0.1783293867886013,0,0,0,1157.4774337477559,31.66022846885679,0,0
32460,"Mayfield, KY Micro Area",micro,36612,50576,0.17430787157953953,0,0,0,551.7565522723578,66.35535155716212,0,0
42420,"Scottsbluff, NE Micro Area",micro,36594,61156,0.2604413715480162,0,0,0,1485.6594353245894,24.631486281379743,0,0
14300,"Bonham, TX Micro Area",micro,36525,68377,0.2016627996906419,0,0,0,890.8346119781994,41.000876603674044,0,0
35460,"Newport, TN Micro Area",micro,36503,48416,0.11645464497376468,0,0,0,436.1350377010032,83.69655460936619,0,0
46860,"Vernal, UT Micro Area",micro,36458,69861,0.16834379615952733,0,0,0,4482.880653069871,8.13271706777061,0,0
42300,"Sault Ste. Marie, MI Micro Area",micro,36448,60631,0.21853242587811939,0,0,0,1558.5078983239039,23.3864711492306,0,0
13060,"Bay City, TX Micro Area",micro,36274,55174,0.22769563050340588,0,0,0,1093.1223877317336,33.18384145005921,0,0
30060,"Lebanon, MO Micro Area",micro,36245,50825,0.15656524568825253,0,0,0,764.6265939807731,47.40222258200896,0,0
33380,"Minden, LA Micro Area",micro,36189,37396,0.12798689363062415,0,0,0,593.318623381634,60.99420880089674,0,0
14780,"Brenham, TX Micro Area",micro,36156,75085,0.3100223622687538,0,0,0,604.1940814160727,59.84169840800129,0,0
47180,"Vincennes, IN Micro Area",micro,36108,58863,0.17787311277947365,0,0,0,515.8306383113087,69.99971951687073,0,0
19540,"Decatur, IN Micro Area",micro,35995,63128,0.15231818814684178,0,0,0,338.92546518292704,106.2032915720055,0,0
37940,"Peru, IN Micro Area",micro,35772,61130,0.16112745487795183,0,0,0,373.84223899004695,95.68742177620112,0,0
38700,"Pontiac, IL Micro Area",micro,35659,70796,0.18471135126544558,0,0,0,1043.6279095505192,34.16830814284949,0,0
47080,"Vidalia, GA Micro Area",micro,35618,53809,0.1966377771003005,0,0,0,605.1576483878144,58.85739045831947,0,0
22190,"Fayetteville, TN Micro Area",micro,35617,63115,0.19277011540472075,0,0,0,570.3420831534243,62.44848671006955,0,0
15580,"Butte-Silver Bow, MT Micro Area",micro,35589,57504,0.27707829225279906,0,0,0,717.989786833423,49.56755743972277,0,0
27220,"Jackson, WY-ID Micro Area",micro,35459,106679,0.5706071496122564,0,0,0,4445.93622053346,7.9755979935639605,0,0
30280,"Lewisburg, TN Micro Area",micro,35276,70829,0.20991447313792244,0,0,0,375.46207576991543,93.95356355941863,0,0
36900,"Ottumwa, IA Micro Area",micro,35265,60034,0.19426168068626634,0,0,0,431.84248749311826,81.66171931047423,0,0
19810,"Detroit Lakes, MN Micro Area",micro,35260,71117,0.27537655533726263,0,0,0,1315.0366566740727,26.812940780812827,0,0
15100,"Brookings, SD Micro Area",micro,34968,67341,0.4396619600020996,0,0,0,792.2172631132272,44.13940673620769,0,0
35820,"North Platte, NE Micro Area",micro,34934,64652,0.2055802103879027,0,0,0,3134.8381294306405,11.143797082226005,0,0
15020,"Brookhaven, MS Micro Area",micro,34830,48316,0.18407234539089848,0,0,0,586.2072293451571,59.41584862218101,0,0
21380,"Emporia, KS Micro Area",micro,34724,58788,0.2785124742074658,0,0,0,1620.5313776517685,21.42753943482219,0,0
11580,"Arcadia, FL Micro Area",micro,34719,50868,0.10978706778667709,0,0,0,636.6947321623032,54.530056942813836,0,0
11420,"Angola, IN Micro Area",micro,34648,71483,0.24674942141805176,0,0,0,308.78021984432974,112.20926009272111,0,0
45340,"Taos, NM Micro Area",micro,34516,58908,0.37060235541219716,0,0,0,2202.372896607622,15.672187054774414,0,0
18420,"Corinth, MS Micro Area",micro,34500,49404,0.18435614728520908,0,0,0,400.0444654550943,86.24041320194863,0,0
11680,"Arkansas City-Winfield, KS Micro Area",micro,34487,58263,0.24256685432793806,0,0,0,1125.7380513611702,30.635013143866402,0,0
29900,"Laurinburg, NC Micro Area",micro,34353,43500,0.14811797993655149,0,0,0,319.14045582240146,107.64226024392566,0,0
37950,"Petoskey, MI Micro Area",micro,34159,73724,0.40242940526896986,0,0,0,467.5468332555396,73.06006066205192,0,0
19980,"Dodge City, KS Micro Area",micro,34133,70495,0.2071382412884625,0,0,0,1098.2707743009678,31.07885668880256,0,0
19940,"Dixon, IL Micro Area",micro,34058,68459,0.19353420716112532,0,0,1,724.7686083006768,46.99154959243314,0,29.361677138998182
11140,"Americus, GA Micro Area",micro,33713,42821,0.20955251565035937,0,0,0,649.7857992097115,51.88325143609284,0,0
45380,"Taylorville, IL Micro Area",micro,33684,59253,0.16548414879219128,0,0,0,709.4831385152576,47.47681540464914,0,0
37800,"Pella, IA Micro Area",micro,33551,78059,0.33066320594289805,0,0,0,554.4902254396836,60.50782946335203,0,0
47780,"Washington, IN Micro Area",micro,33442,68561,0.1511025886864813,0,0,0,429.5142609747348,77.8600457272527,0,0
39040,"Port Townsend, WA Micro Area",micro,33313,71143,0.43259899412056385,0,0,0,1803.7279036002988,18.468971918384245,0,0
15900,"Canton, IL Micro Area",micro,33259,58617,0.1763906616708527,0,0,0,865.6834470950525,38.419355379389785,0,0
14820,"Brevard, NC Micro Area",micro,33243,64523,0.3864019112521051,0,0,0,378.35833848673536,87.86115335255244,0,0
22800,"Fort Madison, IA Micro Area",micro,33175,59803,0.2103933294028468,0,0,0,517.5500821121531,64.10007677829134,0,0
31680,"Malvern, AR Micro Area",micro,33142,52644,0.15784428142714238,0,0,0,614.9438655145024,53.89435013270883,0,0
13700,"Big Spring, TX Micro Area",micro,33127,71457,0.15340684444053948,0,0,0,900.7914511236888,36.77543782045872,0,0
42900,"Seneca Falls, NY Micro Area",micro,33125,66007,0.2413620011712541,0,0,0,323.6975362022029,102.33318544416703,0,0
31500,"Madison, IN Micro Area",micro,33074,59987,0.18102742970331137,0,0,0,360.6982805801375,91.69436557004003,0,0
23140,"Frankfort, IN Micro Area",micro,32967,63690,0.16712843390467247,0,0,0,405.0671873547713,81.38649841100658,0,0
32280,"Martin, TN Micro Area",micro,32959,49502,0.21612536691601175,0,0,0,580.3531650189699,56.79128156201694,0,0
45980,"Troy, AL Micro Area",micro,32953,47961,0.27315006200909464,0,0,0,672.0669343149997,49.032318534741115,0,0
15700,"Cambridge, MD Micro Area",micro,32612,60495,0.18804074500277032,0,0,1,540.7645473708371,60.30720793098858,0,30.663559425978164
37540,"Paris, TN Micro Area",micro,32345,48540,0.1857972499786489,0,0,0,561.9023332118695,57.56338439656216,0,0
40770,"Russellville, AL Micro Area",micro,31978,51493,0.14889393079977312,0,0,0,633.9588871703353,50.44175678762586,0,0
27940,"Juneau, AK Micro Area",micro,31969,100513,0.4045768189361516,0,0,0,2704.203022383759,11.82196740976174,0,0
43260,"Sheridan, WY Micro Area",micro,31585,70855,0.3337504469074008,0,0,0,2523.3610334991076,12.517035644400654,0,0
29780,"Las Vegas, NM Micro Area",micro,31212,47700,0.26119016817593793,0,0,0,6647.7636814325,4.695112747039506,0,0
45000,"Susanville, CA Micro Area",micro,31177,64395,0.13212723998971104,0,0,0,4541.368585665052,6.8651111249615395,0,0
24980,"Grenada, MS Micro Area",micro,31050,46918,0.22697399305229557,0,0,0,829.1026227915772,37.45012878557189,0,0
25200,"Hailey, ID Micro Area",micro,31010,81389,0.3957045526327663,0,0,0,4913.335697900173,6.3113945202752655,0,0
13300,"Beeville, TX Micro Area",micro,31000,56075,0.11449174226564317,0,0,0,880.2393648826443,35.21769331928594,0,0
47340,"Wabash, IN Micro Area",micro,30901,68414,0.21601257338325705,0,0,0,412.538992312208,74.90443467369076,0,0
10660,"Albert Lea, MN Micro Area",micro,30752,69012,0.1808806753365275,0,0,0,707.2451166580838,43.48138894943688,0,0
41260,"St. Marys, PA Micro Area",micro,30703,64103,0.19944622687118183,0,0,0,826.9011038046813,37.13019593120802,0,0
28780,"Kingsville, TX Micro Area",micro,30629,57612,0.23725298150602062,0,0,0,881.3061477722383,34.75409774165748,0,0
46460,"Union City, TN Micro Area",micro,30570,53102,0.18059750034846445,0,0,0,544.8477387025533,56.10741832717593,0,0
27020,"Iron Mountain, MI-WI Micro Area",micro,30557,61960,0.24127932519110798,0,0,0,1248.971622112968,24.465728010941277,0,0
27700,"Jesup, GA Micro Area",micro,30519,49562,0.1401081502411458,0,0,0,641.8126259274603,47.55126148523191,0,0
33060,"Miami, OK Micro Area",micro,30360,48656,0.14968963060954513,0,0,0,470.81703977397797,64.48364743675107,0,0
17380,"Cleveland, MS Micro Area",micro,30163,37315,0.2655135791230466,0,0,0,876.5066037310883,34.412747002250754,0,0
32700,"McPherson, KS Micro Area",micro,30130,77701,0.33085409075026206,0,0,0,898.2849851770169,33.54169389134625,0,0
17650,"Cody, WY Micro Area",micro,30109,70533,0.3495593595718175,0,0,0,6939.03869774908,4.339073654361793,0,0
28860,"Kirksville, MO Micro Area",micro,29268,56468,0.31209464328609177,0,0,0,874.6289024469692,33.46333504200039,0,0
22820,"Fort Morgan, CO Micro Area",micro,29186,75407,0.1756522652107722,0,0,0,1280.485217748741,22.792922241861387,0,0
31220,"Ludington, MI Micro Area",micro,29177,62296,0.2503151113393399,0,0,0,494.9687606867045,58.947154482074225,0,0
23680,"Gallipolis, OH Micro Area",micro,29162,56455,0.17901265695123797,0,0,0,466.52950426092883,62.508372425872906,0,0
12460,"Bainbridge, GA Micro Area",micro,29118,50485,0.14636663914120562,0,0,0,597.2393595274073,48.754321923861376,0,0
34300,"Mountain Home, ID Micro Area",micro,29046,58976,0.21202771462596082,0,0,0,3075.0787419638,9.445611783407767,0,0
33420,"Mineral Wells, TX Micro Area",micro,28920,64972,0.18676514923123305,0,0,0,952.5490423969553,30.36064151324629,0,0
10980,"Alpena, MI Micro Area",micro,28908,51909,0.17737527215453747,0,0,0,571.8989223467903,50.54739372715701,0,0
47920,"Washington Court House, OH Micro Area",micro,28880,60047,0.13841722255912675,0,0,1,406.3608944521371,71.06983076936211,0,34.62603878116344
25700,"Hays, KS Micro Area",micro,28870,59889,0.3954658492857556,0,0,0,899.9123567405103,32.08090186089606,0,0
46780,"Van Wert, OH Micro Area",micro,28824,65344,0.16996542566518014,0,0,0,409.1496995327905,70.44854250880357,0,0
47980,"Watertown, SD Micro Area",micro,28556,65080,0.2087906451943789,0,0,0,687.5850291065623,41.530863516771504,0,0
29720,"Lares, PR Micro Area",micro,27944,19323,0.21298763082778308,0,0,0,61.45022225603962,454.74204932193766,0,0
46580,"Utuado, PR Micro Area",micro,27896,17624,0.2274338827136834,0,0,0,113.53156134759244,245.71140983952975,0,0
30660,"Lincoln, IL Micro Area",micro,27870,64188,0.19868327038889455,0,0,0,618.0523581631423,45.093266989272415,0,0
43500,"Silver City, NM Micro Area",micro,27856,45921,0.28750060582561915,0,0,0,3961.206721138191,7.032200529033742,0,0
45580,"Thomaston, GA Micro Area",micro,27856,50904,0.14830045286554577,0,0,0,323.4666884242955,86.11705933521327,0,0
28380,"Kennett, MO Micro Area",micro,27795,47368,0.12637602179836513,0,0,0,541.9093653677044,51.29086481304881,0,0
21180,"Elkins, WV Micro Area",micro,27782,55057,0.1896196824152127,0,0,0,1039.700081866399,26.72116746410911,0,0
10480,"Alamosa, CO Micro Area",micro,27622,48011,0.2737020316027088,0,0,0,3237.667074463906,8.531451617697185,0,0
18860,"Crescent City, CA Micro Area",micro,27293,66780,0.20974160076562737,0,0,1,1006.2014666932197,27.124786539713273,0,36.639431356025355
23240,"Fredericksburg, TX Micro Area",micro,27202,67799,0.35335497835497837,0,0,0,1058.2022880406196,25.705860124690865,0,0
31380,"Macomb, IL Micro Area",micro,27102,50434,0.31804317923569164,0,0,1,589.3230158496751,45.98836168128413,0,36.897645930189654
15780,"Camden, AR Micro Area",micro,27034,52267,0.1562975796713393,0,0,0,1361.3218954120991,19.858638938453474,0,0
21640,"Eufaula, AL-GA Micro Area",micro,26849,43740,0.11258657501432068,0,0,0,1036.2453853118268,25.90988619159988,0,0
45740,"Toccoa, GA Micro Area",micro,26842,52264,0.1487913763066202,0,0,0,178.86194234304807,150.07105283760373,0,0
45520,"The Dalles, OR Micro Area",micro,26603,63602,0.2177860366339262,0,0,0,2381.136182899311,11.17239752646476,0,0
43940,"Spearfish, SD Micro Area",micro,26574,66766,0.3408732246186218,0,0,0,800.0528434858337,33.215305984310945,0,0
24700,"Greensburg, IN Micro Area",micro,26411,74228,0.2007640772936161,0,0,0,372.56778449071726,70.88911360412602,0,0
29260,"La Grande, OR Micro Area",micro,26192,64212,0.24913159842833552,0,0,0,2036.940429043128,12.858500733035152,0,0
36840,"Ottawa, KS Micro Area",micro,25994,72142,0.2529615144816641,0,0,0,571.7718144273643,45.46219198655896,0,0
30420,"Lexington, NE Micro Area",micro,25949,66023,0.18513024387349433,0,0,0,1471.9849860623492,17.62857654507413,0,0
35580,"New Ulm, MN Micro Area",micro,25826,68690,0.24193094124936632,0,0,0,611.1093471390493,42.260849258657565,0,0
33580,"Mitchell, SD Micro Area",micro,25779,64723,0.23998376529251464,0,0,0,1439.4572425276501,17.908833439701713,0,0
30180,"Le Mars, IA Micro Area",micro,25699,81600,0.23879912913945228,0,0,0,862.8283849534738,29.78460195347626,0,0
21980,"Fallon, NV Micro Area",micro,25614,73268,0.18608322995376114,0,0,0,4950.157013655171,5.174381323530333,0,0
32140,"Marshall, MN Micro Area",micro,25498,72761,0.2864901147180864,0,0,0,714.4106595917925,35.690956815467054,0,0
19700,"Deming, NM Micro Area",micro,25420,37917,0.14726550565230676,0,0,0,2965.1772486322343,8.572843330605494,0,0
17640,"Coco, PR Micro Area",micro,25397,21611,0.19345027969369466,0,0,0,69.40394834476673,365.930189934432,0,0
24460,"Great Bend, KS Micro Area",micro,25275,56733,0.21672295330150226,0,0,0,895.2571705049256,28.232111210843343,0,0
44900,"Summerville, GA Micro Area",micro,24975,47785,0.10726920004564647,0,0,0,313.3266885924044,79.709137169892,0,0
46620,"Uvalde, TX Micro Area",micro,24810,57849,0.20163786432808872,0,0,0,1551.921693184916,15.986631354500833,0,0
11060,"Altus, OK Micro Area",micro,24730,61497,0.24198617221873037,0,0,0,802.6525253044501,30.810343480349466,0,0
33900,"Monticello, IN Micro Area",micro,24709,66143,0.18317239755063588,0,0,0,505.13631122422413,48.915509439652936,0,0
33020,"Mexico, MO Micro Area",micro,24688,56232,0.1612020266728787,0,0,0,692.2495729140626,35.66343839848757,0,0
33620,"Moberly, MO Micro Area",micro,24524,55310,0.17095663339753692,0,0,0,482.71287932669316,50.80452801302305,0,0
26220,"Hood River, OR Micro Area",micro,23958,82095,0.39381776792667583,0,0,0,522.1860840897838,45.880196217332944,0,0
33180,"Middlesborough, KY Micro Area",micro,23878,32403,0.13943108783622946,0,0,0,358.9991121619474,66.51269931060008,0,0
15060,"Brookings, OR Micro Area",micro,23463,64769,0.24183210880100048,0,0,0,1628.3825862814483,14.408776044197193,0,0
18220,"Connersville, IN Micro Area",micro,23390,56659,0.16440875375467418,0,0,0,215.02090023108255,108.78012311762629,0,0
49460,"Yankton, SD Micro Area",micro,23379,73855,0.2765202496023492,0,0,0,521.1891154203021,44.85703808519964,0,0
21740,"Evanston, WY-UT Micro Area",micro,23193,81526,0.2165588097938488,0,0,0,3110.478974361006,7.456407900897193,0,0
32180,"Marshall, MO Micro Area",micro,23177,56566,0.26033898305084746,0,0,0,755.5100185382705,30.67729008391166,0,0
47420,"Wahpeton, ND-MN Micro Area",micro,22963,70762,0.23963466719232537,0,0,0,2186.712296914753,10.501152818502302,0,0
22620,"Forrest City, AR Micro Area",micro,22740,41784,0.12903425633401475,0,0,0,634.783985938839,35.82320994813342,0,0
31620,"Magnolia, AR Micro Area",micro,22527,47363,0.20381939514411473,0,0,0,766.0648596568268,29.406126277729793,0,0
21120,"Elk City, OK Micro Area",micro,22202,52323,0.132888389612106,0,0,0,901.6754605873462,24.623050055657217,0,0
49380,"Worthington, MN Micro Area",micro,22067,65509,0.17706134924677971,0,0,0,715.1167130261459,30.85789997358542,0,0
36820,"Oskaloosa, IA Micro Area",micro,22045,69019,0.22999589659417316,0,0,0,570.8508808559743,38.6177909841256,0,0
37420,"Pampa, TX Micro Area",micro,21916,56658,0.1563905612068369,0,0,0,1850.0317057440084,11.846283462037352,0,0
13100,"Beatrice, NE Micro Area",micro,21646,64426,0.22127855685035222,0,0,0,851.4683424550548,25.421966878519147,0,0
30580,"Liberal, KS Micro Area",micro,21640,62269,0.12662132236633977,0,0,0,639.6528604140967,33.83085004261648,0,0
27420,"Jamestown, ND Micro Area",micro,21525,60172,0.24425887265135698,0,0,0,2221.903432599156,9.687639743560013,0,0
11660,"Arkadelphia, AR Micro Area",micro,21378,50985,0.25490829764886486,0,0,0,865.9712229335292,24.686732577071957,0,0
20300,"Dumas, TX Micro Area",micro,21234,61325,0.12045599489795919,0,0,0,899.6980264129476,23.601252171974778,0,0
44540,"Sterling, CO Micro Area",micro,21067,55074,0.1890750758675287,0,0,0,1838.5989837613579,11.458181031353384,0,0
32340,"Maryville, MO Micro Area",micro,20959,55970,0.2559661585122516,0,0,0,876.9641073757671,23.89949579888491,0,0
25100,"Guymon, OK Micro Area",micro,20880,59275,0.24417042131056835,0,0,0,2041.2924474776837,10.228813625308957,0,0
17260,"Clarksdale, MS Micro Area",micro,20808,36259,0.18973146170277694,0,0,0,553.1015700299876,37.620576630928475,0,0
47240,"Vineyard Haven, MA Micro Area",micro,20751,102348,0.4902784746613146,0,0,0,103.20240157395935,201.07090226121267,0,0
38180,"Pierre, SD Micro Area",micro,20744,78965,0.3434887737478411,0,0,0,2185.958666428009,9.489657932964016,0,0
36830,"Othello, WA Micro Area",micro,20690,65042,0.1542534415813625,0,0,0,1924.9890876912173,10.748112876221578,0,0
44740,"Storm Lake, IA Micro Area",micro,20684,66564,0.22070073439412485,0,0,0,574.8991148843537,35.97848642393679,0,0
16140,"Carroll, IA Micro Area",micro,20677,68528,0.23396683037938643,0,0,0,569.4532732816291,36.31026630305095,0,0
39220,"Price, UT Micro Area",micro,20446,53673,0.18413386120863523,0,0,0,1479.3432596105624,13.820997842909303,0,0
14420,"Borger, TX Micro Area",micro,20413,65470,0.15954033281098426,0,0,0,887.424389372969,23.00252308190819,0,0
49260,"Woodward, OK Micro Area",micro,20260,65060,0.2161945093457944,0,0,0,1242.7860871531184,16.30208143576027,0,0
40760,"Ruidoso, NM Micro Area",micro,20227,51643,0.287753807106599,0,0,0,4831.114863303369,4.1868182753513326,0,0
39700,"Raymondville, TX Micro Area",micro,20218,45645,0.12181916621548457,0,0,0,590.6130233161573,34.23222855209075,0,0
18380,"Cordele, GA Micro Area",micro,19995,42745,0.15514870830016644,0,0,0,272.6799969749668,73.32771094990011,0,0
38920,"Port Lavaca, TX Micro Area",micro,19921,71870,0.16896353718059146,0,0,0,506.9311074945437,39.29725303001733,0,0
21860,"Fairmont, MN Micro Area",micro,19864,62969,0.2378920418177939,0,0,0,712.330728421761,27.88592321997768,0,0
23190,"Franklin, KY Micro Area",micro,19786,57392,0.1675263511998206,0,0,0,234.17529241089838,84.49226131543487,0,0
31060,"Los Alamos, NM Micro Area",micro,19374,143188,0.6824698367636621,0,0,0,109.12279747878843,177.54310233630116,0,0
26700,"Huron, SD Micro Area",micro,19279,63082,0.26387992253066495,0,0,0,1258.697664832137,15.316624904179111,0,0
13860,"Bishop, CA Micro Area",micro,18803,72432,0.31819817226739583,0,0,0,10197.260346882442,1.843926639153481,0,0
11380,"Andrews, TX Micro Area",micro,18518,76902,0.19947743039913507,0,0,0,1500.6856718736058,12.339692679866983,0,0
25820,"Hereford, TX Micro Area",micro,18487,54114,0.11820967592162689,0,0,0,1496.8217634018406,12.350835919157419,0,0
44020,"Spirit Lake, IA Micro Area",micro,17844,74570,0.3231011708195737,0,0,0,380.5324596644577,46.892188949490176,0,0
49080,"Winnemucca, NV Micro Area",micro,17299,79946,0.19797802197802197,0,0,0,9640.79151042898,1.7943547457993163,0,0
22340,"Fitzgerald, GA Micro Area",micro,17138,39081,0.12107975888879183,0,0,0,250.11779803112688,68.51971405036596,0,0
12520,"Baker City, OR Micro Area",micro,16796,57844,0.26972477064220185,0,0,0,3067.966522440908,5.474636009599256,0,0
43660,"Snyder, TX Micro Area",micro,16633,62689,0.17883044156797945,0,0,0,905.4444941061911,18.369983039566943,0,0
43980,"Spencer, IA Micro Area",micro,16446,64082,0.2603846491613243,0,0,0,567.2379102157346,28.993125642369673,0,0
11860,"Atchison, KS Micro Area",micro,16211,62164,0.2292001607717042,0,0,0,431.17439485079336,37.597316059572066,0,0
46820,"Vermillion, SD Micro Area",micro,15133,58794,0.4595324956087015,0,0,0,412.02207179244544,36.72861488746455,0,0
45020,"Sweetwater, TX Micro Area",micro,14565,50160,0.13720784641068448,0,0,0,911.9971373150436,15.970444866614327,0,0
34880,"Nantucket, MA Micro Area",micro,14299,119750,0.5838277511961723,0,0,0,46.19222595581723,309.5542529965316,0,0
28540,"Ketchikan, AK Micro Area",micro,13870,89155,0.2697045568352529,0,0,0,4857.01974284353,2.8556606178997828,0,0
49820,"Zapata, TX Micro Area",micro,13855,36527,0.13280463242698892,0,0,0,998.4123216689208,13.877032263424326,0,0
45880,"Town of Pecos, TX Micro Area",micro,13219,56056,0.06871414913957935,0,0,0,2635.3535337272265,5.016025300144128,0,0
46900,"Vernon, TX Micro Area",micro,12712,51626,0.17411437832831675,0,0,0,970.9458087048902,13.0923887677687,0,0
