state_abbr,city,street,city_slug,street_slug,url
ID,Meridian,1323 W Chinden Blvd,meridian,1323-w-chinden-blvd,https://locations.chipotle.com/id/meridian/1323-w-chinden-blvd
CA,Brentwood,7580 Brentwood Blvd,brentwood,7580-brentwood-blvd,https://locations.chipotle.com/ca/brentwood/7580-brentwood-blvd
KS,Topeka,2001 Se 28th St,topeka,2001-se-28th-st,https://locations.chipotle.com/ks/topeka/2001-se-28th-st
NY,Olean,2727 W State St,olean,2727-w-state-st,https://locations.chipotle.com/ny/olean/2727-w-state-st
FL,Inverness,911 W Main St,inverness,911-w-main-st,https://locations.chipotle.com/fl/inverness/911-w-main-st
GA,Dunwoody,8753 Roswell Rd,dunwoody,8753-roswell-rd,https://locations.chipotle.com/ga/dunwoody/8753-roswell-rd
MI,Commerce Township,273 Haggerty Rd,commerce-township,273-haggerty-rd,https://locations.chipotle.com/mi/commerce-township/273-haggerty-rd
PA,Huntingdon Valley,2090 County Line Rd,huntingdon-valley,2090-county-line-rd,https://locations.chipotle.com/pa/huntingdon-valley/2090-county-line-rd
GA,Pooler,2120 Pooler Pkwy,pooler,2120-pooler-pkwy,https://locations.chipotle.com/ga/pooler/2120-pooler-pkwy
NJ,Burlington,1805 Mount Holly Rd,burlington,1805-mount-holly-rd,https://locations.chipotle.com/nj/burlington/1805-mount-holly-rd
UT,Washington,1560 Grapevine Xing,washington,1560-grapevine-xing,https://locations.chipotle.com/ut/washington/1560-grapevine-xing
AZ,Tucson,4857 E Grant Rd,tucson,4857-e-grant-rd,https://locations.chipotle.com/az/tucson/4857-e-grant-rd
FL,Kissimmee,4390 W Vine St,kissimmee,4390-w-vine-st,https://locations.chipotle.com/fl/kissimmee/4390-w-vine-st
FL,Fort Pierce,5545 Okeechobee Rd,fort-pierce,5545-okeechobee-rd,https://locations.chipotle.com/fl/fort-pierce/5545-okeechobee-rd
IN,Indianapolis,6830 Lake Plaza Dr,indianapolis,6830-lake-plaza-dr,https://locations.chipotle.com/in/indianapolis/6830-lake-plaza-dr
RI,North Kingstown,118 Gate Rd,north-kingstown,118-gate-rd,https://locations.chipotle.com/ri/north-kingstown/118-gate-rd
ID,Nampa,1260 N Happy Valley Rd,nampa,1260-n-happy-valley-rd,https://locations.chipotle.com/id/nampa/1260-n-happy-valley-rd
NY,New York,2575 Broadway,new-york,2575-broadway,https://locations.chipotle.com/ny/new-york/2575-broadway
IN,Evansville,2800 N Green River Rd,evansville,2800-n-green-river-rd,https://locations.chipotle.com/in/evansville/2800-n-green-river-rd
CA,Victorville,12304 Palmdale Rd,victorville,12304-palmdale-rd,https://locations.chipotle.com/ca/victorville/12304-palmdale-rd
IL,Chicago,1611 N Western Ave,chicago,1611-n-western-ave,https://locations.chipotle.com/il/chicago/1611-n-western-ave
FL,Miramar,12581 Miramar Pkwy,miramar,12581-miramar-pkwy,https://locations.chipotle.com/fl/miramar/12581-miramar-pkwy
GA,Commerce,30874 Us 441 S,commerce,30874-us-441-s,https://locations.chipotle.com/ga/commerce/30874-us-441-s
MI,Wixom,28703 S Wixom Rd,wixom,28703-s-wixom-rd,https://locations.chipotle.com/mi/wixom/28703-s-wixom-rd
WI,West Bend,855 W Paradise Dr,west-bend,855-w-paradise-dr,https://locations.chipotle.com/wi/west-bend/855-w-paradise-dr
UT,Farmington,138 N 1100 W,farmington,138-n-1100-w,https://locations.chipotle.com/ut/farmington/138-n-1100-w
FL,Minneola,1677 N Hancock Rd,minneola,1677-n-hancock-rd,https://locations.chipotle.com/fl/minneola/1677-n-hancock-rd
IN,Lafayette,3235 Builder Drive,lafayette,3235-builder-drive,https://locations.chipotle.com/in/lafayette/3235-builder-drive
NY,Auburn,1 Plaza Dr,auburn,1-plaza-dr,https://locations.chipotle.com/ny/auburn/1-plaza-dr
TX,Houston,2522 Eldridge Parkway,houston,2522-eldridge-parkway,https://locations.chipotle.com/tx/houston/2522-eldridge-parkway
MO,Saint Louis,8650 Olive Blvd,saint-louis,8650-olive-blvd,https://locations.chipotle.com/mo/saint-louis/8650-olive-blvd
ID,Twin Falls,118 Cheney Dr W,twin-falls,118-cheney-dr-w,https://locations.chipotle.com/id/twin-falls/118-cheney-dr-w
MN,North Branch,5330 St Croix Trail,north-branch,5330-st-croix-trail,https://locations.chipotle.com/mn/north-branch/5330-st-croix-trail
VA,Fredericksburg,5621 Plank Rd,fredericksburg,5621-plank-rd,https://locations.chipotle.com/va/fredericksburg/5621-plank-rd
PA,Homestead,650 E Waterfront Dr,homestead,650-e-waterfront-dr,https://locations.chipotle.com/pa/homestead/650-e-waterfront-dr
OR,Tigard,16200 Sw Pacific Hwy,tigard,16200-sw-pacific-hwy,https://locations.chipotle.com/or/tigard/16200-sw-pacific-hwy
NY,Buffalo,2236 Delaware Ave,buffalo,2236-delaware-ave,https://locations.chipotle.com/ny/buffalo/2236-delaware-ave
WA,Poulsbo,21401 Olhava Way,poulsbo,21401-olhava-way,https://locations.chipotle.com/wa/poulsbo/21401-olhava-way
UT,Park City,6699 N Landmark Dr,park-city,6699-n-landmark-dr,https://locations.chipotle.com/ut/park-city/6699-n-landmark-dr
CA,Sacramento,2650 Arena Blvd,sacramento,2650-arena-blvd,https://locations.chipotle.com/ca/sacramento/2650-arena-blvd
FL,Haines City,35654 Us 27 N,haines-city,35654-us-27-n,https://locations.chipotle.com/fl/haines-city/35654-us-27-n
NY,Bronx,1776 Eastchester Rd,bronx,1776-eastchester-rd,https://locations.chipotle.com/ny/bronx/1776-eastchester-rd
VA,Richmond,3064 N Arthur Ashe Blvd,richmond,3064-n-arthur-ashe-blvd,https://locations.chipotle.com/va/richmond/3064-n-arthur-ashe-blvd
TX,Brownsville,2425 Paredes Line Rd,brownsville,2425-paredes-line-rd,https://locations.chipotle.com/tx/brownsville/2425-paredes-line-rd
IN,Evansville,1310 Hirschland Rd,evansville,1310-hirschland-rd,https://locations.chipotle.com/in/evansville/1310-hirschland-rd
PA,Philadelphia,12000 Roosevelt Blvd,philadelphia,12000-roosevelt-blvd,https://locations.chipotle.com/pa/philadelphia/12000-roosevelt-blvd
CO,Colorado Springs,6530 Tutt Blvd,colorado-springs,6530-tutt-blvd,https://locations.chipotle.com/co/colorado-springs/6530-tutt-blvd
VA,Stafford,810 Wonder Rd,stafford,810-wonder-rd,https://locations.chipotle.com/va/stafford/810-wonder-rd
FL,Melbourne,4999 N Wickham Rd,melbourne,4999-n-wickham-rd,https://locations.chipotle.com/fl/melbourne/4999-n-wickham-rd
TN,Millington,8599 Us Highway 51 N,millington,8599-us-highway-51-n,https://locations.chipotle.com/tn/millington/8599-us-highway-51-n
UT,Vineyard,661 E 450 N,vineyard,661-e-450-n,https://locations.chipotle.com/ut/vineyard/661-e-450-n
OH,North Ridgeville,34712 Center Ridge Rd,north-ridgeville,34712-center-ridge-rd,https://locations.chipotle.com/oh/north-ridgeville/34712-center-ridge-rd
NY,Johnson City,621 Harry L Dr,johnson-city,621-harry-l-dr,https://locations.chipotle.com/ny/johnson-city/621-harry-l-dr
NC,Roanoke Rapids,304 Premier Blvd,roanoke-rapids,304-premier-blvd,https://locations.chipotle.com/nc/roanoke-rapids/304-premier-blvd
OH,Cincinnati,3639 W Fork Rd,cincinnati,3639-w-fork-rd,https://locations.chipotle.com/oh/cincinnati/3639-w-fork-rd
GA,Grayson,1860 Grayson Hwy,grayson,1860-grayson-hwy,https://locations.chipotle.com/ga/grayson/1860-grayson-hwy
CA,Redwood City,224 Redwood Shores Pkwy,redwood-city,224-redwood-shores-pkwy,https://locations.chipotle.com/ca/redwood-city/224-redwood-shores-pkwy
CA,Bakersfield,3345 Buena Vista Rd,bakersfield,3345-buena-vista-rd,https://locations.chipotle.com/ca/bakersfield/3345-buena-vista-rd
OR,Warrenton,103a Us 101,warrenton,103a-us-101,https://locations.chipotle.com/or/warrenton/103a-us-101
ID,Caldwell,5005 Cleveland Blvd,caldwell,5005-cleveland-blvd,https://locations.chipotle.com/id/caldwell/5005-cleveland-blvd
TX,Houston,12625 State Highway 249,houston,12625-state-highway-249,https://locations.chipotle.com/tx/houston/12625-state-highway-249
FL,Orange Park,876 Blanding Blvd,orange-park,876-blanding-blvd,https://locations.chipotle.com/fl/orange-park/876-blanding-blvd
CO,Castle Rock,5954 Promenade Pkwy,castle-rock,5954-promenade-pkwy,https://locations.chipotle.com/co/castle-rock/5954-promenade-pkwy
CA,Stockton,1205 E Hammer Ln,stockton,1205-e-hammer-ln,https://locations.chipotle.com/ca/stockton/1205-e-hammer-ln
CA,Huntington Beach,20962 Magnolia St,huntington-beach,20962-magnolia-st,https://locations.chipotle.com/ca/huntington-beach/20962-magnolia-st
WY,Laramie,2615 E Grand Ave,laramie,2615-e-grand-ave,https://locations.chipotle.com/wy/laramie/2615-e-grand-ave
IL,Chicago,2935 W Peterson Ave,chicago,2935-w-peterson-ave,https://locations.chipotle.com/il/chicago/2935-w-peterson-ave
WV,Beckley,1080 N Eisenhower Dr,beckley,1080-n-eisenhower-dr,https://locations.chipotle.com/wv/beckley/1080-n-eisenhower-dr
VA,Winchester,120 Merchant St,winchester,120-merchant-st,https://locations.chipotle.com/va/winchester/120-merchant-st
UT,South Salt Lake,2140 S State St,south-salt-lake,2140-s-state-st,https://locations.chipotle.com/ut/south-salt-lake/2140-s-state-st
GA,Lilburn,4805 Lawrenceville Hwy Nw,lilburn,4805-lawrenceville-hwy-nw,https://locations.chipotle.com/ga/lilburn/4805-lawrenceville-hwy-nw
CA,Bakersfield,9723 Panama Ln,bakersfield,9723-panama-ln,https://locations.chipotle.com/ca/bakersfield/9723-panama-ln
FL,Jacksonville,11919 Atlantic Blvd,jacksonville,11919-atlantic-blvd,https://locations.chipotle.com/fl/jacksonville/11919-atlantic-blvd
FL,Apopka,1215 W Orange Blossom Trl,apopka,1215-w-orange-blossom-trl,https://locations.chipotle.com/fl/apopka/1215-w-orange-blossom-trl
CA,Wildomar,24032 Clinton Keith Rd,wildomar,24032-clinton-keith-rd,https://locations.chipotle.com/ca/wildomar/24032-clinton-keith-rd
NV,Pahrump,540 S Hwy 160,pahrump,540-s-hwy-160,https://locations.chipotle.com/nv/pahrump/540-s-hwy-160
GA,South Fulton,5823 Campbellton Rd Sw,south-fulton,5823-campbellton-rd-sw,https://locations.chipotle.com/ga/south-fulton/5823-campbellton-rd-sw
GA,Lawrenceville,1475 Pleasant Hill Rd,lawrenceville,1475-pleasant-hill-rd,https://locations.chipotle.com/ga/lawrenceville/1475-pleasant-hill-rd
MT,Great Falls,1900 10th Ave S,great-falls,1900-10th-ave-s,https://locations.chipotle.com/mt/great-falls/1900-10th-ave-s
NY,Bronx,557 Grand Concourse,bronx,557-grand-concourse,https://locations.chipotle.com/ny/bronx/557-grand-concourse
KY,Hopkinsville,3100 Fort Campbell Blvd,hopkinsville,3100-fort-campbell-blvd,https://locations.chipotle.com/ky/hopkinsville/3100-fort-campbell-blvd
WA,College Place,1715 Se Meadowbrook Blvd,college-place,1715-se-meadowbrook-blvd,https://locations.chipotle.com/wa/college-place/1715-se-meadowbrook-blvd
AZ,Tucson,5353 E Broadway Blvd,tucson,5353-e-broadway-blvd,https://locations.chipotle.com/az/tucson/5353-e-broadway-blvd
OR,Ontario,1657 E Idaho Ave,ontario,1657-e-idaho-ave,https://locations.chipotle.com/or/ontario/1657-e-idaho-ave
MS,Madison,164 Grandview Blvd,madison,164-grandview-blvd,https://locations.chipotle.com/ms/madison/164-grandview-blvd
GA,Fort Oglethorpe,2989 Battlefield Pkwy,fort-oglethorpe,2989-battlefield-pkwy,https://locations.chipotle.com/ga/fort-oglethorpe/2989-battlefield-pkwy
PA,Pittsburgh,3510 Forbes Ave,pittsburgh,3510-forbes-ave,https://locations.chipotle.com/pa/pittsburgh/3510-forbes-ave
FL,Davenport,2116 Triglia Way,davenport,2116-triglia-way,https://locations.chipotle.com/fl/davenport/2116-triglia-way
MS,Flowood,108 Market St,flowood,108-market-st,https://locations.chipotle.com/ms/flowood/108-market-st
SC,Indian Land,7680 Charlotte Hwy,indian-land,7680-charlotte-hwy,https://locations.chipotle.com/sc/indian-land/7680-charlotte-hwy
PA,Tarentum,1003 Village Center Dr,tarentum,1003-village-center-dr,https://locations.chipotle.com/pa/tarentum/1003-village-center-dr
CT,Monroe,143 Purdy Hill Rd,monroe,143-purdy-hill-rd,https://locations.chipotle.com/ct/monroe/143-purdy-hill-rd
RI,Rumford,75 Newport Ave,rumford,75-newport-ave,https://locations.chipotle.com/ri/rumford/75-newport-ave
WV,Morgantown,117 Foxtown Dr,morgantown,117-foxtown-dr,https://locations.chipotle.com/wv/morgantown/117-foxtown-dr
CA,Atascadero,6435 Morro Rd,atascadero,6435-morro-rd,https://locations.chipotle.com/ca/atascadero/6435-morro-rd
MD,Columbia,9851 Broken Land Pkwy,columbia,9851-broken-land-pkwy,https://locations.chipotle.com/md/columbia/9851-broken-land-pkwy
WA,Vancouver,14003 Ne 10th Ave,vancouver,14003-ne-10th-ave,https://locations.chipotle.com/wa/vancouver/14003-ne-10th-ave
IL,Bolingbrook,256 S Weber Rd,bolingbrook,256-s-weber-rd,https://locations.chipotle.com/il/bolingbrook/256-s-weber-rd
MD,Charlotte Hall,30030 Three Notch Rd,charlotte-hall,30030-three-notch-rd,https://locations.chipotle.com/md/charlotte-hall/30030-three-notch-rd
PA,Johnstown,1431 Scalp Avenue,johnstown,1431-scalp-avenue,https://locations.chipotle.com/pa/johnstown/1431-scalp-avenue
IN,Mishawaka,4411 Lincolnway E,mishawaka,4411-lincolnway-e,https://locations.chipotle.com/in/mishawaka/4411-lincolnway-e
IN,Bloomington,3151 W 3rd St,bloomington,3151-w-3rd-st,https://locations.chipotle.com/in/bloomington/3151-w-3rd-st
OR,Lebanon,2590 S Santiam Hwy,lebanon,2590-s-santiam-hwy,https://locations.chipotle.com/or/lebanon/2590-s-santiam-hwy
IN,Chesterton,2700 Matson Dr,chesterton,2700-matson-dr,https://locations.chipotle.com/in/chesterton/2700-matson-dr
MA,Marlborough,651 Boston Post Road East,marlborough,651-boston-post-road-east,https://locations.chipotle.com/ma/marlborough/651-boston-post-road-east
WA,Spokane,9926 West Sunset Highway,spokane,9926-west-sunset-highway,https://locations.chipotle.com/wa/spokane/9926-west-sunset-highway
UT,Pleasant Grove,470 S Pleasant Grove Blvd,pleasant-grove,470-s-pleasant-grove-blvd,https://locations.chipotle.com/ut/pleasant-grove/470-s-pleasant-grove-blvd
IA,Davenport,1020 W Kimberly Rd,davenport,1020-w-kimberly-rd,https://locations.chipotle.com/ia/davenport/1020-w-kimberly-rd
NE,Omaha,19005 Oakmont Dr,omaha,19005-oakmont-dr,https://locations.chipotle.com/ne/omaha/19005-oakmont-dr
PA,Pittsburgh,50 Towne Square Way,pittsburgh,50-towne-square-way,https://locations.chipotle.com/pa/pittsburgh/50-towne-square-way
PA,Royersford,70 Buckwalter Rd,royersford,70-buckwalter-rd,https://locations.chipotle.com/pa/royersford/70-buckwalter-rd
TX,Princeton,800 W Princeton Drive,princeton,800-w-princeton-drive,https://locations.chipotle.com/tx/princeton/800-w-princeton-drive
TN,Kingsport,1401 E Stone Dr,kingsport,1401-e-stone-dr,https://locations.chipotle.com/tn/kingsport/1401-e-stone-dr
TX,Lubbock,11909 Quaker Ave,lubbock,11909-quaker-ave,https://locations.chipotle.com/tx/lubbock/11909-quaker-ave
NC,Charlotte,4022 Connection Point Blvd,charlotte,4022-connection-point-blvd,https://locations.chipotle.com/nc/charlotte/4022-connection-point-blvd
CA,Yucca Valley,57592 29 Palms Hwy,yucca-valley,57592-29-palms-hwy,https://locations.chipotle.com/ca/yucca-valley/57592-29-palms-hwy
OR,Corvallis,550 Ne Circle Blvd,corvallis,550-ne-circle-blvd,https://locations.chipotle.com/or/corvallis/550-ne-circle-blvd
UT,Eagle Mountain,4315 N Pony Express Pkwy,eagle-mountain,4315-n-pony-express-pkwy,https://locations.chipotle.com/ut/eagle-mountain/4315-n-pony-express-pkwy
NE,Fremont,3550 E Elk Ln,fremont,3550-e-elk-ln,https://locations.chipotle.com/ne/fremont/3550-e-elk-ln
TX,Stafford,3549 S Main St,stafford,3549-s-main-st,https://locations.chipotle.com/tx/stafford/3549-s-main-st
MA,Medfield,250 Main Street,medfield,250-main-street,https://locations.chipotle.com/ma/medfield/250-main-street
CA,Hayward,22263 Foothill Boulevard,hayward,22263-foothill-boulevard,https://locations.chipotle.com/ca/hayward/22263-foothill-boulevard
WV,Weirton,261 Saint Thomas Dr,weirton,261-saint-thomas-dr,https://locations.chipotle.com/wv/weirton/261-saint-thomas-dr
CO,Clifton,3233 I 70 Business Loop,clifton,3233-i-70-business-loop,https://locations.chipotle.com/co/clifton/3233-i-70-business-loop
IL,Evergreen Park,3259 W 95th Street,evergreen-park,3259-w-95th-street,https://locations.chipotle.com/il/evergreen-park/3259-w-95th-street
OH,Maple Heights,5501 Warrensville Center Rd,maple-heights,5501-warrensville-center-rd,https://locations.chipotle.com/oh/maple-heights/5501-warrensville-center-rd
AL,Birmingham,5342 Highway 280,birmingham,5342-highway-280,https://locations.chipotle.com/al/birmingham/5342-highway-280
MS,Pearl,5718 Highway 80 E,pearl,5718-highway-80-e,https://locations.chipotle.com/ms/pearl/5718-highway-80-e
MO,Saint Louis,9621 Manchester Rd,saint-louis,9621-manchester-rd,https://locations.chipotle.com/mo/saint-louis/9621-manchester-rd
CA,Visalia,248 N Plaza Dr,visalia,248-n-plaza-dr,https://locations.chipotle.com/ca/visalia/248-n-plaza-dr
AZ,Peoria,28576 N El Mirage Rd,peoria,28576-n-el-mirage-rd,https://locations.chipotle.com/az/peoria/28576-n-el-mirage-rd
PA,Pottstown,200 Shoemaker Rd,pottstown,200-shoemaker-rd,https://locations.chipotle.com/pa/pottstown/200-shoemaker-rd
MA,Medway,67b Main St,medway,67b-main-st,https://locations.chipotle.com/ma/medway/67b-main-st
MD,Dundalk,1723 Merritt Boulevard,dundalk,1723-merritt-boulevard,https://locations.chipotle.com/md/dundalk/1723-merritt-boulevard
PA,Uniontown,65 Matthew Dr,uniontown,65-matthew-dr,https://locations.chipotle.com/pa/uniontown/65-matthew-dr
TX,Temple,7121 W Adams Ave,temple,7121-w-adams-ave,https://locations.chipotle.com/tx/temple/7121-w-adams-ave
FL,Orlando,7091 Narcoossee Rd,orlando,7091-narcoossee-rd,https://locations.chipotle.com/fl/orlando/7091-narcoossee-rd
NY,Rochester,2735 Monroe Ave,rochester,2735-monroe-ave,https://locations.chipotle.com/ny/rochester/2735-monroe-ave
IL,Marion,2804 Joseph Cannon Way,marion,2804-joseph-cannon-way,https://locations.chipotle.com/il/marion/2804-joseph-cannon-way
CO,Falcon,7565 Falcon Market Pl,falcon,7565-falcon-market-pl,https://locations.chipotle.com/co/falcon/7565-falcon-market-pl
IN,Evansville,4710 W Lloyd Expy,evansville,4710-w-lloyd-expy,https://locations.chipotle.com/in/evansville/4710-w-lloyd-expy
FL,Deerfield Beach,3311 W Hillsboro Blvd,deerfield-beach,3311-w-hillsboro-blvd,https://locations.chipotle.com/fl/deerfield-beach/3311-w-hillsboro-blvd
UT,West Valley City,2640 S 5600 W,west-valley-city,2640-s-5600-w,https://locations.chipotle.com/ut/west-valley-city/2640-s-5600-w
TX,Austin,12400 W Us Highway 290,austin,12400-w-us-highway-290,https://locations.chipotle.com/tx/austin/12400-w-us-highway-290
AZ,Gilbert,3785 S Val Vista Dr,gilbert,3785-s-val-vista-dr,https://locations.chipotle.com/az/gilbert/3785-s-val-vista-dr
OR,Wood Village,920 Ne Wood Village Blvd,wood-village,920-ne-wood-village-blvd,https://locations.chipotle.com/or/wood-village/920-ne-wood-village-blvd
GA,Waycross,1751 Memorial Dr,waycross,1751-memorial-dr,https://locations.chipotle.com/ga/waycross/1751-memorial-dr
AL,Daphne,914 Van Ave,daphne,914-van-ave,https://locations.chipotle.com/al/daphne/914-van-ave
FL,Jacksonville,9172 Baymeadows Rd,jacksonville,9172-baymeadows-rd,https://locations.chipotle.com/fl/jacksonville/9172-baymeadows-rd
NV,Las Vegas,4332 W Cactus Ave,las-vegas,4332-w-cactus-ave,https://locations.chipotle.com/nv/las-vegas/4332-w-cactus-ave
IL,Dixon,1681 S Galena Ave,dixon,1681-s-galena-ave,https://locations.chipotle.com/il/dixon/1681-s-galena-ave
NJ,Shrewsbury,490b Shrewsbury Plz,shrewsbury,490b-shrewsbury-plz,https://locations.chipotle.com/nj/shrewsbury/490b-shrewsbury-plz
CA,Chino,8417 Pine Ave,chino,8417-pine-ave,https://locations.chipotle.com/ca/chino/8417-pine-ave
NJ,Toms River,465 Route 37 E,toms-river,465-route-37-e,https://locations.chipotle.com/nj/toms-river/465-route-37-e
VA,Chesterfield,15500 Hull Street Road,chesterfield,15500-hull-street-road,https://locations.chipotle.com/va/chesterfield/15500-hull-street-road
WV,White Hall,246 Middletown Loop,white-hall,246-middletown-loop,https://locations.chipotle.com/wv/white-hall/246-middletown-loop
WA,Spokane Valley,8909 E Trent Ave,spokane-valley,8909-e-trent-ave,https://locations.chipotle.com/wa/spokane-valley/8909-e-trent-ave
WA,Bremerton,4350 Wheaton Way,bremerton,4350-wheaton-way,https://locations.chipotle.com/wa/bremerton/4350-wheaton-way
MN,Inver Grove Heights,5697 Blaine Ave,inver-grove-heights,5697-blaine-ave,https://locations.chipotle.com/mn/inver-grove-heights/5697-blaine-ave
UT,Syracuse,1975 W 1700 S,syracuse,1975-w-1700-s,https://locations.chipotle.com/ut/syracuse/1975-w-1700-s
OH,Lebanon,1205 Columbus Ave,lebanon,1205-columbus-ave,https://locations.chipotle.com/oh/lebanon/1205-columbus-ave
SC,Rock Hill,330 Herlong Ave,rock-hill,330-herlong-ave,https://locations.chipotle.com/sc/rock-hill/330-herlong-ave
IA,Waukee,425 E Hickman Rd,waukee,425-e-hickman-rd,https://locations.chipotle.com/ia/waukee/425-e-hickman-rd
IN,Brownsburg,937 N Green St,brownsburg,937-n-green-st,https://locations.chipotle.com/in/brownsburg/937-n-green-st
PA,Monaca,89 Wagner Rd,monaca,89-wagner-rd,https://locations.chipotle.com/pa/monaca/89-wagner-rd
TX,Fort Worth,6301 N Beach St,fort-worth,6301-n-beach-st,https://locations.chipotle.com/tx/fort-worth/6301-n-beach-st
OH,North Royalton,5702 Royalton Rd,north-royalton,5702-royalton-rd,https://locations.chipotle.com/oh/north-royalton/5702-royalton-rd
OH,Berea,399 W Bagley Rd,berea,399-w-bagley-rd,https://locations.chipotle.com/oh/berea/399-w-bagley-rd
IN,Auburn,1150 W 7th St,auburn,1150-w-7th-st,https://locations.chipotle.com/in/auburn/1150-w-7th-st
OK,Broken Arrow,5405 S Aspen Ave,broken-arrow,5405-s-aspen-ave,https://locations.chipotle.com/ok/broken-arrow/5405-s-aspen-ave
MD,North East,2570 Pulaski Hwy,north-east,2570-pulaski-hwy,https://locations.chipotle.com/md/north-east/2570-pulaski-hwy
IL,Rolling Meadows,1458 Golf Rd,rolling-meadows,1458-golf-rd,https://locations.chipotle.com/il/rolling-meadows/1458-golf-rd
CA,Indio,49810 Jefferson St,indio,49810-jefferson-st,https://locations.chipotle.com/ca/indio/49810-jefferson-st
PA,Reading,5411 Perkiomen Ave,reading,5411-perkiomen-ave,https://locations.chipotle.com/pa/reading/5411-perkiomen-ave
AL,Florence,311 Cox Creek Pkwy,florence,311-cox-creek-pkwy,https://locations.chipotle.com/al/florence/311-cox-creek-pkwy
TX,Richmond,7111 Fm 1464 Rd,richmond,7111-fm-1464-rd,https://locations.chipotle.com/tx/richmond/7111-fm-1464-rd
OH,Cleveland,3530 Steelyard Dr,cleveland,3530-steelyard-dr,https://locations.chipotle.com/oh/cleveland/3530-steelyard-dr
FL,Crestview,2680 S Ferdon Blvd,crestview,2680-s-ferdon-blvd,https://locations.chipotle.com/fl/crestview/2680-s-ferdon-blvd
OH,Lima,1925 Bellefontaine Rd,lima,1925-bellefontaine-rd,https://locations.chipotle.com/oh/lima/1925-bellefontaine-rd
TX,Houston,4561 Fm 1960 Rd W,houston,4561-fm-1960-rd-w,https://locations.chipotle.com/tx/houston/4561-fm-1960-rd-w
IN,Jeffersonville,1620 Veterans Pkwy,jeffersonville,1620-veterans-pkwy,https://locations.chipotle.com/in/jeffersonville/1620-veterans-pkwy
CA,Murrieta,27970 Clinton Keith Rd,murrieta,27970-clinton-keith-rd,https://locations.chipotle.com/ca/murrieta/27970-clinton-keith-rd
FL,Pembroke Pines,8559 Pines Blvd,pembroke-pines,8559-pines-blvd,https://locations.chipotle.com/fl/pembroke-pines/8559-pines-blvd
NJ,Phillipsburg,1314 Us Rte 22 E,phillipsburg,1314-us-rte-22-e,https://locations.chipotle.com/nj/phillipsburg/1314-us-rte-22-e
CA,Merced,3120 Campus Pkwy,merced,3120-campus-pkwy,https://locations.chipotle.com/ca/merced/3120-campus-pkwy
NJ,North Brunswick,229 Grand Ave,north-brunswick,229-grand-ave,https://locations.chipotle.com/nj/north-brunswick/229-grand-ave
OR,Milwaukie,15717 Se Mcloughlin Blvd,milwaukie,15717-se-mcloughlin-blvd,https://locations.chipotle.com/or/milwaukie/15717-se-mcloughlin-blvd
AZ,Scottsdale,8099 E Mcdowell Rd,scottsdale,8099-e-mcdowell-rd,https://locations.chipotle.com/az/scottsdale/8099-e-mcdowell-rd
NY,Bronx,31 Hugh J Grant Cir,bronx,31-hugh-j-grant-cir,https://locations.chipotle.com/ny/bronx/31-hugh-j-grant-cir
FL,Davenport,49539 Highway 27,davenport,49539-highway-27,https://locations.chipotle.com/fl/davenport/49539-highway-27
FL,Sebring,1310 Us Highway 27 N,sebring,1310-us-highway-27-n,https://locations.chipotle.com/fl/sebring/1310-us-highway-27-n
CA,Jurupa Valley,4152 Pyrite St,jurupa-valley,4152-pyrite-st,https://locations.chipotle.com/ca/jurupa-valley/4152-pyrite-st
OH,Chillicothe,6 Saint Andrews Blvd,chillicothe,6-saint-andrews-blvd,https://locations.chipotle.com/oh/chillicothe/6-saint-andrews-blvd
MD,Cockeysville,York Road,cockeysville,york-road,https://locations.chipotle.com/md/cockeysville/york-road
PA,Thorndale,3203 E Lincoln Hwy East,thorndale,3203-e-lincoln-hwy-east,https://locations.chipotle.com/pa/thorndale/3203-e-lincoln-hwy-east
NJ,Vineland,3880 S Delsea Dr,vineland,3880-s-delsea-dr,https://locations.chipotle.com/nj/vineland/3880-s-delsea-dr
MN,Moorhead,3262 Us 10 E,moorhead,3262-us-10-e,https://locations.chipotle.com/mn/moorhead/3262-us-10-e
NV,North Las Vegas,6780 N 5th St,north-las-vegas,6780-n-5th-st,https://locations.chipotle.com/nv/north-las-vegas/6780-n-5th-st
CA,Fontana,8030 Cherry Ave,fontana,8030-cherry-ave,https://locations.chipotle.com/ca/fontana/8030-cherry-ave
TX,Abilene,1631 Hwy 351,abilene,1631-hwy-351,https://locations.chipotle.com/tx/abilene/1631-hwy-351
FL,Sanford,277 High Water Ln,sanford,277-high-water-ln,https://locations.chipotle.com/fl/sanford/277-high-water-ln
TN,Arlington,5350 Airline Rd,arlington,5350-airline-rd,https://locations.chipotle.com/tn/arlington/5350-airline-rd
NC,Wilmington,7964 Market St,wilmington,7964-market-st,https://locations.chipotle.com/nc/wilmington/7964-market-st
SC,Gaffney,1602 W Floyd Baker Blvd,gaffney,1602-w-floyd-baker-blvd,https://locations.chipotle.com/sc/gaffney/1602-w-floyd-baker-blvd
IN,Camby,8052 Upland Bnd,camby,8052-upland-bnd,https://locations.chipotle.com/in/camby/8052-upland-bnd
GA,Mableton,4835 Floyd Rd Sw,mableton,4835-floyd-rd-sw,https://locations.chipotle.com/ga/mableton/4835-floyd-rd-sw
NE,Elkhorn,18404 Evans St,elkhorn,18404-evans-st,https://locations.chipotle.com/ne/elkhorn/18404-evans-st
MT,Billings,548 Main St,billings,548-main-st,https://locations.chipotle.com/mt/billings/548-main-st
IL,Minooka,462 W Mondamin St,minooka,462-w-mondamin-st,https://locations.chipotle.com/il/minooka/462-w-mondamin-st
PA,Pittsburgh,978 Greentree Rd,pittsburgh,978-greentree-rd,https://locations.chipotle.com/pa/pittsburgh/978-greentree-rd
CA,Sanger,2880 Jensen Ave,sanger,2880-jensen-ave,https://locations.chipotle.com/ca/sanger/2880-jensen-ave
IL,Lansing,2302 Thornton Lansing Rd,lansing,2302-thornton-lansing-rd,https://locations.chipotle.com/il/lansing/2302-thornton-lansing-rd
NV,Elko,2405 Mountain City Hwy,elko,2405-mountain-city-hwy,https://locations.chipotle.com/nv/elko/2405-mountain-city-hwy
MD,Glen Burnie,920 Cromwell Park Dr,glen-burnie,920-cromwell-park-dr,https://locations.chipotle.com/md/glen-burnie/920-cromwell-park-dr
OH,Parma,1642 Snow Rd,parma,1642-snow-rd,https://locations.chipotle.com/oh/parma/1642-snow-rd
KY,Lexington,3900 Fountainblue Ln,lexington,3900-fountainblue-ln,https://locations.chipotle.com/ky/lexington/3900-fountainblue-ln
FL,Longwood,860 W Fl 434,longwood,860-w-fl-434,https://locations.chipotle.com/fl/longwood/860-w-fl-434
MI,Detroit,630 Woodward Ave,detroit,630-woodward-ave,https://locations.chipotle.com/mi/detroit/630-woodward-ave
IL,Des Plaines,1361 Lee St,des-plaines,1361-lee-st,https://locations.chipotle.com/il/des-plaines/1361-lee-st
OH,Westlake,25350 Detroit Rd,westlake,25350-detroit-rd,https://locations.chipotle.com/oh/westlake/25350-detroit-rd
WI,Oshkosh,440 S Koeller St,oshkosh,440-s-koeller-st,https://locations.chipotle.com/wi/oshkosh/440-s-koeller-st
IL,Barrington,550 N Hough St,barrington,550-n-hough-st,https://locations.chipotle.com/il/barrington/550-n-hough-st
NJ,Mount Laurel,3109 Route 38,mount-laurel,3109-route-38,https://locations.chipotle.com/nj/mount-laurel/3109-route-38
PA,Douglassville,15 Maplewood Dr,douglassville,15-maplewood-dr,https://locations.chipotle.com/pa/douglassville/15-maplewood-dr
TX,Houston,11710 South Fwy,houston,11710-south-fwy,https://locations.chipotle.com/tx/houston/11710-south-fwy
FL,Orlando,6756 Grand National Dr,orlando,6756-grand-national-dr,https://locations.chipotle.com/fl/orlando/6756-grand-national-dr
CA,Clovis,3620 Shaw Ave,clovis,3620-shaw-ave,https://locations.chipotle.com/ca/clovis/3620-shaw-ave
OH,New Albany,9825 Johnstown Rd,new-albany,9825-johnstown-rd,https://locations.chipotle.com/oh/new-albany/9825-johnstown-rd
PA,New Castle,2541 W State St,new-castle,2541-w-state-st,https://locations.chipotle.com/pa/new-castle/2541-w-state-st
VA,Charlottesville,109 Community St,charlottesville,109-community-st,https://locations.chipotle.com/va/charlottesville/109-community-st
MD,Upper Marlboro,7623 S Osborne Rd,upper-marlboro,7623-s-osborne-rd,https://locations.chipotle.com/md/upper-marlboro/7623-s-osborne-rd
PA,Sadsbury Township,506 Nova Way,sadsbury-township,506-nova-way,https://locations.chipotle.com/pa/sadsbury-township/506-nova-way
MS,Oxford,702 Sisk Ave,oxford,702-sisk-ave,https://locations.chipotle.com/ms/oxford/702-sisk-ave
GA,Mcdonough,1020 Chen Pkwy,mcdonough,1020-chen-pkwy,https://locations.chipotle.com/ga/mcdonough/1020-chen-pkwy
NC,Forest City,176 Sparks Dr,forest-city,176-sparks-dr,https://locations.chipotle.com/nc/forest-city/176-sparks-dr
CA,Winchester,32915 Western Hills Dr,winchester,32915-western-hills-dr,https://locations.chipotle.com/ca/winchester/32915-western-hills-dr
FL,Miami,2750 Sw 27th Ter,miami,2750-sw-27th-ter,https://locations.chipotle.com/fl/miami/2750-sw-27th-ter
NY,Brooklyn,192 Prospect Park W,brooklyn,192-prospect-park-w,https://locations.chipotle.com/ny/brooklyn/192-prospect-park-w
WA,Vancouver,1600 Washington St,vancouver,1600-washington-st,https://locations.chipotle.com/wa/vancouver/1600-washington-st
OH,Avon,1485 Nagel Rd,avon,1485-nagel-rd,https://locations.chipotle.com/oh/avon/1485-nagel-rd
TX,Spring Branch,414 Singing Oaks,spring-branch,414-singing-oaks,https://locations.chipotle.com/tx/spring-branch/414-singing-oaks
TX,Conroe,16966 Concord Dr,conroe,16966-concord-dr,https://locations.chipotle.com/tx/conroe/16966-concord-dr
LA,Baton Rouge,6330 Siegen Ln,baton-rouge,6330-siegen-ln,https://locations.chipotle.com/la/baton-rouge/6330-siegen-ln
NC,Asheboro,1501 E Dixie Dr,asheboro,1501-e-dixie-dr,https://locations.chipotle.com/nc/asheboro/1501-e-dixie-dr
NY,Yorktown Heights,3180 Crompond Rd,yorktown-heights,3180-crompond-rd,https://locations.chipotle.com/ny/yorktown-heights/3180-crompond-rd
TX,Houston,8825 West Loop S,houston,8825-west-loop-s,https://locations.chipotle.com/tx/houston/8825-west-loop-s
NJ,Absecon,420 White Horse Pike,absecon,420-white-horse-pike,https://locations.chipotle.com/nj/absecon/420-white-horse-pike
PA,Somerset,1180 N Center Ave,somerset,1180-n-center-ave,https://locations.chipotle.com/pa/somerset/1180-n-center-ave
MN,Saint Michael,726 Central Ave E,saint-michael,726-central-ave-e,https://locations.chipotle.com/mn/saint-michael/726-central-ave-e
IA,Coralville,3260 Redhawk St,coralville,3260-redhawk-st,https://locations.chipotle.com/ia/coralville/3260-redhawk-st
FL,Wesley Chapel,28906 Sr 54,wesley-chapel,28906-sr-54,https://locations.chipotle.com/fl/wesley-chapel/28906-sr-54
MD,Cambridge,Sunburst Highway,cambridge,sunburst-highway,https://locations.chipotle.com/md/cambridge/sunburst-highway
KY,Versailles,263 Kroger Way,versailles,263-kroger-way,https://locations.chipotle.com/ky/versailles/263-kroger-way
ID,Meridian,1737 S Meridian Rd,meridian,1737-s-meridian-rd,https://locations.chipotle.com/id/meridian/1737-s-meridian-rd
NJ,Vineland,1025 W Landis Ave,vineland,1025-w-landis-ave,https://locations.chipotle.com/nj/vineland/1025-w-landis-ave
WI,Grafton,1620 Port Washington Rd,grafton,1620-port-washington-rd,https://locations.chipotle.com/wi/grafton/1620-port-washington-rd
MD,Bel Air,2699 Tobin Crse,bel-air,2699-tobin-crse,https://locations.chipotle.com/md/bel-air/2699-tobin-crse
OK,Tulsa,7655 S Olympia Ave,tulsa,7655-s-olympia-ave,https://locations.chipotle.com/ok/tulsa/7655-s-olympia-ave
FL,Bartow,410 E Van Fleet Dr,bartow,410-e-van-fleet-dr,https://locations.chipotle.com/fl/bartow/410-e-van-fleet-dr
FL,Royal Palm Beach,11929 Southern Blvd,royal-palm-beach,11929-southern-blvd,https://locations.chipotle.com/fl/royal-palm-beach/11929-southern-blvd
CA,Vacaville,851 Davis St,vacaville,851-davis-st,https://locations.chipotle.com/ca/vacaville/851-davis-st
AL,Moody,2001 Moody Pkwy,moody,2001-moody-pkwy,https://locations.chipotle.com/al/moody/2001-moody-pkwy
WA,Bellingham,104 Samish Way,bellingham,104-samish-way,https://locations.chipotle.com/wa/bellingham/104-samish-way
NJ,Bridgeton,14 Centerton Road,bridgeton,14-centerton-road,https://locations.chipotle.com/nj/bridgeton/14-centerton-road
CA,Blythe,100 S Lovekin Blvd,blythe,100-s-lovekin-blvd,https://locations.chipotle.com/ca/blythe/100-s-lovekin-blvd
PA,Lewistown,10444 Us Highway 522 S,lewistown,10444-us-highway-522-s,https://locations.chipotle.com/pa/lewistown/10444-us-highway-522-s
CO,Denver,5560 Tower Rd,denver,5560-tower-rd,https://locations.chipotle.com/co/denver/5560-tower-rd
DC,Washington,1150 1st St Ne,washington,1150-1st-st-ne,https://locations.chipotle.com/dc/washington/1150-1st-st-ne
TX,San Marcos,1506 N Ih 35,san-marcos,1506-n-ih-35,https://locations.chipotle.com/tx/san-marcos/1506-n-ih-35
MI,Plymouth,47135 Five Mile Rd,plymouth,47135-five-mile-rd,https://locations.chipotle.com/mi/plymouth/47135-five-mile-rd
OH,Mentor On The Lake,5995 Andrews Rd,mentor-on-the-lake,5995-andrews-rd,https://locations.chipotle.com/oh/mentor-on-the-lake/5995-andrews-rd
CA,San Diego,8856 Navajo Rd,san-diego,8856-navajo-rd,https://locations.chipotle.com/ca/san-diego/8856-navajo-rd
OR,Klamath Falls,2508 S 6th St,klamath-falls,2508-s-6th-st,https://locations.chipotle.com/or/klamath-falls/2508-s-6th-st
OR,Eugene,2840 Willamette St,eugene,2840-willamette-st,https://locations.chipotle.com/or/eugene/2840-willamette-st
OH,Wooster,133 Beall Ave,wooster,133-beall-ave,https://locations.chipotle.com/oh/wooster/133-beall-ave
MN,Buffalo,1200 State Hw 25 N,buffalo,1200-state-hw-25-n,https://locations.chipotle.com/mn/buffalo/1200-state-hw-25-n
OR,Portland,12035 Ne Halsey St,portland,12035-ne-halsey-st,https://locations.chipotle.com/or/portland/12035-ne-halsey-st
GA,Evans,710 Province Way,evans,710-province-way,https://locations.chipotle.com/ga/evans/710-province-way
MI,Madison Heights,424 W 12 Mile Rd,madison-heights,424-w-12-mile-rd,https://locations.chipotle.com/mi/madison-heights/424-w-12-mile-rd
CA,Dixon,2100 N 1st St,dixon,2100-n-1st-st,https://locations.chipotle.com/ca/dixon/2100-n-1st-st
VT,Bennington,106 Northside Dr,bennington,106-northside-dr,https://locations.chipotle.com/vt/bennington/106-northside-dr
CA,Long Beach,3700 Atlantic Ave,long-beach,3700-atlantic-ave,https://locations.chipotle.com/ca/long-beach/3700-atlantic-ave
NJ,Cape May Court House,9 Broadway,cape-may-court-house,9-broadway,https://locations.chipotle.com/nj/cape-may-court-house/9-broadway
NJ,Old Bridge,2030 Us Highway 9,old-bridge,2030-us-highway-9,https://locations.chipotle.com/nj/old-bridge/2030-us-highway-9
NJ,Delran,7023 Route 130,delran,7023-route-130,https://locations.chipotle.com/nj/delran/7023-route-130
UT,Taylorsville,1796 W 5400 S,taylorsville,1796-w-5400-s,https://locations.chipotle.com/ut/taylorsville/1796-w-5400-s
CA,Visalia,530 W Riggin Ave,visalia,530-w-riggin-ave,https://locations.chipotle.com/ca/visalia/530-w-riggin-ave
NC,Harrisburg,4060 Harris Square Drive,harrisburg,4060-harris-square-drive,https://locations.chipotle.com/nc/harrisburg/4060-harris-square-drive
CT,Waterford,124 Boston Post Rd,waterford,124-boston-post-rd,https://locations.chipotle.com/ct/waterford/124-boston-post-rd
SC,Greenville,2105 Augusta St,greenville,2105-augusta-st,https://locations.chipotle.com/sc/greenville/2105-augusta-st
CO,Boulder,1262 College Ave,boulder,1262-college-ave,https://locations.chipotle.com/co/boulder/1262-college-ave
OH,Cincinnati,10613 Springfield Pike,cincinnati,10613-springfield-pike,https://locations.chipotle.com/oh/cincinnati/10613-springfield-pike
AL,Phenix City,3535 Us Highway 280431,phenix-city,3535-us-highway-280431,https://locations.chipotle.com/al/phenix-city/3535-us-highway-280431
IN,Richmond,2511 Chester Blvd,richmond,2511-chester-blvd,https://locations.chipotle.com/in/richmond/2511-chester-blvd
FL,Pompano Beach,2150 W Atlantic Blvd,pompano-beach,2150-w-atlantic-blvd,https://locations.chipotle.com/fl/pompano-beach/2150-w-atlantic-blvd
OR,Portland,10090 Se Washington St,portland,10090-se-washington-st,https://locations.chipotle.com/or/portland/10090-se-washington-st
MI,Rockford,2887 10 Mile Rd Ne,rockford,2887-10-mile-rd-ne,https://locations.chipotle.com/mi/rockford/2887-10-mile-rd-ne
TX,Arlington,4422 S Collins St,arlington,4422-s-collins-st,https://locations.chipotle.com/tx/arlington/4422-s-collins-st
CA,El Cajon,706 Fletcher Pkwy,el-cajon,706-fletcher-pkwy,https://locations.chipotle.com/ca/el-cajon/706-fletcher-pkwy
GA,Kennesaw,4194 Jiles Rd Nw,kennesaw,4194-jiles-rd-nw,https://locations.chipotle.com/ga/kennesaw/4194-jiles-rd-nw
NC,Wendell,2148 Treelight Way,wendell,2148-treelight-way,https://locations.chipotle.com/nc/wendell/2148-treelight-way
GA,South Fulton,6375 Old National Hwy,south-fulton,6375-old-national-hwy,https://locations.chipotle.com/ga/south-fulton/6375-old-national-hwy
OH,Dayton,5850 Springboro Pike,dayton,5850-springboro-pike,https://locations.chipotle.com/oh/dayton/5850-springboro-pike
CA,Emeryville,5761 Christie Ave,emeryville,5761-christie-ave,https://locations.chipotle.com/ca/emeryville/5761-christie-ave
TX,La Marque,2901 Fm 1746,la-marque,2901-fm-1746,https://locations.chipotle.com/tx/la-marque/2901-fm-1746
WA,Covington,17037 Se 272nd St,covington,17037-se-272nd-st,https://locations.chipotle.com/wa/covington/17037-se-272nd-st
GA,Athens,171 E Broad St,athens,171-e-broad-st,https://locations.chipotle.com/ga/athens/171-e-broad-st
NY,Central Valley,4 Locey Ln,central-valley,4-locey-ln,https://locations.chipotle.com/ny/central-valley/4-locey-ln
CA,Rancho Cordova,4001 Sunrise Blvd,rancho-cordova,4001-sunrise-blvd,https://locations.chipotle.com/ca/rancho-cordova/4001-sunrise-blvd
OR,Hillsboro,3010 Se Cornelius Pass Rd,hillsboro,3010-se-cornelius-pass-rd,https://locations.chipotle.com/or/hillsboro/3010-se-cornelius-pass-rd
WA,Auburn,1261 Auburn Way N,auburn,1261-auburn-way-n,https://locations.chipotle.com/wa/auburn/1261-auburn-way-n
NY,Brooklyn,1746 Atlantic Ave,brooklyn,1746-atlantic-ave,https://locations.chipotle.com/ny/brooklyn/1746-atlantic-ave
MO,Kansas City,1814 Westport Rd,kansas-city,1814-westport-rd,https://locations.chipotle.com/mo/kansas-city/1814-westport-rd
NJ,Hamilton,555 Marketplace Blvd,hamilton,555-marketplace-blvd,https://locations.chipotle.com/nj/hamilton/555-marketplace-blvd
IL,Huntley,12990 Route 47,huntley,12990-route-47,https://locations.chipotle.com/il/huntley/12990-route-47
NC,Cary,3402 Kildaire Farm Rd,cary,3402-kildaire-farm-rd,https://locations.chipotle.com/nc/cary/3402-kildaire-farm-rd
NY,Queens,40 15 Queens Blvd,queens,40-15-queens-blvd,https://locations.chipotle.com/ny/queens/40-15-queens-blvd
FL,Winter Garden,13354 Hartzog Rd,winter-garden,13354-hartzog-rd,https://locations.chipotle.com/fl/winter-garden/13354-hartzog-rd
WI,Neenah,1121 Westowne Dr,neenah,1121-westowne-dr,https://locations.chipotle.com/wi/neenah/1121-westowne-dr
TX,Cypress,20703 Tuckerton Rd,cypress,20703-tuckerton-rd,https://locations.chipotle.com/tx/cypress/20703-tuckerton-rd
AZ,Cottonwood,611 S Main St,cottonwood,611-s-main-st,https://locations.chipotle.com/az/cottonwood/611-s-main-st
AR,Hot Springs,4104 Central Ave,hot-springs,4104-central-ave,https://locations.chipotle.com/ar/hot-springs/4104-central-ave
OH,Centerville,1033 S Main St,centerville,1033-s-main-st,https://locations.chipotle.com/oh/centerville/1033-s-main-st
NV,Reno,13911 S Virginia St,reno,13911-s-virginia-st,https://locations.chipotle.com/nv/reno/13911-s-virginia-st
NY,Hamburg,5340 Southwestern Blvd,hamburg,5340-southwestern-blvd,https://locations.chipotle.com/ny/hamburg/5340-southwestern-blvd
NY,Bronx,3431 Jerome Ave,bronx,3431-jerome-ave,https://locations.chipotle.com/ny/bronx/3431-jerome-ave
GA,Madison,1931 Eatonton Rd,madison,1931-eatonton-rd,https://locations.chipotle.com/ga/madison/1931-eatonton-rd
KS,Olathe,14833 W 151st St,olathe,14833-w-151st-st,https://locations.chipotle.com/ks/olathe/14833-w-151st-st
TN,Nashville,2744 Elm Hill Pike,nashville,2744-elm-hill-pike,https://locations.chipotle.com/tn/nashville/2744-elm-hill-pike
VA,Alexandria,8790 Sacramento Dr,alexandria,8790-sacramento-dr,https://locations.chipotle.com/va/alexandria/8790-sacramento-dr
FL,Merritt Island,455 E Merritt Island Cswy,merritt-island,455-e-merritt-island-cswy,https://locations.chipotle.com/fl/merritt-island/455-e-merritt-island-cswy
SC,Seneca,13014 Clemson Blvd,seneca,13014-clemson-blvd,https://locations.chipotle.com/sc/seneca/13014-clemson-blvd
GA,Richmond Hill,2098 Us Highway 17,richmond-hill,2098-us-highway-17,https://locations.chipotle.com/ga/richmond-hill/2098-us-highway-17
TX,Anna,301 N Central Expy,anna,301-n-central-expy,https://locations.chipotle.com/tx/anna/301-n-central-expy
UT,Clinton,2654 N 2000 W,clinton,2654-n-2000-w,https://locations.chipotle.com/ut/clinton/2654-n-2000-w
TX,Kennedale,5320 Kennedale Sublett Rd,kennedale,5320-kennedale-sublett-rd,https://locations.chipotle.com/tx/kennedale/5320-kennedale-sublett-rd
FL,Deland,125 E International Speedway Blvd,deland,125-e-international-speedway-blvd,https://locations.chipotle.com/fl/deland/125-e-international-speedway-blvd
MO,Liberty,914 Route 291,liberty,914-route-291,https://locations.chipotle.com/mo/liberty/914-route-291
CT,Wilton,14 Danbury Rd,wilton,14-danbury-rd,https://locations.chipotle.com/ct/wilton/14-danbury-rd
RI,Barrington,227 County Rd,barrington,227-county-rd,https://locations.chipotle.com/ri/barrington/227-county-rd
TX,Galveston,6229 Stewart Rd,galveston,6229-stewart-rd,https://locations.chipotle.com/tx/galveston/6229-stewart-rd
IN,Saint John,9525 Wicker Ave,saint-john,9525-wicker-ave,https://locations.chipotle.com/in/saint-john/9525-wicker-ave
TX,Willis,12600 I 45 N,willis,12600-i-45-n,https://locations.chipotle.com/tx/willis/12600-i-45-n
TX,Manvel,17307 Highway 6,manvel,17307-highway-6,https://locations.chipotle.com/tx/manvel/17307-highway-6
FL,Largo,980 Missouri Ave N,largo,980-missouri-ave-n,https://locations.chipotle.com/fl/largo/980-missouri-ave-n
PA,Bloomsburg,9 Wedgetown Rd,bloomsburg,9-wedgetown-rd,https://locations.chipotle.com/pa/bloomsburg/9-wedgetown-rd
CA,Escondido,1310 W Valley Pkwy,escondido,1310-w-valley-pkwy,https://locations.chipotle.com/ca/escondido/1310-w-valley-pkwy
OH,Hartville,1111 W Maple St,hartville,1111-w-maple-st,https://locations.chipotle.com/oh/hartville/1111-w-maple-st
OR,Hillsboro,5344 Ne Brookwood Pkwy,hillsboro,5344-ne-brookwood-pkwy,https://locations.chipotle.com/or/hillsboro/5344-ne-brookwood-pkwy
CA,Los Angeles,2921 Los Feliz Blvd,los-angeles,2921-los-feliz-blvd,https://locations.chipotle.com/ca/los-angeles/2921-los-feliz-blvd
CT,Mansfield,96 Storrs Road,mansfield,96-storrs-road,https://locations.chipotle.com/ct/mansfield/96-storrs-road
MD,Rockville,5504 Norbeck Rd,rockville,5504-norbeck-rd,https://locations.chipotle.com/md/rockville/5504-norbeck-rd
OH,Cincinnati,1202 E Mcmillan St,cincinnati,1202-e-mcmillan-st,https://locations.chipotle.com/oh/cincinnati/1202-e-mcmillan-st
NC,Fort Liberty,8031 Grave St,fort-liberty,8031-grave-st,https://locations.chipotle.com/nc/fort-liberty/8031-grave-st
UT,Magna,8375 W Arbor Park Dr,magna,8375-w-arbor-park-dr,https://locations.chipotle.com/ut/magna/8375-w-arbor-park-dr
IN,Kokomo,3865 S Lafountain St,kokomo,3865-s-lafountain-st,https://locations.chipotle.com/in/kokomo/3865-s-lafountain-st
NC,Greensboro,5615 W Friendly Ave,greensboro,5615-w-friendly-ave,https://locations.chipotle.com/nc/greensboro/5615-w-friendly-ave
CA,Oakhurst,40009 Hwy 49,oakhurst,40009-hwy-49,https://locations.chipotle.com/ca/oakhurst/40009-hwy-49
NJ,Barrington,241 White Horse Pike,barrington,241-white-horse-pike,https://locations.chipotle.com/nj/barrington/241-white-horse-pike
VA,Mechanicsville,9178 Chamberlayne Rd,mechanicsville,9178-chamberlayne-rd,https://locations.chipotle.com/va/mechanicsville/9178-chamberlayne-rd
FL,Bradenton,5002 Cortez Rd W,bradenton,5002-cortez-rd-w,https://locations.chipotle.com/fl/bradenton/5002-cortez-rd-w
ID,Rexburg,1048 Tamana Drive,rexburg,1048-tamana-drive,https://locations.chipotle.com/id/rexburg/1048-tamana-drive
GA,Flowery Branch,3453 Mundy Mill Rd,flowery-branch,3453-mundy-mill-rd,https://locations.chipotle.com/ga/flowery-branch/3453-mundy-mill-rd
NJ,Avenel,1560 St Georges Avenue,avenel,1560-st-georges-avenue,https://locations.chipotle.com/nj/avenel/1560-st-georges-avenue
MI,Port Huron,3962 24th Ave,port-huron,3962-24th-ave,https://locations.chipotle.com/mi/port-huron/3962-24th-ave
FL,Altamonte Springs,760 E Altamonte Dr,altamonte-springs,760-e-altamonte-dr,https://locations.chipotle.com/fl/altamonte-springs/760-e-altamonte-dr
CA,Crescent City,895 L St,crescent-city,895-l-st,https://locations.chipotle.com/ca/crescent-city/895-l-st
PA,Meadville,11409 Vernon Pl,meadville,11409-vernon-pl,https://locations.chipotle.com/pa/meadville/11409-vernon-pl
AR,Centerton,1701 E Centerton Blvd,centerton,1701-e-centerton-blvd,https://locations.chipotle.com/ar/centerton/1701-e-centerton-blvd
NV,Las Vegas,6580 South Decatur Blvd,las-vegas,6580-south-decatur-blvd,https://locations.chipotle.com/nv/las-vegas/6580-south-decatur-blvd
MI,Grand Blanc,12720 S Saginaw St,grand-blanc,12720-s-saginaw-st,https://locations.chipotle.com/mi/grand-blanc/12720-s-saginaw-st
MD,Stevensville,373 Thompson Creek Mall,stevensville,373-thompson-creek-mall,https://locations.chipotle.com/md/stevensville/373-thompson-creek-mall
MO,Wentzville,1944 Wentzville Pkwy,wentzville,1944-wentzville-pkwy,https://locations.chipotle.com/mo/wentzville/1944-wentzville-pkwy
MT,Helena,3017 N Sanders St,helena,3017-n-sanders-st,https://locations.chipotle.com/mt/helena/3017-n-sanders-st
NV,Las Vegas,2080 E Warm Springs Rd,las-vegas,2080-e-warm-springs-rd,https://locations.chipotle.com/nv/las-vegas/2080-e-warm-springs-rd
MN,Roseville,2325 Fairview Ave N,roseville,2325-fairview-ave-n,https://locations.chipotle.com/mn/roseville/2325-fairview-ave-n
IN,Anderson,5813 S Scatterfield Rd,anderson,5813-s-scatterfield-rd,https://locations.chipotle.com/in/anderson/5813-s-scatterfield-rd
NC,Leland,1164 E Cutlar Xing,leland,1164-e-cutlar-xing,https://locations.chipotle.com/nc/leland/1164-e-cutlar-xing
FL,Navarre,8333 Mikajack Ave,navarre,8333-mikajack-ave,https://locations.chipotle.com/fl/navarre/8333-mikajack-ave
OR,Sandy,16605 362nd Ave,sandy,16605-362nd-ave,https://locations.chipotle.com/or/sandy/16605-362nd-ave
ID,Post Falls,950 Id 41,post-falls,950-id-41,https://locations.chipotle.com/id/post-falls/950-id-41
TX,Sherman,3514 S Highway 75,sherman,3514-s-highway-75,https://locations.chipotle.com/tx/sherman/3514-s-highway-75
MI,Clinton Township,24280 Hall Rd,clinton-township,24280-hall-rd,https://locations.chipotle.com/mi/clinton-township/24280-hall-rd
CA,Rocklin,2310 Sunset Blvd,rocklin,2310-sunset-blvd,https://locations.chipotle.com/ca/rocklin/2310-sunset-blvd
NY,New York,321 W 125th St,new-york,321-w-125th-st,https://locations.chipotle.com/ny/new-york/321-w-125th-st
IN,Lebanon,2432 N Lebanon St,lebanon,2432-n-lebanon-st,https://locations.chipotle.com/in/lebanon/2432-n-lebanon-st
TN,Murfreesboro,2963 S Church St,murfreesboro,2963-s-church-st,https://locations.chipotle.com/tn/murfreesboro/2963-s-church-st
VA,Midlothian,13651 Lake Eloise Loop,midlothian,13651-lake-eloise-loop,https://locations.chipotle.com/va/midlothian/13651-lake-eloise-loop
CT,South Windsor,11 Cedar Ave,south-windsor,11-cedar-ave,https://locations.chipotle.com/ct/south-windsor/11-cedar-ave
IL,Schaumburg,1100 N Meacham Rd,schaumburg,1100-n-meacham-rd,https://locations.chipotle.com/il/schaumburg/1100-n-meacham-rd
UT,Saint George,5095 S Desert Color Pkwy,saint-george,5095-s-desert-color-pkwy,https://locations.chipotle.com/ut/saint-george/5095-s-desert-color-pkwy
FL,Tampa,6341 W Waters Ave,tampa,6341-w-waters-ave,https://locations.chipotle.com/fl/tampa/6341-w-waters-ave
PA,Huntingdon Valley,781 Huntingdon Pike,huntingdon-valley,781-huntingdon-pike,https://locations.chipotle.com/pa/huntingdon-valley/781-huntingdon-pike
CA,Highland,27876 Greenspot Rd,highland,27876-greenspot-rd,https://locations.chipotle.com/ca/highland/27876-greenspot-rd
FL,Riverview,10393 Big Bend Rd,riverview,10393-big-bend-rd,https://locations.chipotle.com/fl/riverview/10393-big-bend-rd
NV,Las Vegas,8030 N Buffalo Dr,las-vegas,8030-n-buffalo-dr,https://locations.chipotle.com/nv/las-vegas/8030-n-buffalo-dr
FL,Apopka,10700 Clarcona Ocoee Rd,apopka,10700-clarcona-ocoee-rd,https://locations.chipotle.com/fl/apopka/10700-clarcona-ocoee-rd
UT,West Jordan,5639 W 7800 S,west-jordan,5639-w-7800-s,https://locations.chipotle.com/ut/west-jordan/5639-w-7800-s
OR,Canby,597 Sw 1st Ave,canby,597-sw-1st-ave,https://locations.chipotle.com/or/canby/597-sw-1st-ave
CA,Richmond,4200 Klose Way,richmond,4200-klose-way,https://locations.chipotle.com/ca/richmond/4200-klose-way
NC,Hickory,66 Us Highway 321 Nw,hickory,66-us-highway-321-nw,https://locations.chipotle.com/nc/hickory/66-us-highway-321-nw
NY,Bayside,2390 Bell Blvd,bayside,2390-bell-blvd,https://locations.chipotle.com/ny/bayside/2390-bell-blvd
IN,Jeffersonville,3513 E 10th St,jeffersonville,3513-e-10th-st,https://locations.chipotle.com/in/jeffersonville/3513-e-10th-st
MD,Burtonsville,15701 Old Columbia Pike,burtonsville,15701-old-columbia-pike,https://locations.chipotle.com/md/burtonsville/15701-old-columbia-pike
CA,Cathedral City,68935 E Palm Canyon Dr,cathedral-city,68935-e-palm-canyon-dr,https://locations.chipotle.com/ca/cathedral-city/68935-e-palm-canyon-dr
TN,Johnson City,1801 W State Of Franklin Rd,johnson-city,1801-w-state-of-franklin-rd,https://locations.chipotle.com/tn/johnson-city/1801-w-state-of-franklin-rd
GA,Alpharetta,1060 Ridgeland Pkwy,alpharetta,1060-ridgeland-pkwy,https://locations.chipotle.com/ga/alpharetta/1060-ridgeland-pkwy
AZ,Litchfield Park,5245 N Dysart Rd,litchfield-park,5245-n-dysart-rd,https://locations.chipotle.com/az/litchfield-park/5245-n-dysart-rd
FL,Lecanto,1834 N Lecanto Hwy,lecanto,1834-n-lecanto-hwy,https://locations.chipotle.com/fl/lecanto/1834-n-lecanto-hwy
WA,Port Angeles,2021b E 1st Street,port-angeles,2021b-e-1st-street,https://locations.chipotle.com/wa/port-angeles/2021b-e-1st-street
IL,Mattoon,1400 Fort Worth Way,mattoon,1400-fort-worth-way,https://locations.chipotle.com/il/mattoon/1400-fort-worth-way
CO,Aurora,440 S Airport Blvd,aurora,440-s-airport-blvd,https://locations.chipotle.com/co/aurora/440-s-airport-blvd
PA,Pittsburgh,116 Andrew Dr,pittsburgh,116-andrew-dr,https://locations.chipotle.com/pa/pittsburgh/116-andrew-dr
MN,Minneapolis,1421 4th Street Se,minneapolis,1421-4th-street-se,https://locations.chipotle.com/mn/minneapolis/1421-4th-street-se
OR,Redmond,1395 Sw Canal Blvd,redmond,1395-sw-canal-blvd,https://locations.chipotle.com/or/redmond/1395-sw-canal-blvd
VA,Sterling,24575 Dulles Landing Dr,sterling,24575-dulles-landing-dr,https://locations.chipotle.com/va/sterling/24575-dulles-landing-dr
KY,Bowling Green,2415 Nashville Rd,bowling-green,2415-nashville-rd,https://locations.chipotle.com/ky/bowling-green/2415-nashville-rd
CA,Woodland,1460 E Main St,woodland,1460-e-main-st,https://locations.chipotle.com/ca/woodland/1460-e-main-st
PA,Kingston,588 Market St,kingston,588-market-st,https://locations.chipotle.com/pa/kingston/588-market-st
TX,Pearland,8805 Broadway St,pearland,8805-broadway-st,https://locations.chipotle.com/tx/pearland/8805-broadway-st
CA,Redding,4000 S Bonnyview Rd,redding,4000-s-bonnyview-rd,https://locations.chipotle.com/ca/redding/4000-s-bonnyview-rd
GA,Rincon,421 S Columbia Ave,rincon,421-s-columbia-ave,https://locations.chipotle.com/ga/rincon/421-s-columbia-ave
IL,Chicago,3125 S Ashland Ave,chicago,3125-s-ashland-ave,https://locations.chipotle.com/il/chicago/3125-s-ashland-ave
FL,Spring Hill,10377 County Line Rd,spring-hill,10377-county-line-rd,https://locations.chipotle.com/fl/spring-hill/10377-county-line-rd
NC,Greensboro,3227 West Gate City Boulevard,greensboro,3227-west-gate-city-boulevard,https://locations.chipotle.com/nc/greensboro/3227-west-gate-city-boulevard
SC,Travelers Rest,571 Roe Center Ct,travelers-rest,571-roe-center-ct,https://locations.chipotle.com/sc/travelers-rest/571-roe-center-ct
CT,Danbury,1 Sugar Hollow Rd,danbury,1-sugar-hollow-rd,https://locations.chipotle.com/ct/danbury/1-sugar-hollow-rd
WA,Seattle,2212 N 45th St,seattle,2212-n-45th-st,https://locations.chipotle.com/wa/seattle/2212-n-45th-st
TN,Mount Juliet,11381 Lebanon Rd,mount-juliet,11381-lebanon-rd,https://locations.chipotle.com/tn/mount-juliet/11381-lebanon-rd
CA,Torrance,1019 W Carson St,torrance,1019-w-carson-st,https://locations.chipotle.com/ca/torrance/1019-w-carson-st
GA,East Ellijay,124 Highland Xing S,east-ellijay,124-highland-xing-s,https://locations.chipotle.com/ga/east-ellijay/124-highland-xing-s
OH,Hamilton,5255 Hildenbrand Way,hamilton,5255-hildenbrand-way,https://locations.chipotle.com/oh/hamilton/5255-hildenbrand-way
IN,Fort Wayne,5044 E Dupont Rd,fort-wayne,5044-e-dupont-rd,https://locations.chipotle.com/in/fort-wayne/5044-e-dupont-rd
MA,Gardner,346 Timpany Blvd,gardner,346-timpany-blvd,https://locations.chipotle.com/ma/gardner/346-timpany-blvd
SC,Columbia,5400 Forest Dr,columbia,5400-forest-dr,https://locations.chipotle.com/sc/columbia/5400-forest-dr
NY,Rochester,2000 East Ave,rochester,2000-east-ave,https://locations.chipotle.com/ny/rochester/2000-east-ave
NJ,Wayne,1195 Hamburg Tpke,wayne,1195-hamburg-tpke,https://locations.chipotle.com/nj/wayne/1195-hamburg-tpke
TX,Portland,3048 Us Highway 181,portland,3048-us-highway-181,https://locations.chipotle.com/tx/portland/3048-us-highway-181
OH,Athens,960 E State St,athens,960-e-state-st,https://locations.chipotle.com/oh/athens/960-e-state-st
UT,Tooele,957 N Main St,tooele,957-n-main-st,https://locations.chipotle.com/ut/tooele/957-n-main-st
LA,Metairie,6940 Veterans Memorial Blvd,metairie,6940-veterans-memorial-blvd,https://locations.chipotle.com/la/metairie/6940-veterans-memorial-blvd
FL,Eustis,2300 E Burleigh Blvd,eustis,2300-e-burleigh-blvd,https://locations.chipotle.com/fl/eustis/2300-e-burleigh-blvd
IL,Chicago Heights,1399 Western Ave,chicago-heights,1399-western-ave,https://locations.chipotle.com/il/chicago-heights/1399-western-ave
VA,Chesapeake,320 Battlefield Blvd S,chesapeake,320-battlefield-blvd-s,https://locations.chipotle.com/va/chesapeake/320-battlefield-blvd-s
AL,Auburn,1700 Opelika Rd,auburn,1700-opelika-rd,https://locations.chipotle.com/al/auburn/1700-opelika-rd
IL,Galesburg,2210 N Henderson St,galesburg,2210-n-henderson-st,https://locations.chipotle.com/il/galesburg/2210-n-henderson-st
MN,Eden Prairie,9246 Hennepin Town Road,eden-prairie,9246-hennepin-town-road,https://locations.chipotle.com/mn/eden-prairie/9246-hennepin-town-road
WI,Pewaukee,1350 Capitol Dr,pewaukee,1350-capitol-dr,https://locations.chipotle.com/wi/pewaukee/1350-capitol-dr
CA,Corona,300 N Mckinley St,corona,300-n-mckinley-st,https://locations.chipotle.com/ca/corona/300-n-mckinley-st
NJ,Flanders,50 International Dr S,flanders,50-international-dr-s,https://locations.chipotle.com/nj/flanders/50-international-dr-s
NC,Elizabeth City,3730 Patrick Way,elizabeth-city,3730-patrick-way,https://locations.chipotle.com/nc/elizabeth-city/3730-patrick-way
NC,Durham,7021 Nc   751 Highway,durham,7021-nc---751-highway,https://locations.chipotle.com/nc/durham/7021-nc---751-highway
VA,Spotsylvania,10424 Courthouse Rd,spotsylvania,10424-courthouse-rd,https://locations.chipotle.com/va/spotsylvania/10424-courthouse-rd
OH,North Olmsted,23459 Lorain Rd,north-olmsted,23459-lorain-rd,https://locations.chipotle.com/oh/north-olmsted/23459-lorain-rd
KY,Lexington,2212 War Admiral Way,lexington,2212-war-admiral-way,https://locations.chipotle.com/ky/lexington/2212-war-admiral-way
TX,Houston,710 Gulfgate Center Mall,houston,710-gulfgate-center-mall,https://locations.chipotle.com/tx/houston/710-gulfgate-center-mall
NY,Islandia,1900 Veterans Memorial Hwy,islandia,1900-veterans-memorial-hwy,https://locations.chipotle.com/ny/islandia/1900-veterans-memorial-hwy
MN,Maple Grove,18800 70th Way N,maple-grove,18800-70th-way-n,https://locations.chipotle.com/mn/maple-grove/18800-70th-way-n
UT,Holladay,1920 E Rodeo Walk Dr,holladay,1920-e-rodeo-walk-dr,https://locations.chipotle.com/ut/holladay/1920-e-rodeo-walk-dr
FL,St. Petersburg,3901 34th Street South,st.-petersburg,3901-34th-street-south,https://locations.chipotle.com/fl/st.-petersburg/3901-34th-street-south
AR,Searcy,3113 E Race Ave,searcy,3113-e-race-ave,https://locations.chipotle.com/ar/searcy/3113-e-race-ave
MN,Monticello,779 Chelsea Rd,monticello,779-chelsea-rd,https://locations.chipotle.com/mn/monticello/779-chelsea-rd
AR,Conway,2885 Prince St,conway,2885-prince-st,https://locations.chipotle.com/ar/conway/2885-prince-st
FL,Miami,5396 Biscayne Blvd,miami,5396-biscayne-blvd,https://locations.chipotle.com/fl/miami/5396-biscayne-blvd
AZ,Buckeye,19657 W Indian School Rd,buckeye,19657-w-indian-school-rd,https://locations.chipotle.com/az/buckeye/19657-w-indian-school-rd
TX,Mesquite,1831 Military Pkwy,mesquite,1831-military-pkwy,https://locations.chipotle.com/tx/mesquite/1831-military-pkwy
IN,Noblesville,14635 Hazel Dell Xing,noblesville,14635-hazel-dell-xing,https://locations.chipotle.com/in/noblesville/14635-hazel-dell-xing
TX,Cross Roads,11940 Us Highway 380,cross-roads,11940-us-highway-380,https://locations.chipotle.com/tx/cross-roads/11940-us-highway-380
DE,Milford,997 N Dupont Blvd,milford,997-n-dupont-blvd,https://locations.chipotle.com/de/milford/997-n-dupont-blvd
TX,Plano,9625 Coit Rd,plano,9625-coit-rd,https://locations.chipotle.com/tx/plano/9625-coit-rd
OK,Tulsa,11051 E 41st Street,tulsa,11051-e-41st-street,https://locations.chipotle.com/ok/tulsa/11051-e-41st-street
PA,Bethlehem,2555 Easton Ave,bethlehem,2555-easton-ave,https://locations.chipotle.com/pa/bethlehem/2555-easton-ave
NC,Charlotte,3005 Stelfox St,charlotte,3005-stelfox-st,https://locations.chipotle.com/nc/charlotte/3005-stelfox-st
NC,Winston Salem,5559 Robin Lark Cir,winston-salem,5559-robin-lark-cir,https://locations.chipotle.com/nc/winston-salem/5559-robin-lark-cir
OH,Marietta,212 Pike St,marietta,212-pike-st,https://locations.chipotle.com/oh/marietta/212-pike-st
FL,Saint Cloud,890 E Irlo Bronson Memorial Hwy,saint-cloud,890-e-irlo-bronson-memorial-hwy,https://locations.chipotle.com/fl/saint-cloud/890-e-irlo-bronson-memorial-hwy
OH,Granville,520 S Main St,granville,520-s-main-st,https://locations.chipotle.com/oh/granville/520-s-main-st
NY,Tarrytown,652 White Plains Rd,tarrytown,652-white-plains-rd,https://locations.chipotle.com/ny/tarrytown/652-white-plains-rd
NC,Clayton,12023 Clayton Blvd,clayton,12023-clayton-blvd,https://locations.chipotle.com/nc/clayton/12023-clayton-blvd
MD,California,23368 Three Notch Rd,california,23368-three-notch-rd,https://locations.chipotle.com/md/california/23368-three-notch-rd
NY,Brooklyn,1510 Broadway,brooklyn,1510-broadway,https://locations.chipotle.com/ny/brooklyn/1510-broadway
IL,Algonquin,1721 S Randall Rd,algonquin,1721-s-randall-rd,https://locations.chipotle.com/il/algonquin/1721-s-randall-rd
SC,Orangeburg,131 Magnolia Village Pkwy,orangeburg,131-magnolia-village-pkwy,https://locations.chipotle.com/sc/orangeburg/131-magnolia-village-pkwy
WA,Anacortes,1700 Commercial Ave,anacortes,1700-commercial-ave,https://locations.chipotle.com/wa/anacortes/1700-commercial-ave
VA,Hampton,4022 W Mercury Blvd,hampton,4022-w-mercury-blvd,https://locations.chipotle.com/va/hampton/4022-w-mercury-blvd
IL,Lake Zurich,442 S Rand Rd,lake-zurich,442-s-rand-rd,https://locations.chipotle.com/il/lake-zurich/442-s-rand-rd
TX,Fort Worth,2929 E Berry St,fort-worth,2929-e-berry-st,https://locations.chipotle.com/tx/fort-worth/2929-e-berry-st
FL,Westlake,4951 Seminole Pratt Whitney Rd,westlake,4951-seminole-pratt-whitney-rd,https://locations.chipotle.com/fl/westlake/4951-seminole-pratt-whitney-rd
CA,Stanton,12007 Beach Blvd,stanton,12007-beach-blvd,https://locations.chipotle.com/ca/stanton/12007-beach-blvd
TX,Dallas,3921 Gaston Ave,dallas,3921-gaston-ave,https://locations.chipotle.com/tx/dallas/3921-gaston-ave
TX,Sachse,3201 Miles Road,sachse,3201-miles-road,https://locations.chipotle.com/tx/sachse/3201-miles-road
NY,Yonkers,1201 Nepperhan Ave,yonkers,1201-nepperhan-ave,https://locations.chipotle.com/ny/yonkers/1201-nepperhan-ave
GA,Braselton,3705 Village Way,braselton,3705-village-way,https://locations.chipotle.com/ga/braselton/3705-village-way
OH,Toledo,3360 Glendale Ave,toledo,3360-glendale-ave,https://locations.chipotle.com/oh/toledo/3360-glendale-ave
IN,Crown Point,1205 N Main St,crown-point,1205-n-main-st,https://locations.chipotle.com/in/crown-point/1205-n-main-st
CT,Naugatuck,112 Bridge St,naugatuck,112-bridge-st,https://locations.chipotle.com/ct/naugatuck/112-bridge-st
FL,Orlando,9944 Universal Blvd,orlando,9944-universal-blvd,https://locations.chipotle.com/fl/orlando/9944-universal-blvd
NC,Greenville,2109 W Arlington Blvd,greenville,2109-w-arlington-blvd,https://locations.chipotle.com/nc/greenville/2109-w-arlington-blvd
NY,Colonie,1707 Central Ave,colonie,1707-central-ave,https://locations.chipotle.com/ny/colonie/1707-central-ave
NC,Hope Mills,2814 Town Center Drive,hope-mills,2814-town-center-drive,https://locations.chipotle.com/nc/hope-mills/2814-town-center-drive
IA,Grimes,390 Ne Gateway Dr,grimes,390-ne-gateway-dr,https://locations.chipotle.com/ia/grimes/390-ne-gateway-dr
WV,Martinsburg,49 Alliance Lane,martinsburg,49-alliance-lane,https://locations.chipotle.com/wv/martinsburg/49-alliance-lane
CT,West Hartford,251 Prospect Ave,west-hartford,251-prospect-ave,https://locations.chipotle.com/ct/west-hartford/251-prospect-ave
FL,Wildwood,6010 Signature Dr,wildwood,6010-signature-dr,https://locations.chipotle.com/fl/wildwood/6010-signature-dr
MD,Laurel,14930 Silver Trail Ln,laurel,14930-silver-trail-ln,https://locations.chipotle.com/md/laurel/14930-silver-trail-ln
TX,Rockwall,3000 N Goliad St,rockwall,3000-n-goliad-st,https://locations.chipotle.com/tx/rockwall/3000-n-goliad-st
NC,Charlotte,12807 S Tryon St,charlotte,12807-s-tryon-st,https://locations.chipotle.com/nc/charlotte/12807-s-tryon-st
NH,Claremont,392 Washington St,claremont,392-washington-st,https://locations.chipotle.com/nh/claremont/392-washington-st
CO,Denver,8968 E 46th Ave,denver,8968-e-46th-ave,https://locations.chipotle.com/co/denver/8968-e-46th-ave
AR,Russellville,3095 E Main St,russellville,3095-e-main-st,https://locations.chipotle.com/ar/russellville/3095-e-main-st
NY,East Aurora,168 Main St,east-aurora,168-main-st,https://locations.chipotle.com/ny/east-aurora/168-main-st
SC,Lexington,5456 Platt Springs Rd,lexington,5456-platt-springs-rd,https://locations.chipotle.com/sc/lexington/5456-platt-springs-rd
GA,Hampton,11437 Tara Blvd,hampton,11437-tara-blvd,https://locations.chipotle.com/ga/hampton/11437-tara-blvd
OK,Midwest City,7311 Se 29th Street,midwest-city,7311-se-29th-street,https://locations.chipotle.com/ok/midwest-city/7311-se-29th-street
SC,Duncan,6 Tyger River Dr,duncan,6-tyger-river-dr,https://locations.chipotle.com/sc/duncan/6-tyger-river-dr
FL,Lehigh Acres,2722 4th St W,lehigh-acres,2722-4th-st-w,https://locations.chipotle.com/fl/lehigh-acres/2722-4th-st-w
FL,Clermont,4605 Collina Ter,clermont,4605-collina-ter,https://locations.chipotle.com/fl/clermont/4605-collina-ter
NY,Brooklyn,1730 Bedford Ave,brooklyn,1730-bedford-ave,https://locations.chipotle.com/ny/brooklyn/1730-bedford-ave
NC,Garner,5596 Veterans Pkwy,garner,5596-veterans-pkwy,https://locations.chipotle.com/nc/garner/5596-veterans-pkwy
IL,Waukegan,710 N Green Bay Rd,waukegan,710-n-green-bay-rd,https://locations.chipotle.com/il/waukegan/710-n-green-bay-rd
FL,Indian Harbour Beach,855 E Eau Gallie Blvd,indian-harbour-beach,855-e-eau-gallie-blvd,https://locations.chipotle.com/fl/indian-harbour-beach/855-e-eau-gallie-blvd
FL,Venice,4117 S Tamiami Trl,venice,4117-s-tamiami-trl,https://locations.chipotle.com/fl/venice/4117-s-tamiami-trl
NY,Howard Beach,13335 79th St,howard-beach,13335-79th-st,https://locations.chipotle.com/ny/howard-beach/13335-79th-st
GA,Sugar Hill,5962 Cumming Hwy,sugar-hill,5962-cumming-hwy,https://locations.chipotle.com/ga/sugar-hill/5962-cumming-hwy
IL,Macomb,1610 E Jackson St,macomb,1610-e-jackson-st,https://locations.chipotle.com/il/macomb/1610-e-jackson-st
NY,Staten Island,185 Bricktown Way,staten-island,185-bricktown-way,https://locations.chipotle.com/ny/staten-island/185-bricktown-way
FL,Pace,4645 Highway 90,pace,4645-highway-90,https://locations.chipotle.com/fl/pace/4645-highway-90
KY,Walton,450 Richwood Rd,walton,450-richwood-rd,https://locations.chipotle.com/ky/walton/450-richwood-rd
MT,Bozeman,1438 Dayspring Ave,bozeman,1438-dayspring-ave,https://locations.chipotle.com/mt/bozeman/1438-dayspring-ave
TX,Bastrop,707 Highway 71 W,bastrop,707-highway-71-w,https://locations.chipotle.com/tx/bastrop/707-highway-71-w
FL,Palm Bay,855 Malabar Rd Ne,palm-bay,855-malabar-rd-ne,https://locations.chipotle.com/fl/palm-bay/855-malabar-rd-ne
CA,Bellflower,17640 Bellflower Blvd,bellflower,17640-bellflower-blvd,https://locations.chipotle.com/ca/bellflower/17640-bellflower-blvd
AZ,Tempe,1005 E Broadway Rd,tempe,1005-e-broadway-rd,https://locations.chipotle.com/az/tempe/1005-e-broadway-rd
MT,Butte,101 Cornerstone Pl,butte,101-cornerstone-pl,https://locations.chipotle.com/mt/butte/101-cornerstone-pl
VA,Alexandria,3672 King St,alexandria,3672-king-st,https://locations.chipotle.com/va/alexandria/3672-king-st
IN,La Porte,150 Pine Lake Ave,la-porte,150-pine-lake-ave,https://locations.chipotle.com/in/la-porte/150-pine-lake-ave
FL,Winter Park,203 N Semoran Blvd,winter-park,203-n-semoran-blvd,https://locations.chipotle.com/fl/winter-park/203-n-semoran-blvd
NC,Wilmington,5505 Carolina Beach Rd,wilmington,5505-carolina-beach-rd,https://locations.chipotle.com/nc/wilmington/5505-carolina-beach-rd
FL,Ocala,8440 Sw Highway 200,ocala,8440-sw-highway-200,https://locations.chipotle.com/fl/ocala/8440-sw-highway-200
MI,Hudsonville,4205 32nd Ave,hudsonville,4205-32nd-ave,https://locations.chipotle.com/mi/hudsonville/4205-32nd-ave
NC,Raleigh,3101 Edwards Mill Rd,raleigh,3101-edwards-mill-rd,https://locations.chipotle.com/nc/raleigh/3101-edwards-mill-rd
VA,Harrisonburg,1657 Stone Spring Road,harrisonburg,1657-stone-spring-road,https://locations.chipotle.com/va/harrisonburg/1657-stone-spring-road
MN,Andover,15180 Bluebird St Nw,andover,15180-bluebird-st-nw,https://locations.chipotle.com/mn/andover/15180-bluebird-st-nw
TX,Trophy Club,2200 Sh 114,trophy-club,2200-sh-114,https://locations.chipotle.com/tx/trophy-club/2200-sh-114
FL,Palm Springs,2665 10th Ave N,palm-springs,2665-10th-ave-n,https://locations.chipotle.com/fl/palm-springs/2665-10th-ave-n
MO,Sedalia,4111 W Broadway Blvd,sedalia,4111-w-broadway-blvd,https://locations.chipotle.com/mo/sedalia/4111-w-broadway-blvd
MD,Upper Marlboro,10450 Campus Way S,upper-marlboro,10450-campus-way-s,https://locations.chipotle.com/md/upper-marlboro/10450-campus-way-s
NC,Charlotte,4336 Park Rd,charlotte,4336-park-rd,https://locations.chipotle.com/nc/charlotte/4336-park-rd
GA,Conyers,2405 Salem Rd Se,conyers,2405-salem-rd-se,https://locations.chipotle.com/ga/conyers/2405-salem-rd-se
RI,South Kingstown,60 Old Tower Hill Rd,south-kingstown,60-old-tower-hill-rd,https://locations.chipotle.com/ri/south-kingstown/60-old-tower-hill-rd
NE,La Vista,12251 Mcdermott Plz,la-vista,12251-mcdermott-plz,https://locations.chipotle.com/ne/la-vista/12251-mcdermott-plz
WA,Ridgefield,200 N 56th Pl,ridgefield,200-n-56th-pl,https://locations.chipotle.com/wa/ridgefield/200-n-56th-pl
NC,Morganton,1219 Burkemont Ave,morganton,1219-burkemont-ave,https://locations.chipotle.com/nc/morganton/1219-burkemont-ave
MA,Northampton,301 King St,northampton,301-king-st,https://locations.chipotle.com/ma/northampton/301-king-st
MO,Independence,2500 S M 291 Hwy,independence,2500-s-m-291-hwy,https://locations.chipotle.com/mo/independence/2500-s-m-291-hwy
IN,Valparaiso,2803 Calumet Ave,valparaiso,2803-calumet-ave,https://locations.chipotle.com/in/valparaiso/2803-calumet-ave
CA,Sutter Creek,11250 Prospect Dr,sutter-creek,11250-prospect-dr,https://locations.chipotle.com/ca/sutter-creek/11250-prospect-dr
IL,Grayslake,792 E Belvidere Road   Il Route 120,grayslake,792-e-belvidere-road---il-route-120,https://locations.chipotle.com/il/grayslake/792-e-belvidere-road---il-route-120
AZ,Gilbert,6225 S Higley Rd,gilbert,6225-s-higley-rd,https://locations.chipotle.com/az/gilbert/6225-s-higley-rd
SC,Myrtle Beach,8008 N Kings Hwy,myrtle-beach,8008-n-kings-hwy,https://locations.chipotle.com/sc/myrtle-beach/8008-n-kings-hwy
PA,Shippensburg,50 S Conestoga Dr,shippensburg,50-s-conestoga-dr,https://locations.chipotle.com/pa/shippensburg/50-s-conestoga-dr
NY,Fresh Meadows,17661 Union Tpke,fresh-meadows,17661-union-tpke,https://locations.chipotle.com/ny/fresh-meadows/17661-union-tpke
MN,Owatonna,135 Allan Ave,owatonna,135-allan-ave,https://locations.chipotle.com/mn/owatonna/135-allan-ave
AL,Montgomery,2682 Eastern Blvd,montgomery,2682-eastern-blvd,https://locations.chipotle.com/al/montgomery/2682-eastern-blvd
FL,Saint Johns,385 Beachwalk Shore Dr,saint-johns,385-beachwalk-shore-dr,https://locations.chipotle.com/fl/saint-johns/385-beachwalk-shore-dr
OR,Ashland,2305 Ashland St,ashland,2305-ashland-st,https://locations.chipotle.com/or/ashland/2305-ashland-st
WI,Greenfield,8515 W Sura Ln,greenfield,8515-w-sura-ln,https://locations.chipotle.com/wi/greenfield/8515-w-sura-ln
AZ,Phoenix,2450 W Bell Rd,phoenix,2450-w-bell-rd,https://locations.chipotle.com/az/phoenix/2450-w-bell-rd
AZ,Phoenix,4705 E Broadway Rd,phoenix,4705-e-broadway-rd,https://locations.chipotle.com/az/phoenix/4705-e-broadway-rd
NJ,Jersey City,525 Washington Blvd,jersey-city,525-washington-blvd,https://locations.chipotle.com/nj/jersey-city/525-washington-blvd
NJ,Secaucus,700 Plaza Dr,secaucus,700-plaza-dr,https://locations.chipotle.com/nj/secaucus/700-plaza-dr
NJ,Teterboro,9 Teterboro Landing Dr,teterboro,9-teterboro-landing-dr,https://locations.chipotle.com/nj/teterboro/9-teterboro-landing-dr
NJ,Edgewater,14 The Promenade,edgewater,14-the-promenade,https://locations.chipotle.com/nj/edgewater/14-the-promenade
NJ,Montvale,18 Farm Vw,montvale,18-farm-vw,https://locations.chipotle.com/nj/montvale/18-farm-vw
NJ,Hackensack,450 Hackensack Ave,hackensack,450-hackensack-ave,https://locations.chipotle.com/nj/hackensack/450-hackensack-ave
NJ,Paramus,81 E State Rt 4,paramus,81-e-state-rt-4,https://locations.chipotle.com/nj/paramus/81-e-state-rt-4
NJ,Englewood,10 Nathaniel Pl,englewood,10-nathaniel-pl,https://locations.chipotle.com/nj/englewood/10-nathaniel-pl
NJ,Closter,83 Ver Valen St,closter,83-ver-valen-st,https://locations.chipotle.com/nj/closter/83-ver-valen-st
NJ,Hoboken,229 Washington Street,hoboken,229-washington-street,https://locations.chipotle.com/nj/hoboken/229-washington-street
NJ,Ramsey,1255 State Rt 17,ramsey,1255-state-rt-17,https://locations.chipotle.com/nj/ramsey/1255-state-rt-17
NJ,Lodi,170 Essex Street,lodi,170-essex-street,https://locations.chipotle.com/nj/lodi/170-essex-street
NJ,Paramus,1 Garden State Plz,paramus,1-garden-state-plz,https://locations.chipotle.com/nj/paramus/1-garden-state-plz
NJ,East Rutherford,40 State Rt 17,east-rutherford,40-state-rt-17,https://locations.chipotle.com/nj/east-rutherford/40-state-rt-17
NJ,Fort Lee,134 Linwood Plaza,fort-lee,134-linwood-plaza,https://locations.chipotle.com/nj/fort-lee/134-linwood-plaza
NJ,Kearny,190 Passaic Ave,kearny,190-passaic-ave,https://locations.chipotle.com/nj/kearny/190-passaic-ave
DC,Washington,4301 Wisconsin Ave Nw,washington,4301-wisconsin-ave-nw,https://locations.chipotle.com/dc/washington/4301-wisconsin-ave-nw
DC,Washington,2300 Washington Place Ne,washington,2300-washington-place-ne,https://locations.chipotle.com/dc/washington/2300-washington-place-ne
DC,Washington,1045 5th St Nw,washington,1045-5th-st-nw,https://locations.chipotle.com/dc/washington/1045-5th-st-nw
DC,Washington,2000 Pennsylvania Ave Nw,washington,2000-pennsylvania-ave-nw,https://locations.chipotle.com/dc/washington/2000-pennsylvania-ave-nw
DC,Washington,2600 Connecticut Ave Nw,washington,2600-connecticut-ave-nw,https://locations.chipotle.com/dc/washington/2600-connecticut-ave-nw
DC,Washington,3255 M St Nw,washington,3255-m-st-nw,https://locations.chipotle.com/dc/washington/3255-m-st-nw
DC,Washington,1010 Vermont Ave Nw,washington,1010-vermont-ave-nw,https://locations.chipotle.com/dc/washington/1010-vermont-ave-nw
DC,Washington,1508 14th St Nw,washington,1508-14th-st-nw,https://locations.chipotle.com/dc/washington/1508-14th-st-nw
DC,Washington,2338 Wisconsin Ave Nw,washington,2338-wisconsin-ave-nw,https://locations.chipotle.com/dc/washington/2338-wisconsin-ave-nw
DC,Washington,413 8th Street Se,washington,413-8th-street-se,https://locations.chipotle.com/dc/washington/413-8th-street-se
DC,Washington,1255 1st Street Se,washington,1255-1st-street-se,https://locations.chipotle.com/dc/washington/1255-1st-street-se
DC,Washington,625 Monroe St Ne,washington,625-monroe-st-ne,https://locations.chipotle.com/dc/washington/625-monroe-st-ne
DC,Washington,40 Massachusetts Ave Ne,washington,40-massachusetts-ave-ne,https://locations.chipotle.com/dc/washington/40-massachusetts-ave-ne
DC,Washington,3113 14th St Nw,washington,3113-14th-st-nw,https://locations.chipotle.com/dc/washington/3113-14th-st-nw
CT,Shelton,701 Bridgeport Ave,shelton,701-bridgeport-ave,https://locations.chipotle.com/ct/shelton/701-bridgeport-ave
CT,Hamden,2165 Dixwell Ave,hamden,2165-dixwell-ave,https://locations.chipotle.com/ct/hamden/2165-dixwell-ave
CT,Fairfield,340 Grasmere Ave,fairfield,340-grasmere-ave,https://locations.chipotle.com/ct/fairfield/340-grasmere-ave
CT,Darien,I 95 Darien Nb Service Plaza,darien,i-95-darien-nb-service-plaza,https://locations.chipotle.com/ct/darien/i-95-darien-nb-service-plaza
CT,Wallingford,1094 N Colony Rd,wallingford,1094-n-colony-rd,https://locations.chipotle.com/ct/wallingford/1094-n-colony-rd
CT,Branford,2 Commercial Pkwy,branford,2-commercial-pkwy,https://locations.chipotle.com/ct/branford/2-commercial-pkwy
CT,Bridgeport,275 E Main St,bridgeport,275-e-main-st,https://locations.chipotle.com/ct/bridgeport/275-e-main-st
CT,Riverside,1233 E Putnam Ave,riverside,1233-e-putnam-ave,https://locations.chipotle.com/ct/riverside/1233-e-putnam-ave
CT,Darien,71 Post Rd,darien,71-post-rd,https://locations.chipotle.com/ct/darien/71-post-rd
CT,Danbury,115 Mill Plain Rd,danbury,115-mill-plain-rd,https://locations.chipotle.com/ct/danbury/115-mill-plain-rd
CT,New Haven,910 Chapel St,new-haven,910-chapel-st,https://locations.chipotle.com/ct/new-haven/910-chapel-st
CT,Milford,1319 Boston Post Rd,milford,1319-boston-post-rd,https://locations.chipotle.com/ct/milford/1319-boston-post-rd
AL,Tuscaloosa,1203 University Blvd,tuscaloosa,1203-university-blvd,https://locations.chipotle.com/al/tuscaloosa/1203-university-blvd
CT,West Haven,354 Saw Mill Rd,west-haven,354-saw-mill-rd,https://locations.chipotle.com/ct/west-haven/354-saw-mill-rd
AL,Tuscaloosa,1800 Mcfarland Blvd E,tuscaloosa,1800-mcfarland-blvd-e,https://locations.chipotle.com/al/tuscaloosa/1800-mcfarland-blvd-e
AL,Birmingham,300 20th St S,birmingham,300-20th-st-s,https://locations.chipotle.com/al/birmingham/300-20th-st-s
AL,Birmingham,3220 Morrow Rd,birmingham,3220-morrow-rd,https://locations.chipotle.com/al/birmingham/3220-morrow-rd
AL,Vestavia Hills,1031 Montgomery Hwy,vestavia-hills,1031-montgomery-hwy,https://locations.chipotle.com/al/vestavia-hills/1031-montgomery-hwy
AL,Hoover,1759 Montgomery Hwy,hoover,1759-montgomery-hwy,https://locations.chipotle.com/al/hoover/1759-montgomery-hwy
AL,Birmingham,4719 Highway 280,birmingham,4719-highway-280,https://locations.chipotle.com/al/birmingham/4719-highway-280
WA,Tukwila,2800 Southcenter Mall,tukwila,2800-southcenter-mall,https://locations.chipotle.com/wa/tukwila/2800-southcenter-mall
WA,Seattle,1415 Broadway,seattle,1415-broadway,https://locations.chipotle.com/wa/seattle/1415-broadway
WA,Seattle,401 Ne Northgate Way,seattle,401-ne-northgate-way,https://locations.chipotle.com/wa/seattle/401-ne-northgate-way
WA,Seattle,12725 Lake City Way Ne,seattle,12725-lake-city-way-ne,https://locations.chipotle.com/wa/seattle/12725-lake-city-way-ne
WA,Tukwila,17250 Southcenter Pkwy,tukwila,17250-southcenter-pkwy,https://locations.chipotle.com/wa/tukwila/17250-southcenter-pkwy
WA,Seattle,2626 Ne 46th St,seattle,2626-ne-46th-st,https://locations.chipotle.com/wa/seattle/2626-ne-46th-st
WA,Seattle,4229 University Way Ne,seattle,4229-university-way-ne,https://locations.chipotle.com/wa/seattle/4229-university-way-ne
WA,Seattle,1501 4th Ave,seattle,1501-4th-ave,https://locations.chipotle.com/wa/seattle/1501-4th-ave
WA,Seattle,212 Westlake Ave N,seattle,212-westlake-ave-n,https://locations.chipotle.com/wa/seattle/212-westlake-ave-n
WA,Seattle,4730 California Ave Sw,seattle,4730-california-ave-sw,https://locations.chipotle.com/wa/seattle/4730-california-ave-sw
ME,Bangor,583 Stillwater Ave,bangor,583-stillwater-ave,https://locations.chipotle.com/me/bangor/583-stillwater-ave
ME,Portland,195 Kennebec St,portland,195-kennebec-st,https://locations.chipotle.com/me/portland/195-kennebec-st
ME,South Portland,359 Maine Mall Rd,south-portland,359-maine-mall-rd,https://locations.chipotle.com/me/south-portland/359-maine-mall-rd
ME,Westbrook,11 Main St,westbrook,11-main-st,https://locations.chipotle.com/me/westbrook/11-main-st
ID,Boise,305 S 6th St,boise,305-s-6th-st,https://locations.chipotle.com/id/boise/305-s-6th-st
ID,Meridian,2126 N Eagle Rd,meridian,2126-n-eagle-rd,https://locations.chipotle.com/id/meridian/2126-n-eagle-rd
ID,Boise,205 N Milwaukee St,boise,205-n-milwaukee-st,https://locations.chipotle.com/id/boise/205-n-milwaukee-st
ID,Boise,7610 W State Street,boise,7610-w-state-street,https://locations.chipotle.com/id/boise/7610-w-state-street
CA,Modesto,3401 Dale Rd,modesto,3401-dale-rd,https://locations.chipotle.com/ca/modesto/3401-dale-rd
CA,Modesto,1801 Mchenry Ave,modesto,1801-mchenry-ave,https://locations.chipotle.com/ca/modesto/1801-mchenry-ave
CA,Lodi,2310 Tienda Dr,lodi,2310-tienda-dr,https://locations.chipotle.com/ca/lodi/2310-tienda-dr
CA,Stockton,10710 Trinity Pkwy,stockton,10710-trinity-pkwy,https://locations.chipotle.com/ca/stockton/10710-trinity-pkwy
CA,Stockton,4940 Pacific Ave,stockton,4940-pacific-ave,https://locations.chipotle.com/ca/stockton/4940-pacific-ave
CA,Turlock,3090 Countryside Dr,turlock,3090-countryside-dr,https://locations.chipotle.com/ca/turlock/3090-countryside-dr
CA,Merced,3110 R St,merced,3110-r-st,https://locations.chipotle.com/ca/merced/3110-r-st
CA,Manteca,1442 Hulsey Way,manteca,1442-hulsey-way,https://locations.chipotle.com/ca/manteca/1442-hulsey-way
CA,Tracy,2512 Naglee Rd,tracy,2512-naglee-rd,https://locations.chipotle.com/ca/tracy/2512-naglee-rd
CA,Riverbank,2207 Claribel Rd,riverbank,2207-claribel-rd,https://locations.chipotle.com/ca/riverbank/2207-claribel-rd
TX,San Antonio,849 E Commerce St,san-antonio,849-e-commerce-st,https://locations.chipotle.com/tx/san-antonio/849-e-commerce-st
TX,San Antonio,438 Nw Loop 410,san-antonio,438-nw-loop-410,https://locations.chipotle.com/tx/san-antonio/438-nw-loop-410
TX,San Antonio,1201 N Loop 1604 W,san-antonio,1201-n-loop-1604-w,https://locations.chipotle.com/tx/san-antonio/1201-n-loop-1604-w
TX,San Antonio,190 W Bitters Rd,san-antonio,190-w-bitters-rd,https://locations.chipotle.com/tx/san-antonio/190-w-bitters-rd
TX,San Antonio,22106 Us Highway 281 N,san-antonio,22106-us-highway-281-n,https://locations.chipotle.com/tx/san-antonio/22106-us-highway-281-n
TX,San Antonio,11411 Bandera Rd,san-antonio,11411-bandera-rd,https://locations.chipotle.com/tx/san-antonio/11411-bandera-rd
TX,San Antonio,8227 State Highway 151,san-antonio,8227-state-highway-151,https://locations.chipotle.com/tx/san-antonio/8227-state-highway-151
TX,Selma,14540 Forum Pkwy,selma,14540-forum-pkwy,https://locations.chipotle.com/tx/selma/14540-forum-pkwy
TX,San Antonio,4727 Medical Dr,san-antonio,4727-medical-dr,https://locations.chipotle.com/tx/san-antonio/4727-medical-dr
TX,San Antonio,5623 W Loop 1604 N,san-antonio,5623-w-loop-1604-n,https://locations.chipotle.com/tx/san-antonio/5623-w-loop-1604-n
TX,San Antonio,11745 W Interstate 10,san-antonio,11745-w-interstate-10,https://locations.chipotle.com/tx/san-antonio/11745-w-interstate-10
TX,San Antonio,3928 Broadway,san-antonio,3928-broadway,https://locations.chipotle.com/tx/san-antonio/3928-broadway
TX,San Antonio,7322 Jones Maltsberger Rd,san-antonio,7322-jones-maltsberger-rd,https://locations.chipotle.com/tx/san-antonio/7322-jones-maltsberger-rd
NY,New York,680 Avenue Of The Americas,new-york,680-avenue-of-the-americas,https://locations.chipotle.com/ny/new-york/680-avenue-of-the-americas
NY,New York,234 5th Ave,new-york,234-5th-ave,https://locations.chipotle.com/ny/new-york/234-5th-ave
NY,New York,1020 3rd Ave,new-york,1020-3rd-ave,https://locations.chipotle.com/ny/new-york/1020-3rd-ave
NY,New York,2843 Broadway,new-york,2843-broadway,https://locations.chipotle.com/ny/new-york/2843-broadway
NY,New York,805 Columbus Ave,new-york,805-columbus-ave,https://locations.chipotle.com/ny/new-york/805-columbus-ave
NY,New York,404 Broadway,new-york,404-broadway,https://locations.chipotle.com/ny/new-york/404-broadway
NY,New York,286 1st Ave,new-york,286-1st-ave,https://locations.chipotle.com/ny/new-york/286-1st-ave
NY,New York,504 Avenue Of The Americas,new-york,504-avenue-of-the-americas,https://locations.chipotle.com/ny/new-york/504-avenue-of-the-americas
NY,New York,620 9th Ave,new-york,620-9th-ave,https://locations.chipotle.com/ny/new-york/620-9th-ave
NY,New York,1379 Avenue Of The Americas,new-york,1379-avenue-of-the-americas,https://locations.chipotle.com/ny/new-york/1379-avenue-of-the-americas
NY,New York,864 Broadway,new-york,864-broadway,https://locations.chipotle.com/ny/new-york/864-broadway
NY,New York,117 E 14th St,new-york,117-e-14th-st,https://locations.chipotle.com/ny/new-york/117-e-14th-st
NY,New York,325 S End Ave,new-york,325-s-end-ave,https://locations.chipotle.com/ny/new-york/325-s-end-ave
NY,New York,304 W 34th St,new-york,304-w-34th-st,https://locations.chipotle.com/ny/new-york/304-w-34th-st
NY,New York,71 Spring St,new-york,71-spring-st,https://locations.chipotle.com/ny/new-york/71-spring-st
NY,New York,2 Broadway,new-york,2-broadway,https://locations.chipotle.com/ny/new-york/2-broadway
NY,New York,9 W 42nd St,new-york,9-w-42nd-st,https://locations.chipotle.com/ny/new-york/9-w-42nd-st
NY,New York,906 3rd Ave,new-york,906-3rd-ave,https://locations.chipotle.com/ny/new-york/906-3rd-ave
NY,New York,281 Broadway,new-york,281-broadway,https://locations.chipotle.com/ny/new-york/281-broadway
NY,New York,25 W 45th St,new-york,25-w-45th-st,https://locations.chipotle.com/ny/new-york/25-w-45th-st
NY,New York,1153 Third Avenue,new-york,1153-third-avenue,https://locations.chipotle.com/ny/new-york/1153-third-avenue
NY,New York,4009 Broadway,new-york,4009-broadway,https://locations.chipotle.com/ny/new-york/4009-broadway
NY,New York,275 Greenwich Street,new-york,275-greenwich-street,https://locations.chipotle.com/ny/new-york/275-greenwich-street
NY,New York,129 W 48th St,new-york,129-w-48th-st,https://locations.chipotle.com/ny/new-york/129-w-48th-st
NY,New York,269 Amsterdam Ave,new-york,269-amsterdam-ave,https://locations.chipotle.com/ny/new-york/269-amsterdam-ave
NY,New York,149 8th Ave,new-york,149-8th-ave,https://locations.chipotle.com/ny/new-york/149-8th-ave
NY,New York,283 7th Ave,new-york,283-7th-ave,https://locations.chipotle.com/ny/new-york/283-7th-ave
NY,New York,125 E 23rd St,new-york,125-e-23rd-st,https://locations.chipotle.com/ny/new-york/125-e-23rd-st
NY,New York,625 Broadway,new-york,625-broadway,https://locations.chipotle.com/ny/new-york/625-broadway
NY,New York,604 2nd Ave,new-york,604-2nd-ave,https://locations.chipotle.com/ny/new-york/604-2nd-ave
NY,New York,274 Madison Avenue,new-york,274-madison-avenue,https://locations.chipotle.com/ny/new-york/274-madison-avenue
NY,New York,464 Park Ave S,new-york,464-park-ave-s,https://locations.chipotle.com/ny/new-york/464-park-ave-s
NY,New York,150 E 44th St,new-york,150-e-44th-st,https://locations.chipotle.com/ny/new-york/150-e-44th-st
NY,New York,72 W 125th St,new-york,72-w-125th-st,https://locations.chipotle.com/ny/new-york/72-w-125th-st
NY,New York,100 Maiden Ln,new-york,100-maiden-ln,https://locations.chipotle.com/ny/new-york/100-maiden-ln
NY,New York,320 Park Ave,new-york,320-park-ave,https://locations.chipotle.com/ny/new-york/320-park-ave
NY,New York,150 E 52nd St,new-york,150-e-52nd-st,https://locations.chipotle.com/ny/new-york/150-e-52nd-st
NY,New York,235 W 56th Street,new-york,235-w-56th-street,https://locations.chipotle.com/ny/new-york/235-w-56th-street
NY,New York,854 8th Ave,new-york,854-8th-ave,https://locations.chipotle.com/ny/new-york/854-8th-ave
NY,New York,28 W 40th St,new-york,28-w-40th-st,https://locations.chipotle.com/ny/new-york/28-w-40th-st
NY,New York,501 Fashion Ave,new-york,501-fashion-ave,https://locations.chipotle.com/ny/new-york/501-fashion-ave
NY,New York,2298 Broadway,new-york,2298-broadway,https://locations.chipotle.com/ny/new-york/2298-broadway
NY,New York,111 Fulton St,new-york,111-fulton-st,https://locations.chipotle.com/ny/new-york/111-fulton-st
NY,New York,55 E 8th St,new-york,55-e-8th-st,https://locations.chipotle.com/ny/new-york/55-e-8th-st
CA,Los Angeles,1122 W 6th St,los-angeles,1122-w-6th-st,https://locations.chipotle.com/ca/los-angeles/1122-w-6th-st
CA,Los Angeles,3183 Wilshire Blvd,los-angeles,3183-wilshire-blvd,https://locations.chipotle.com/ca/los-angeles/3183-wilshire-blvd
CA,Los Angeles,601 W 7th St,los-angeles,601-w-7th-st,https://locations.chipotle.com/ca/los-angeles/601-w-7th-st
CA,Los Angeles,301 W Olympic Blvd,los-angeles,301-w-olympic-blvd,https://locations.chipotle.com/ca/los-angeles/301-w-olympic-blvd
CA,Los Angeles,3748 S Figueroa St,los-angeles,3748-s-figueroa-st,https://locations.chipotle.com/ca/los-angeles/3748-s-figueroa-st
CA,Los Angeles,2134 W Sunset Blvd,los-angeles,2134-w-sunset-blvd,https://locations.chipotle.com/ca/los-angeles/2134-w-sunset-blvd
TX,Plano,6202 W Park Blvd,plano,6202-w-park-blvd,https://locations.chipotle.com/tx/plano/6202-w-park-blvd
TX,Dallas,3701 W Northwest Hwy,dallas,3701-w-northwest-hwy,https://locations.chipotle.com/tx/dallas/3701-w-northwest-hwy
TX,Dallas,2427 W Mockingbird Ln,dallas,2427-w-mockingbird-ln,https://locations.chipotle.com/tx/dallas/2427-w-mockingbird-ln
TX,Allen,103 Central Expy N,allen,103-central-expy-n,https://locations.chipotle.com/tx/allen/103-central-expy-n
TX,Dallas,4330 Lemmon Ave,dallas,4330-lemmon-ave,https://locations.chipotle.com/tx/dallas/4330-lemmon-ave
TX,Dallas,4502 Mckinney Ave,dallas,4502-mckinney-ave,https://locations.chipotle.com/tx/dallas/4502-mckinney-ave
TX,Rowlett,3109 Lakeview Pkwy,rowlett,3109-lakeview-pkwy,https://locations.chipotle.com/tx/rowlett/3109-lakeview-pkwy
TX,Dallas,2705 Mckinney Ave,dallas,2705-mckinney-ave,https://locations.chipotle.com/tx/dallas/2705-mckinney-ave
TX,Dallas,6471 E Northwest Hwy,dallas,6471-e-northwest-hwy,https://locations.chipotle.com/tx/dallas/6471-e-northwest-hwy
TX,Dallas,11613 N Central Expy,dallas,11613-n-central-expy,https://locations.chipotle.com/tx/dallas/11613-n-central-expy
PA,Philadelphia,3925 Walnut St,philadelphia,3925-walnut-st,https://locations.chipotle.com/pa/philadelphia/3925-walnut-st
PA,Philadelphia,1100 W Montgomery Ave,philadelphia,1100-w-montgomery-ave,https://locations.chipotle.com/pa/philadelphia/1100-w-montgomery-ave
PA,Trevose,3580 Horizon Blvd,trevose,3580-horizon-blvd,https://locations.chipotle.com/pa/trevose/3580-horizon-blvd
PA,Philadelphia,2327 Cottman Ave,philadelphia,2327-cottman-ave,https://locations.chipotle.com/pa/philadelphia/2327-cottman-ave
PA,Doylestown,569 N Main St,doylestown,569-n-main-st,https://locations.chipotle.com/pa/doylestown/569-n-main-st
PA,North Wales,30 Airport Square,north-wales,30-airport-square,https://locations.chipotle.com/pa/north-wales/30-airport-square
PA,Philadelphia,3400 Lancaster Ave,philadelphia,3400-lancaster-ave,https://locations.chipotle.com/pa/philadelphia/3400-lancaster-ave
PA,Warminster,25 W Street Rd,warminster,25-w-street-rd,https://locations.chipotle.com/pa/warminster/25-w-street-rd
PA,Dresher,1673 Limekiln Pike,dresher,1673-limekiln-pike,https://locations.chipotle.com/pa/dresher/1673-limekiln-pike
PA,Willow Grove,2618 W Moreland Rd,willow-grove,2618-w-moreland-rd,https://locations.chipotle.com/pa/willow-grove/2618-w-moreland-rd
PA,Philadelphia,9173 Roosevelt Blvd,philadelphia,9173-roosevelt-blvd,https://locations.chipotle.com/pa/philadelphia/9173-roosevelt-blvd
PA,Philadelphia,4030 City Avenue,philadelphia,4030-city-avenue,https://locations.chipotle.com/pa/philadelphia/4030-city-avenue
PA,Wyncote,2401 W Cheltenham Ave,wyncote,2401-w-cheltenham-ave,https://locations.chipotle.com/pa/wyncote/2401-w-cheltenham-ave
PA,Abington,1437 Old York Rd,abington,1437-old-york-rd,https://locations.chipotle.com/pa/abington/1437-old-york-rd
PA,Philadelphia,1512 Walnut Street,philadelphia,1512-walnut-street,https://locations.chipotle.com/pa/philadelphia/1512-walnut-street
OH,Lakewood,14881 Detroit Ave,lakewood,14881-detroit-ave,https://locations.chipotle.com/oh/lakewood/14881-detroit-ave
OH,Euclid,22250 Lake Shore Blvd,euclid,22250-lake-shore-blvd,https://locations.chipotle.com/oh/euclid/22250-lake-shore-blvd
OH,Brooklyn,10325 Cascade Xing,brooklyn,10325-cascade-xing,https://locations.chipotle.com/oh/brooklyn/10325-cascade-xing
OH,Lyndhurst,24651 Cedar Rd,lyndhurst,24651-cedar-rd,https://locations.chipotle.com/oh/lyndhurst/24651-cedar-rd
OH,Warrensville Heights,4015 Richmond Rd,warrensville-heights,4015-richmond-rd,https://locations.chipotle.com/oh/warrensville-heights/4015-richmond-rd
OH,Cleveland,224 Euclid Ave,cleveland,224-euclid-ave,https://locations.chipotle.com/oh/cleveland/224-euclid-ave
OH,South Euclid,13937 Cedar Rd,south-euclid,13937-cedar-rd,https://locations.chipotle.com/oh/south-euclid/13937-cedar-rd
OH,Woodmere,28077 Chagrin Blvd,woodmere,28077-chagrin-blvd,https://locations.chipotle.com/oh/woodmere/28077-chagrin-blvd
OH,Garfield Heights,9761 Vista Way,garfield-heights,9761-vista-way,https://locations.chipotle.com/oh/garfield-heights/9761-vista-way
OH,Cleveland,11452 Euclid Ave,cleveland,11452-euclid-ave,https://locations.chipotle.com/oh/cleveland/11452-euclid-ave
OH,Cleveland,16729 Lorain Ave,cleveland,16729-lorain-ave,https://locations.chipotle.com/oh/cleveland/16729-lorain-ave
OH,Cleveland,11638 Clifton Blvd,cleveland,11638-clifton-blvd,https://locations.chipotle.com/oh/cleveland/11638-clifton-blvd
OH,Independence,6901 Rockside Rd,independence,6901-rockside-rd,https://locations.chipotle.com/oh/independence/6901-rockside-rd
IL,Champaign,528 E Green St,champaign,528-e-green-st,https://locations.chipotle.com/il/champaign/528-e-green-st
IL,Effingham,1207 N Keller Dr,effingham,1207-n-keller-dr,https://locations.chipotle.com/il/effingham/1207-n-keller-dr
IL,Champaign,903 W Anthony Dr,champaign,903-w-anthony-dr,https://locations.chipotle.com/il/champaign/903-w-anthony-dr
IL,Springfield,2579 Wabash Ave,springfield,2579-wabash-ave,https://locations.chipotle.com/il/springfield/2579-wabash-ave
MN,Duluth,1600 Miller Trunk Hwy,duluth,1600-miller-trunk-hwy,https://locations.chipotle.com/mn/duluth/1600-miller-trunk-hwy
IN,Valparaiso,2505 Laporte Ave,valparaiso,2505-laporte-ave,https://locations.chipotle.com/in/valparaiso/2505-laporte-ave
IN,Portage,6040 Us Highway 6,portage,6040-us-highway-6,https://locations.chipotle.com/in/portage/6040-us-highway-6
IN,Munster,8201 Calumet Ave,munster,8201-calumet-ave,https://locations.chipotle.com/in/munster/8201-calumet-ave
IN,Michigan City,5218 Franklin St,michigan-city,5218-franklin-st,https://locations.chipotle.com/in/michigan-city/5218-franklin-st
IN,Highland,10343 Indianapolis Blvd,highland,10343-indianapolis-blvd,https://locations.chipotle.com/in/highland/10343-indianapolis-blvd
LA,Baton Rouge,101 W State St,baton-rouge,101-w-state-st,https://locations.chipotle.com/la/baton-rouge/101-w-state-st
LA,Gonzales,2410 Tanger Blvd,gonzales,2410-tanger-blvd,https://locations.chipotle.com/la/gonzales/2410-tanger-blvd
GA,Albany,2630 Dawson Rd,albany,2630-dawson-rd,https://locations.chipotle.com/ga/albany/2630-dawson-rd
FL,Fort Myers,8061 Dani Dr,fort-myers,8061-dani-dr,https://locations.chipotle.com/fl/fort-myers/8061-dani-dr
FL,Fort Myers,10010 University Plaza Drive,fort-myers,10010-university-plaza-drive,https://locations.chipotle.com/fl/fort-myers/10010-university-plaza-drive
FL,Cape Coral,2060 Ne Pine Island Rd,cape-coral,2060-ne-pine-island-rd,https://locations.chipotle.com/fl/cape-coral/2060-ne-pine-island-rd
FL,Naples,9100 Strada Pl,naples,9100-strada-pl,https://locations.chipotle.com/fl/naples/9100-strada-pl
FL,Naples,2085 Tamiami Trl N,naples,2085-tamiami-trl-n,https://locations.chipotle.com/fl/naples/2085-tamiami-trl-n
FL,Estero,22941 Lyden Dr,estero,22941-lyden-dr,https://locations.chipotle.com/fl/estero/22941-lyden-dr
FL,Cape Coral,2207 Del Prado Blvd S,cape-coral,2207-del-prado-blvd-s,https://locations.chipotle.com/fl/cape-coral/2207-del-prado-blvd-s
FL,Naples,6821 Collier Blvd,naples,6821-collier-blvd,https://locations.chipotle.com/fl/naples/6821-collier-blvd
FL,Fort Myers,12635 S Cleveland Ave,fort-myers,12635-s-cleveland-ave,https://locations.chipotle.com/fl/fort-myers/12635-s-cleveland-ave
MD,Clinton,8913 Woodyard Rd,clinton,8913-woodyard-rd,https://locations.chipotle.com/md/clinton/8913-woodyard-rd
MD,Hagerstown,18003 Garland Groh Blvd,hagerstown,18003-garland-groh-blvd,https://locations.chipotle.com/md/hagerstown/18003-garland-groh-blvd
MD,College Park,7332 Baltimore Ave,college-park,7332-baltimore-ave,https://locations.chipotle.com/md/college-park/7332-baltimore-ave
MD,Gaithersburg,564 N Frederick Ave,gaithersburg,564-n-frederick-ave,https://locations.chipotle.com/md/gaithersburg/564-n-frederick-ave
MD,Fulton,11811 W Market Pl,fulton,11811-w-market-pl,https://locations.chipotle.com/md/fulton/11811-w-market-pl
MD,Germantown,19881 Century Blvd,germantown,19881-century-blvd,https://locations.chipotle.com/md/germantown/19881-century-blvd
MD,Camp Springs,3701 Branch Ave,camp-springs,3701-branch-ave,https://locations.chipotle.com/md/camp-springs/3701-branch-ave
MD,Lexington Park,22720 Three Notch Rd,lexington-park,22720-three-notch-rd,https://locations.chipotle.com/md/lexington-park/22720-three-notch-rd
MI,Northville,18885 Traditions Dr,northville,18885-traditions-dr,https://locations.chipotle.com/mi/northville/18885-traditions-dr
MI,Novi,43345 Crescent Blvd,novi,43345-crescent-blvd,https://locations.chipotle.com/mi/novi/43345-crescent-blvd
MI,Southfield,26147 Evergreen Rd,southfield,26147-evergreen-rd,https://locations.chipotle.com/mi/southfield/26147-evergreen-rd
MI,Southfield,28644 Telegraph Rd,southfield,28644-telegraph-rd,https://locations.chipotle.com/mi/southfield/28644-telegraph-rd
MI,Rochester Hills,84 N Adams Rd,rochester-hills,84-n-adams-rd,https://locations.chipotle.com/mi/rochester-hills/84-n-adams-rd
MI,Orion,4921 S Baldwin Rd,orion,4921-s-baldwin-rd,https://locations.chipotle.com/mi/orion/4921-s-baldwin-rd
MI,Bloomfield Hills,2100 S Telegraph Rd,bloomfield-hills,2100-s-telegraph-rd,https://locations.chipotle.com/mi/bloomfield-hills/2100-s-telegraph-rd
MI,West Bloomfield,6753 Orchard Lake Rd,west-bloomfield,6753-orchard-lake-rd,https://locations.chipotle.com/mi/west-bloomfield/6753-orchard-lake-rd
MI,Royal Oak,32824 Woodward Ave,royal-oak,32824-woodward-ave,https://locations.chipotle.com/mi/royal-oak/32824-woodward-ave
MI,Madison Heights,32 E 14 Mile Rd,madison-heights,32-e-14-mile-rd,https://locations.chipotle.com/mi/madison-heights/32-e-14-mile-rd
MI,Troy,3129 Crooks Rd,troy,3129-crooks-rd,https://locations.chipotle.com/mi/troy/3129-crooks-rd
MI,Rochester Hills,2611 S Rochester Rd,rochester-hills,2611-s-rochester-rd,https://locations.chipotle.com/mi/rochester-hills/2611-s-rochester-rd
AL,Mobile,3871 Airport Blvd,mobile,3871-airport-blvd,https://locations.chipotle.com/al/mobile/3871-airport-blvd
NC,Greenville,610 Greenville Blvd Se,greenville,610-greenville-blvd-se,https://locations.chipotle.com/nc/greenville/610-greenville-blvd-se
NC,Winterville,4100 Humber Rd,winterville,4100-humber-rd,https://locations.chipotle.com/nc/winterville/4100-humber-rd
AL,Mobile,7765 Airport Blvd,mobile,7765-airport-blvd,https://locations.chipotle.com/al/mobile/7765-airport-blvd
NC,New Bern,2999 Dr Martin Luther King Jr Blvd,new-bern,2999-dr-martin-luther-king-jr-blvd,https://locations.chipotle.com/nc/new-bern/2999-dr-martin-luther-king-jr-blvd
WA,Puyallup,12011 Meridian E,puyallup,12011-meridian-e,https://locations.chipotle.com/wa/puyallup/12011-meridian-e
WA,Lakewood,10427 Gravelly Lake Dr Sw,lakewood,10427-gravelly-lake-dr-sw,https://locations.chipotle.com/wa/lakewood/10427-gravelly-lake-dr-sw
WA,Kent,512 Ramsay Way,kent,512-ramsay-way,https://locations.chipotle.com/wa/kent/512-ramsay-way
WA,Federal Way,31827 Pacific Hwy S,federal-way,31827-pacific-hwy-s,https://locations.chipotle.com/wa/federal-way/31827-pacific-hwy-s
TX,Fort Hood,Fort Hood Shopping Center,fort-hood,fort-hood-shopping-center,https://locations.chipotle.com/tx/fort-hood/fort-hood-shopping-center
TX,Copperas Cove,3018 E Business 190,copperas-cove,3018-e-business-190,https://locations.chipotle.com/tx/copperas-cove/3018-e-business-190
TX,Harker Heights,201 E Central Texas Expy,harker-heights,201-e-central-texas-expy,https://locations.chipotle.com/tx/harker-heights/201-e-central-texas-expy
TX,Waco,1115 N Valley Mills Dr,waco,1115-n-valley-mills-dr,https://locations.chipotle.com/tx/waco/1115-n-valley-mills-dr
TX,Temple,3550 S General Bruce Dr,temple,3550-s-general-bruce-dr,https://locations.chipotle.com/tx/temple/3550-s-general-bruce-dr
TX,Waco,721 S 4th St,waco,721-s-4th-st,https://locations.chipotle.com/tx/waco/721-s-4th-st
AL,Huntsville,5900 University Dr Nw,huntsville,5900-university-dr-nw,https://locations.chipotle.com/al/huntsville/5900-university-dr-nw
IN,Fort Wayne,910 E Coliseum Blvd,fort-wayne,910-e-coliseum-blvd,https://locations.chipotle.com/in/fort-wayne/910-e-coliseum-blvd
IN,Fort Wayne,6175 Lima Rd,fort-wayne,6175-lima-rd,https://locations.chipotle.com/in/fort-wayne/6175-lima-rd
WI,Menomonee Falls,W176n9360 River Crest Dr,menomonee-falls,w176n9360-river-crest-dr,https://locations.chipotle.com/wi/menomonee-falls/w176n9360-river-crest-dr
WI,Mount Pleasant,5720 Washington Ave,mount-pleasant,5720-washington-ave,https://locations.chipotle.com/wi/mount-pleasant/5720-washington-ave
WI,Brookfield,15375 W Bluemound Rd,brookfield,15375-w-bluemound-rd,https://locations.chipotle.com/wi/brookfield/15375-w-bluemound-rd
WI,Pleasant Prairie,9370 76th St,pleasant-prairie,9370-76th-st,https://locations.chipotle.com/wi/pleasant-prairie/9370-76th-st
WI,Brookfield,3705 N 124th St,brookfield,3705-n-124th-st,https://locations.chipotle.com/wi/brookfield/3705-n-124th-st
PA,Philadelphia,1200 Walnut St,philadelphia,1200-walnut-st,https://locations.chipotle.com/pa/philadelphia/1200-walnut-st
MI,Portage,5964 S Westnedge Ave,portage,5964-s-westnedge-ave,https://locations.chipotle.com/mi/portage/5964-s-westnedge-ave
MI,Kalamazoo,5363b W Main St,kalamazoo,5363b-w-main-st,https://locations.chipotle.com/mi/kalamazoo/5363b-w-main-st
TX,Missouri City,6245 Highway 6,missouri-city,6245-highway-6,https://locations.chipotle.com/tx/missouri-city/6245-highway-6
TX,Spring,9595 Six Pines Dr,spring,9595-six-pines-dr,https://locations.chipotle.com/tx/spring/9595-six-pines-dr
KY,Bowling Green,3040 Scottsville Rd,bowling-green,3040-scottsville-rd,https://locations.chipotle.com/ky/bowling-green/3040-scottsville-rd
TX,Baytown,4996 Garth Rd,baytown,4996-garth-rd,https://locations.chipotle.com/tx/baytown/4996-garth-rd
TX,Houston,10905 Louetta Rd,houston,10905-louetta-rd,https://locations.chipotle.com/tx/houston/10905-louetta-rd
TX,Humble,10035 Fm 1960 Bypass Rd W,humble,10035-fm-1960-bypass-rd-w,https://locations.chipotle.com/tx/humble/10035-fm-1960-bypass-rd-w
TX,Houston,5866 E Sam Houston Pkwy N,houston,5866-e-sam-houston-pkwy-n,https://locations.chipotle.com/tx/houston/5866-e-sam-houston-pkwy-n
TX,Houston,14309 E Sam Houston Pkwy N,houston,14309-e-sam-houston-pkwy-n,https://locations.chipotle.com/tx/houston/14309-e-sam-houston-pkwy-n
TX,Deer Park,8035 Spencer Hwy,deer-park,8035-spencer-hwy,https://locations.chipotle.com/tx/deer-park/8035-spencer-hwy
TX,Pearland,2680 Pearland Pkwy,pearland,2680-pearland-pkwy,https://locations.chipotle.com/tx/pearland/2680-pearland-pkwy
TX,Tomball,14067 Fm 2920 Rd,tomball,14067-fm-2920-rd,https://locations.chipotle.com/tx/tomball/14067-fm-2920-rd
TX,Spring,1600 Louetta Rd,spring,1600-louetta-rd,https://locations.chipotle.com/tx/spring/1600-louetta-rd
TX,Stafford,11249 W Airport Blvd,stafford,11249-w-airport-blvd,https://locations.chipotle.com/tx/stafford/11249-w-airport-blvd
TX,Houston,6887 Hwy 6 N,houston,6887-hwy-6-n,https://locations.chipotle.com/tx/houston/6887-hwy-6-n
TX,Webster,304 W Bay Area Blvd,webster,304-w-bay-area-blvd,https://locations.chipotle.com/tx/webster/304-w-bay-area-blvd
TX,Katy,1427 S Mason Rd,katy,1427-s-mason-rd,https://locations.chipotle.com/tx/katy/1427-s-mason-rd
TX,Houston,1260 Fry Rd,houston,1260-fry-rd,https://locations.chipotle.com/tx/houston/1260-fry-rd
TX,Cypress,17400 Spring Cypress Rd,cypress,17400-spring-cypress-rd,https://locations.chipotle.com/tx/cypress/17400-spring-cypress-rd
TX,Cypress,28920 Highway 290,cypress,28920-highway-290,https://locations.chipotle.com/tx/cypress/28920-highway-290
TX,Houston,11805 Westheimer Rd,houston,11805-westheimer-rd,https://locations.chipotle.com/tx/houston/11805-westheimer-rd
TX,Katy,24600 Katy Fwy,katy,24600-katy-fwy,https://locations.chipotle.com/tx/katy/24600-katy-fwy
TX,Humble,7418 Fm 1960 Rd E,humble,7418-fm-1960-rd-e,https://locations.chipotle.com/tx/humble/7418-fm-1960-rd-e
TX,Houston,10701 North Fwy,houston,10701-north-fwy,https://locations.chipotle.com/tx/houston/10701-north-fwy
TX,Cypress,9202 Barker Cypress Rd,cypress,9202-barker-cypress-rd,https://locations.chipotle.com/tx/cypress/9202-barker-cypress-rd
TX,Houston,1120 Eldridge Pkwy,houston,1120-eldridge-pkwy,https://locations.chipotle.com/tx/houston/1120-eldridge-pkwy
TX,Houston,9102 W Sam Houston Pkwy N,houston,9102-w-sam-houston-pkwy-n,https://locations.chipotle.com/tx/houston/9102-w-sam-houston-pkwy-n
TX,Pasadena,5759 Fairmont Pkwy,pasadena,5759-fairmont-pkwy,https://locations.chipotle.com/tx/pasadena/5759-fairmont-pkwy
MD,Bethesda,10400 Old Georgetown Rd,bethesda,10400-old-georgetown-rd,https://locations.chipotle.com/md/bethesda/10400-old-georgetown-rd
TX,Sugar Land,2280 Lone Star Dr,sugar-land,2280-lone-star-dr,https://locations.chipotle.com/tx/sugar-land/2280-lone-star-dr
MD,Upper Marlboro,2 Watkins Park Dr,upper-marlboro,2-watkins-park-dr,https://locations.chipotle.com/md/upper-marlboro/2-watkins-park-dr
MD,Bowie,15500 Excelsior Dr,bowie,15500-excelsior-dr,https://locations.chipotle.com/md/bowie/15500-excelsior-dr
MD,Bowie,15475 Annapolis Rd,bowie,15475-annapolis-rd,https://locations.chipotle.com/md/bowie/15475-annapolis-rd
MD,Rockville,865 Rockville Pike,rockville,865-rockville-pike,https://locations.chipotle.com/md/rockville/865-rockville-pike
MD,College Park,10250 Baltimore Ave,college-park,10250-baltimore-ave,https://locations.chipotle.com/md/college-park/10250-baltimore-ave
MD,Lanham,9301 Woodmore Center Dr,lanham,9301-woodmore-center-dr,https://locations.chipotle.com/md/lanham/9301-woodmore-center-dr
MD,Capitol Heights,9141 Alaking Ct,capitol-heights,9141-alaking-ct,https://locations.chipotle.com/md/capitol-heights/9141-alaking-ct
MD,Laurel,3353 Corridor Marketplace,laurel,3353-corridor-marketplace,https://locations.chipotle.com/md/laurel/3353-corridor-marketplace
MD,La Plata,105 Drury Dr,la-plata,105-drury-dr,https://locations.chipotle.com/md/la-plata/105-drury-dr
MD,Gaithersburg,205 Boardwalk Pl,gaithersburg,205-boardwalk-pl,https://locations.chipotle.com/md/gaithersburg/205-boardwalk-pl
MD,Forestville,3443 Donnell Dr,forestville,3443-donnell-dr,https://locations.chipotle.com/md/forestville/3443-donnell-dr
MD,Silver Spring,10161 New Hampshire Ave,silver-spring,10161-new-hampshire-ave,https://locations.chipotle.com/md/silver-spring/10161-new-hampshire-ave
MD,Bowie,10201 Martin Luther King Jr Hwy,bowie,10201-martin-luther-king-jr-hwy,https://locations.chipotle.com/md/bowie/10201-martin-luther-king-jr-hwy
MD,Bethesda,7101 Democracy Blvd,bethesda,7101-democracy-blvd,https://locations.chipotle.com/md/bethesda/7101-democracy-blvd
MD,Damascus,9815 Main St,damascus,9815-main-st,https://locations.chipotle.com/md/damascus/9815-main-st
MD,New Carrollton,8490 Annapolis Rd,new-carrollton,8490-annapolis-rd,https://locations.chipotle.com/md/new-carrollton/8490-annapolis-rd
MD,Silver Spring,12060 Cherry Hill Rd,silver-spring,12060-cherry-hill-rd,https://locations.chipotle.com/md/silver-spring/12060-cherry-hill-rd
MD,Silver Spring,10135 Colesville Rd,silver-spring,10135-colesville-rd,https://locations.chipotle.com/md/silver-spring/10135-colesville-rd
MD,Aspen Hill,13501 Connecticut Ave,aspen-hill,13501-connecticut-ave,https://locations.chipotle.com/md/aspen-hill/13501-connecticut-ave
MD,Laurel,14354 Baltimore Ave,laurel,14354-baltimore-ave,https://locations.chipotle.com/md/laurel/14354-baltimore-ave
MD,Silver Spring,907 Ellsworth Dr,silver-spring,907-ellsworth-dr,https://locations.chipotle.com/md/silver-spring/907-ellsworth-dr
MD,Waldorf,3250 Crain Hwy,waldorf,3250-crain-hwy,https://locations.chipotle.com/md/waldorf/3250-crain-hwy
MD,Chevy Chase,4471 Willard Ave,chevy-chase,4471-willard-ave,https://locations.chipotle.com/md/chevy-chase/4471-willard-ave
MD,Frederick,7820 Wormans Mill Rd,frederick,7820-wormans-mill-rd,https://locations.chipotle.com/md/frederick/7820-wormans-mill-rd
MD,Potomac,10116 River Rd,potomac,10116-river-rd,https://locations.chipotle.com/md/potomac/10116-river-rd
MD,Brandywine,16110 Cadillac Dr,brandywine,16110-cadillac-dr,https://locations.chipotle.com/md/brandywine/16110-cadillac-dr
MD,Frederick,997 W Patrick St,frederick,997-w-patrick-st,https://locations.chipotle.com/md/frederick/997-w-patrick-st
MD,Olney,3333 Olney Sandy Springs Rd,olney,3333-olney-sandy-springs-rd,https://locations.chipotle.com/md/olney/3333-olney-sandy-springs-rd
MD,Oxon Hill,158 National Plz,oxon-hill,158-national-plz,https://locations.chipotle.com/md/oxon-hill/158-national-plz
MD,Mount Airy,439 E Ridgeville Blvd,mount-airy,439-e-ridgeville-blvd,https://locations.chipotle.com/md/mount-airy/439-e-ridgeville-blvd
MD,Rockville,14925 Shady Grove Rd,rockville,14925-shady-grove-rd,https://locations.chipotle.com/md/rockville/14925-shady-grove-rd
MD,Frederick,5223 Buckeystown Pike,frederick,5223-buckeystown-pike,https://locations.chipotle.com/md/frederick/5223-buckeystown-pike
MD,Rockville,11802 Rockville Pike,rockville,11802-rockville-pike,https://locations.chipotle.com/md/rockville/11802-rockville-pike
MD,Bethesda,7600 Old Georgetown Rd,bethesda,7600-old-georgetown-rd,https://locations.chipotle.com/md/bethesda/7600-old-georgetown-rd
MD,Germantown,20940 Frederick Rd,germantown,20940-frederick-rd,https://locations.chipotle.com/md/germantown/20940-frederick-rd
MD,Gaithersburg,96 Main St,gaithersburg,96-main-st,https://locations.chipotle.com/md/gaithersburg/96-main-st
MD,Hyattsville,5501 Baltimore Ave,hyattsville,5501-baltimore-ave,https://locations.chipotle.com/md/hyattsville/5501-baltimore-ave
MD,Kensington,10526 Connecticut Ave,kensington,10526-connecticut-ave,https://locations.chipotle.com/md/kensington/10526-connecticut-ave
MD,Wheaton,11160 Viers Mill Rd,wheaton,11160-viers-mill-rd,https://locations.chipotle.com/md/wheaton/11160-viers-mill-rd
MD,Hyattsville,3500 E West Hwy,hyattsville,3500-e-west-hwy,https://locations.chipotle.com/md/hyattsville/3500-e-west-hwy
MD,Greenbelt,5506 Cherrywood Ln,greenbelt,5506-cherrywood-ln,https://locations.chipotle.com/md/greenbelt/5506-cherrywood-ln
DE,Rehoboth Beach,36453 Seaside Outlet Dr,rehoboth-beach,36453-seaside-outlet-dr,https://locations.chipotle.com/de/rehoboth-beach/36453-seaside-outlet-dr
DE,New Castle,115a S Dupont Hwy,new-castle,115a-s-dupont-hwy,https://locations.chipotle.com/de/new-castle/115a-s-dupont-hwy
DE,Middletown,657 Middletown Warwick Rd,middletown,657-middletown-warwick-rd,https://locations.chipotle.com/de/middletown/657-middletown-warwick-rd
DE,Dover,1141 N Dupont Hwy,dover,1141-n-dupont-hwy,https://locations.chipotle.com/de/dover/1141-n-dupont-hwy
DE,Newark,132 Christiana Mall,newark,132-christiana-mall,https://locations.chipotle.com/de/newark/132-christiana-mall
DE,Newark,60 Geoffrey Dr,newark,60-geoffrey-dr,https://locations.chipotle.com/de/newark/60-geoffrey-dr
DE,Newark,136 E Main St,newark,136-e-main-st,https://locations.chipotle.com/de/newark/136-e-main-st
DE,Wilmington,3700 Kirkwood Hwy,wilmington,3700-kirkwood-hwy,https://locations.chipotle.com/de/wilmington/3700-kirkwood-hwy
CO,Commerce City,5988 Dahlia St,commerce-city,5988-dahlia-st,https://locations.chipotle.com/co/commerce-city/5988-dahlia-st
CO,Wheat Ridge,3294 Youngfield St,wheat-ridge,3294-youngfield-st,https://locations.chipotle.com/co/wheat-ridge/3294-youngfield-st
CO,Denver,820 S Monaco Pkwy,denver,820-s-monaco-pkwy,https://locations.chipotle.com/co/denver/820-s-monaco-pkwy
CO,Denver,4490 Peoria St,denver,4490-peoria-st,https://locations.chipotle.com/co/denver/4490-peoria-st
CO,Lakewood,7355 W Colfax Ave,lakewood,7355-w-colfax-ave,https://locations.chipotle.com/co/lakewood/7355-w-colfax-ave
CO,Lakewood,14255 W Colfax Ave,lakewood,14255-w-colfax-ave,https://locations.chipotle.com/co/lakewood/14255-w-colfax-ave
CO,Denver,7400 E 29th Ave,denver,7400-e-29th-ave,https://locations.chipotle.com/co/denver/7400-e-29th-ave
CO,Denver,140 Steele St,denver,140-steele-st,https://locations.chipotle.com/co/denver/140-steele-st
CO,Aurora,2300 S Parker Rd,aurora,2300-s-parker-rd,https://locations.chipotle.com/co/aurora/2300-s-parker-rd
CO,Aurora,13700 E Colfax Ave,aurora,13700-e-colfax-ave,https://locations.chipotle.com/co/aurora/13700-e-colfax-ave
CO,Aurora,1205 S Havana St,aurora,1205-s-havana-st,https://locations.chipotle.com/co/aurora/1205-s-havana-st
CO,Aurora,3455 N Salida St,aurora,3455-n-salida-st,https://locations.chipotle.com/co/aurora/3455-n-salida-st
CO,Denver,745 Colorado Blvd,denver,745-colorado-blvd,https://locations.chipotle.com/co/denver/745-colorado-blvd
CO,Aurora,24100 E Commons Ave,aurora,24100-e-commons-ave,https://locations.chipotle.com/co/aurora/24100-e-commons-ave
CO,Arvada,12550 W 64th Ave,arvada,12550-w-64th-ave,https://locations.chipotle.com/co/arvada/12550-w-64th-ave
CO,Arvada,5324 Wadsworth Byp,arvada,5324-wadsworth-byp,https://locations.chipotle.com/co/arvada/5324-wadsworth-byp
CO,Thornton,815 Thornton Pkwy,thornton,815-thornton-pkwy,https://locations.chipotle.com/co/thornton/815-thornton-pkwy
CO,Westminster,5160 W 120th Ave,westminster,5160-w-120th-ave,https://locations.chipotle.com/co/westminster/5160-w-120th-ave
CO,Highlands Ranch,2209 W Wildcat Reserve Pkwy,highlands-ranch,2209-w-wildcat-reserve-pkwy,https://locations.chipotle.com/co/highlands-ranch/2209-w-wildcat-reserve-pkwy
CO,Longmont,1708 Main Street,longmont,1708-main-street,https://locations.chipotle.com/co/longmont/1708-main-street
CO,Lafayette,548 W South Boulder Rd,lafayette,548-w-south-boulder-rd,https://locations.chipotle.com/co/lafayette/548-w-south-boulder-rd
CO,Denver,1600 California St,denver,1600-california-st,https://locations.chipotle.com/co/denver/1600-california-st
CO,Centennial,20209 E Smoky Hill Rd,centennial,20209-e-smoky-hill-rd,https://locations.chipotle.com/co/centennial/20209-e-smoky-hill-rd
CO,Longmont,1100 Ken Pratt Blvd,longmont,1100-ken-pratt-blvd,https://locations.chipotle.com/co/longmont/1100-ken-pratt-blvd
CO,Greenwood Village,8000 E Belleview Ave,greenwood-village,8000-e-belleview-ave,https://locations.chipotle.com/co/greenwood-village/8000-e-belleview-ave
CO,Castle Rock,5642 Allen Way,castle-rock,5642-allen-way,https://locations.chipotle.com/co/castle-rock/5642-allen-way
CO,Centennial,8255 S Chester St,centennial,8255-s-chester-st,https://locations.chipotle.com/co/centennial/8255-s-chester-st
CO,Denver,1644 E Evans Ave,denver,1644-e-evans-ave,https://locations.chipotle.com/co/denver/1644-e-evans-ave
CO,Denver,7350 E Hampden Ave,denver,7350-e-hampden-ave,https://locations.chipotle.com/co/denver/7350-e-hampden-ave
CO,Denver,371 E Alameda Ave,denver,371-e-alameda-ave,https://locations.chipotle.com/co/denver/371-e-alameda-ave
CO,Denver,2760 S Colorado Blvd,denver,2760-s-colorado-blvd,https://locations.chipotle.com/co/denver/2760-s-colorado-blvd
CO,Englewood,333 W Hampden Ave,englewood,333-w-hampden-ave,https://locations.chipotle.com/co/englewood/333-w-hampden-ave
CO,Greenwood Village,6570 S Yosemite St,greenwood-village,6570-s-yosemite-st,https://locations.chipotle.com/co/greenwood-village/6570-s-yosemite-st
CO,Lone Tree,9500 Heritage Hills Cir,lone-tree,9500-heritage-hills-cir,https://locations.chipotle.com/co/lone-tree/9500-heritage-hills-cir
CO,Centennial,12073 E Arapahoe Rd,centennial,12073-e-arapahoe-rd,https://locations.chipotle.com/co/centennial/12073-e-arapahoe-rd
CO,Littleton,5699 S Broadway,littleton,5699-s-broadway,https://locations.chipotle.com/co/littleton/5699-s-broadway
CO,Littleton,7515 S University Blvd,littleton,7515-s-university-blvd,https://locations.chipotle.com/co/littleton/7515-s-university-blvd
CO,Denver,550 N Broadway,denver,550-n-broadway,https://locations.chipotle.com/co/denver/550-n-broadway
CO,Denver,3600 W 32nd Ave,denver,3600-w-32nd-ave,https://locations.chipotle.com/co/denver/3600-w-32nd-ave
CO,Denver,8100 W Crestline Ave,denver,8100-w-crestline-ave,https://locations.chipotle.com/co/denver/8100-w-crestline-ave
CO,Lakewood,355 S Wadsworth Blvd,lakewood,355-s-wadsworth-blvd,https://locations.chipotle.com/co/lakewood/355-s-wadsworth-blvd
CO,Lakewood,3170 S Wadsworth Blvd,lakewood,3170-s-wadsworth-blvd,https://locations.chipotle.com/co/lakewood/3170-s-wadsworth-blvd
CO,Lakewood,145 Union Blvd,lakewood,145-union-blvd,https://locations.chipotle.com/co/lakewood/145-union-blvd
WV,Martinsburg,937 Foxcroft Ave,martinsburg,937-foxcroft-ave,https://locations.chipotle.com/wv/martinsburg/937-foxcroft-ave
WV,Huntington,2151 5th Ave,huntington,2151-5th-ave,https://locations.chipotle.com/wv/huntington/2151-5th-ave
WV,Morgantown,17 Chaplin Rd,morgantown,17-chaplin-rd,https://locations.chipotle.com/wv/morgantown/17-chaplin-rd
WV,Barboursville,318 East Mall Road,barboursville,318-east-mall-road,https://locations.chipotle.com/wv/barboursville/318-east-mall-road
FL,Miami,2200 Sw 87th Ave,miami,2200-sw-87th-ave,https://locations.chipotle.com/fl/miami/2200-sw-87th-ave
FL,Cutler Bay,19151 S Dixie Hwy,cutler-bay,19151-s-dixie-hwy,https://locations.chipotle.com/fl/cutler-bay/19151-s-dixie-hwy
FL,Pinecrest,12227 South Dixie Highway,pinecrest,12227-south-dixie-highway,https://locations.chipotle.com/fl/pinecrest/12227-south-dixie-highway
FL,Homestead,2500 Ne 10th Ct,homestead,2500-ne-10th-ct,https://locations.chipotle.com/fl/homestead/2500-ne-10th-ct
FL,Hialeah,7925 Hialeah Gardens Blvd,hialeah,7925-hialeah-gardens-blvd,https://locations.chipotle.com/fl/hialeah/7925-hialeah-gardens-blvd
FL,Miami,13612 Sw 88th St,miami,13612-sw-88th-st,https://locations.chipotle.com/fl/miami/13612-sw-88th-st
FL,Miami,2235 Sw 37th Ave,miami,2235-sw-37th-ave,https://locations.chipotle.com/fl/miami/2235-sw-37th-ave
FL,Hialeah,18461 Nw 67th Ave,hialeah,18461-nw-67th-ave,https://locations.chipotle.com/fl/hialeah/18461-nw-67th-ave
FL,Miami,7230 Nw 36th St,miami,7230-nw-36th-st,https://locations.chipotle.com/fl/miami/7230-nw-36th-st
FL,Hialeah,405 W 49th St,hialeah,405-w-49th-st,https://locations.chipotle.com/fl/hialeah/405-w-49th-st
FL,Miami,10141 W Flagler St,miami,10141-w-flagler-st,https://locations.chipotle.com/fl/miami/10141-w-flagler-st
FL,South Miami,6290 S Dixie Hwy,south-miami,6290-s-dixie-hwy,https://locations.chipotle.com/fl/south-miami/6290-s-dixie-hwy
FL,Miami Lakes,8000 Nw 154th St,miami-lakes,8000-nw-154th-st,https://locations.chipotle.com/fl/miami-lakes/8000-nw-154th-st
FL,Miami,19565 Biscayne Blvd,miami,19565-biscayne-blvd,https://locations.chipotle.com/fl/miami/19565-biscayne-blvd
FL,Aventura,18815 Biscayne Blvd,aventura,18815-biscayne-blvd,https://locations.chipotle.com/fl/aventura/18815-biscayne-blvd
FL,North Miami,14776 Biscayne Blvd,north-miami,14776-biscayne-blvd,https://locations.chipotle.com/fl/north-miami/14776-biscayne-blvd
WY,Cheyenne,1508 Dell Range Blvd,cheyenne,1508-dell-range-blvd,https://locations.chipotle.com/wy/cheyenne/1508-dell-range-blvd
IL,Normal,1601 E College Ave,normal,1601-e-college-ave,https://locations.chipotle.com/il/normal/1601-e-college-ave
IL,Bloomington,305 N Veterans Pkwy,bloomington,305-n-veterans-pkwy,https://locations.chipotle.com/il/bloomington/305-n-veterans-pkwy
IL,Peoria,4512 N Sterling Ave,peoria,4512-n-sterling-ave,https://locations.chipotle.com/il/peoria/4512-n-sterling-ave
IL,East Peoria,300 W Washington St,east-peoria,300-w-washington-st,https://locations.chipotle.com/il/east-peoria/300-w-washington-st
IL,Moline,3941 41st Avenue Dr,moline,3941-41st-avenue-dr,https://locations.chipotle.com/il/moline/3941-41st-avenue-dr
IL,Normal,701 S Main St,normal,701-s-main-st,https://locations.chipotle.com/il/normal/701-s-main-st
CA,Los Angeles,10250 Santa Monica Blvd,los-angeles,10250-santa-monica-blvd,https://locations.chipotle.com/ca/los-angeles/10250-santa-monica-blvd
CA,Carson,20420 Avalon Blvd,carson,20420-avalon-blvd,https://locations.chipotle.com/ca/carson/20420-avalon-blvd
CA,Los Angeles,11711 National Blvd,los-angeles,11711-national-blvd,https://locations.chipotle.com/ca/los-angeles/11711-national-blvd
CA,Rolling Hills Estates,4c Peninsula Ctr,rolling-hills-estates,4c-peninsula-ctr,https://locations.chipotle.com/ca/rolling-hills-estates/4c-peninsula-ctr
CA,Beverly Hills,244 S Beverly Dr,beverly-hills,244-s-beverly-dr,https://locations.chipotle.com/ca/beverly-hills/244-s-beverly-dr
CA,Hawthorne,5330 W Rosecrans Ave,hawthorne,5330-w-rosecrans-ave,https://locations.chipotle.com/ca/hawthorne/5330-w-rosecrans-ave
CA,Culver City,6150 W Slauson Ave,culver-city,6150-w-slauson-ave,https://locations.chipotle.com/ca/culver-city/6150-w-slauson-ave
CA,Culver City,4114 Sepulveda Blvd,culver-city,4114-sepulveda-blvd,https://locations.chipotle.com/ca/culver-city/4114-sepulveda-blvd
CA,Torrance,21300 Hawthorne Blvd,torrance,21300-hawthorne-blvd,https://locations.chipotle.com/ca/torrance/21300-hawthorne-blvd
CA,Torrance,3525 W Carson St,torrance,3525-w-carson-st,https://locations.chipotle.com/ca/torrance/3525-w-carson-st
CA,Hermosa Beach,1439 Pacific Coast Hwy,hermosa-beach,1439-pacific-coast-hwy,https://locations.chipotle.com/ca/hermosa-beach/1439-pacific-coast-hwy
CA,El Segundo,307 N Pacific Coast Hwy,el-segundo,307-n-pacific-coast-hwy,https://locations.chipotle.com/ca/el-segundo/307-n-pacific-coast-hwy
CA,Culver City,6000 Sepulveda Blvd,culver-city,6000-sepulveda-blvd,https://locations.chipotle.com/ca/culver-city/6000-sepulveda-blvd
CA,Malibu,3822 Cross Creek Rd,malibu,3822-cross-creek-rd,https://locations.chipotle.com/ca/malibu/3822-cross-creek-rd
CA,Santa Monica,1218 3rd Street Promenade,santa-monica,1218-3rd-street-promenade,https://locations.chipotle.com/ca/santa-monica/1218-3rd-street-promenade
CA,San Pedro,940 N Western Ave,san-pedro,940-n-western-ave,https://locations.chipotle.com/ca/san-pedro/940-n-western-ave
CA,Torrance,24631 Crenshaw Blvd,torrance,24631-crenshaw-blvd,https://locations.chipotle.com/ca/torrance/24631-crenshaw-blvd
CA,Compton,1759 S Alameda St,compton,1759-s-alameda-st,https://locations.chipotle.com/ca/compton/1759-s-alameda-st
CA,Los Angeles,6719 La Tijera Blvd,los-angeles,6719-la-tijera-blvd,https://locations.chipotle.com/ca/los-angeles/6719-la-tijera-blvd
CA,Gardena,1755 W Artesia Blvd,gardena,1755-w-artesia-blvd,https://locations.chipotle.com/ca/gardena/1755-w-artesia-blvd
CA,Marina Del Rey,4718 Admiralty Way,marina-del-rey,4718-admiralty-way,https://locations.chipotle.com/ca/marina-del-rey/4718-admiralty-way
CA,Los Angeles,1077 Broxton Ave,los-angeles,1077-broxton-ave,https://locations.chipotle.com/ca/los-angeles/1077-broxton-ave
CA,Los Angeles,11690 San Vicente Blvd,los-angeles,11690-san-vicente-blvd,https://locations.chipotle.com/ca/los-angeles/11690-san-vicente-blvd
IL,Chicago,525 W Monroe St,chicago,525-w-monroe-st,https://locations.chipotle.com/il/chicago/525-w-monroe-st
IL,Chicago,233 W Lake St,chicago,233-w-lake-st,https://locations.chipotle.com/il/chicago/233-w-lake-st
IL,Chicago,210 W North Ave,chicago,210-w-north-ave,https://locations.chipotle.com/il/chicago/210-w-north-ave
IL,Chicago,10 E Jackson Blvd,chicago,10-e-jackson-blvd,https://locations.chipotle.com/il/chicago/10-e-jackson-blvd
IL,Chicago,316 N Michigan Ave,chicago,316-n-michigan-ave,https://locations.chipotle.com/il/chicago/316-n-michigan-ave
IL,Chicago,1132 S Clinton St,chicago,1132-s-clinton-st,https://locations.chipotle.com/il/chicago/1132-s-clinton-st
IL,Chicago,291 E Ontario St,chicago,291-e-ontario-st,https://locations.chipotle.com/il/chicago/291-e-ontario-st
IL,Chicago,311 S Wacker Dr,chicago,311-s-wacker-dr,https://locations.chipotle.com/il/chicago/311-s-wacker-dr
IL,Chicago,8 E Madison St,chicago,8-e-madison-st,https://locations.chipotle.com/il/chicago/8-e-madison-st
IL,Chicago,1166 N State St,chicago,1166-n-state-st,https://locations.chipotle.com/il/chicago/1166-n-state-st
MI,Allen Park,3125 Fairlane Dr,allen-park,3125-fairlane-dr,https://locations.chipotle.com/mi/allen-park/3125-fairlane-dr
IL,Chicago,10 S La Salle St,chicago,10-s-la-salle-st,https://locations.chipotle.com/il/chicago/10-s-la-salle-st
IL,Chicago,6 W Grand Ave,chicago,6-w-grand-ave,https://locations.chipotle.com/il/chicago/6-w-grand-ave
MO,Bridgeton,3533 Mckelvey Rd,bridgeton,3533-mckelvey-rd,https://locations.chipotle.com/mo/bridgeton/3533-mckelvey-rd
IL,Chicago,230 West Monroe Street,chicago,230-west-monroe-street,https://locations.chipotle.com/il/chicago/230-west-monroe-street
MO,Saint Louis,1500 S Hanley Rd,saint-louis,1500-s-hanley-rd,https://locations.chipotle.com/mo/saint-louis/1500-s-hanley-rd
MO,Saint Louis,212 S Grand Blvd,saint-louis,212-s-grand-blvd,https://locations.chipotle.com/mo/saint-louis/212-s-grand-blvd
MO,Clayton,1 N Central Ave,clayton,1-n-central-ave,https://locations.chipotle.com/mo/clayton/1-n-central-ave
MO,Florissant,2391 N Highway 67,florissant,2391-n-highway-67,https://locations.chipotle.com/mo/florissant/2391-n-highway-67
MO,Kirkwood,1255 S Kirkwood Rd,kirkwood,1255-s-kirkwood-rd,https://locations.chipotle.com/mo/kirkwood/1255-s-kirkwood-rd
MO,Des Peres,80 W County Ctr,des-peres,80-w-county-ctr,https://locations.chipotle.com/mo/des-peres/80-w-county-ctr
MO,Creve Coeur,11485 Olive Blvd,creve-coeur,11485-olive-blvd,https://locations.chipotle.com/mo/creve-coeur/11485-olive-blvd
NY,Syracuse,129 Marshall St,syracuse,129-marshall-st,https://locations.chipotle.com/ny/syracuse/129-marshall-st
NY,Syracuse,3496 Erie Blvd East,syracuse,3496-erie-blvd-east,https://locations.chipotle.com/ny/syracuse/3496-erie-blvd-east
NY,Syracuse,3600 W Genesee St,syracuse,3600-w-genesee-st,https://locations.chipotle.com/ny/syracuse/3600-w-genesee-st
NY,Liverpool,3852 State Route 31,liverpool,3852-state-route-31,https://locations.chipotle.com/ny/liverpool/3852-state-route-31
NY,New Hartford,4815 Commercial Dr,new-hartford,4815-commercial-dr,https://locations.chipotle.com/ny/new-hartford/4815-commercial-dr
NY,Watertown,1290 Arsenal St,watertown,1290-arsenal-st,https://locations.chipotle.com/ny/watertown/1290-arsenal-st
KS,Wichita,3015 N Rock Rd,wichita,3015-n-rock-rd,https://locations.chipotle.com/ks/wichita/3015-n-rock-rd
KS,Wichita,535 S Rock Rd,wichita,535-s-rock-rd,https://locations.chipotle.com/ks/wichita/535-s-rock-rd
KS,Wichita,515 N Hillside St,wichita,515-n-hillside-st,https://locations.chipotle.com/ks/wichita/515-n-hillside-st
KS,Wichita,2241 N Maize Rd,wichita,2241-n-maize-rd,https://locations.chipotle.com/ks/wichita/2241-n-maize-rd
KS,Derby,1700 N Rock Rd,derby,1700-n-rock-rd,https://locations.chipotle.com/ks/derby/1700-n-rock-rd
KS,Wichita,7130 W Maple St,wichita,7130-w-maple-st,https://locations.chipotle.com/ks/wichita/7130-w-maple-st
IN,Speedway,6321 Crawfordsville Rd,speedway,6321-crawfordsville-rd,https://locations.chipotle.com/in/speedway/6321-crawfordsville-rd
IN,Indianapolis,1002 Broad Ripple Ave,indianapolis,1002-broad-ripple-ave,https://locations.chipotle.com/in/indianapolis/1002-broad-ripple-ave
IN,Avon,10403 E Us Highway 36,avon,10403-e-us-highway-36,https://locations.chipotle.com/in/avon/10403-e-us-highway-36
IN,Indianapolis,1560 E 86th St,indianapolis,1560-e-86th-st,https://locations.chipotle.com/in/indianapolis/1560-e-86th-st
IN,Noblesville,12831 Campus Pkwy,noblesville,12831-campus-pkwy,https://locations.chipotle.com/in/noblesville/12831-campus-pkwy
IN,Indianapolis,4625 E 96th St,indianapolis,4625-e-96th-st,https://locations.chipotle.com/in/indianapolis/4625-e-96th-st
IN,Indianapolis,3340 W 86th St,indianapolis,3340-w-86th-st,https://locations.chipotle.com/in/indianapolis/3340-w-86th-st
IN,Carmel,2420 E 146th St,carmel,2420-e-146th-st,https://locations.chipotle.com/in/carmel/2420-e-146th-st
IN,Indianapolis,601 Oscar Robertson Blvd,indianapolis,601-oscar-robertson-blvd,https://locations.chipotle.com/in/indianapolis/601-oscar-robertson-blvd
IN,Indianapolis,6 E Washington St,indianapolis,6-e-washington-st,https://locations.chipotle.com/in/indianapolis/6-e-washington-st
IN,Plainfield,350 S Perry Rd,plainfield,350-s-perry-rd,https://locations.chipotle.com/in/plainfield/350-s-perry-rd
IN,Carmel,12697 Pennsylvania St,carmel,12697-pennsylvania-st,https://locations.chipotle.com/in/carmel/12697-pennsylvania-st
IN,Indianapolis,8812 Us 31,indianapolis,8812-us-31,https://locations.chipotle.com/in/indianapolis/8812-us-31
IN,Indianapolis,5320 E 82nd St,indianapolis,5320-e-82nd-st,https://locations.chipotle.com/in/indianapolis/5320-e-82nd-st
LA,Bossier City,2610 Airline Dr,bossier-city,2610-airline-dr,https://locations.chipotle.com/la/bossier-city/2610-airline-dr
LA,Shreveport,7030 Youree Dr,shreveport,7030-youree-dr,https://locations.chipotle.com/la/shreveport/7030-youree-dr
IA,Cedar Rapids,4444 1st Ave Ne,cedar-rapids,4444-1st-ave-ne,https://locations.chipotle.com/ia/cedar-rapids/4444-1st-ave-ne
IA,Iowa City,201 S Clinton St,iowa-city,201-s-clinton-st,https://locations.chipotle.com/ia/iowa-city/201-s-clinton-st
MN,Saint Cloud,211 5th Ave S,saint-cloud,211-5th-ave-s,https://locations.chipotle.com/mn/saint-cloud/211-5th-ave-s
MN,Saint Cloud,3959 2nd St S,saint-cloud,3959-2nd-st-s,https://locations.chipotle.com/mn/saint-cloud/3959-2nd-st-s
FL,Melbourne,2322 Harnett Dr,melbourne,2322-harnett-dr,https://locations.chipotle.com/fl/melbourne/2322-harnett-dr
FL,Melbourne,1563 W New Haven Ave,melbourne,1563-w-new-haven-ave,https://locations.chipotle.com/fl/melbourne/1563-w-new-haven-ave
FL,Kissimmee,6210 W Irlo Bronson Memorial Hwy,kissimmee,6210-w-irlo-bronson-memorial-hwy,https://locations.chipotle.com/fl/kissimmee/6210-w-irlo-bronson-memorial-hwy
FL,Orlando,11680 University Blvd,orlando,11680-university-blvd,https://locations.chipotle.com/fl/orlando/11680-university-blvd
CA,South Gate,4709 Firestone Blvd,south-gate,4709-firestone-blvd,https://locations.chipotle.com/ca/south-gate/4709-firestone-blvd
CA,Los Angeles,5047 Eagle Rock Blvd,los-angeles,5047-eagle-rock-blvd,https://locations.chipotle.com/ca/los-angeles/5047-eagle-rock-blvd
CA,Baldwin Hills,3939 Crenshaw Blvd,baldwin-hills,3939-crenshaw-blvd,https://locations.chipotle.com/ca/baldwin-hills/3939-crenshaw-blvd
CA,Los Angeles,301 N Larchmont Blvd,los-angeles,301-n-larchmont-blvd,https://locations.chipotle.com/ca/los-angeles/301-n-larchmont-blvd
CA,Los Angeles,7660 W Sunset Blvd,los-angeles,7660-w-sunset-blvd,https://locations.chipotle.com/ca/los-angeles/7660-w-sunset-blvd
CA,Walnut Park,2110 E Florence Ave,walnut-park,2110-e-florence-ave,https://locations.chipotle.com/ca/walnut-park/2110-e-florence-ave
CA,Inglewood,2944 W Imperial Hwy,inglewood,2944-w-imperial-hwy,https://locations.chipotle.com/ca/inglewood/2944-w-imperial-hwy
CA,Los Angeles,8420 Beverly Blvd,los-angeles,8420-beverly-blvd,https://locations.chipotle.com/ca/los-angeles/8420-beverly-blvd
CA,Commerce,150 Citadel Dr,commerce,150-citadel-dr,https://locations.chipotle.com/ca/commerce/150-citadel-dr
CA,Montebello,545 N Montebello Blvd,montebello,545-n-montebello-blvd,https://locations.chipotle.com/ca/montebello/545-n-montebello-blvd
CA,Los Angeles,110 S Fairfax Ave,los-angeles,110-s-fairfax-ave,https://locations.chipotle.com/ca/los-angeles/110-s-fairfax-ave
CA,Monterey Park,2180 S Atlantic Blvd,monterey-park,2180-s-atlantic-blvd,https://locations.chipotle.com/ca/monterey-park/2180-s-atlantic-blvd
CA,Los Angeles,5550 Wilshire Blvd,los-angeles,5550-wilshire-blvd,https://locations.chipotle.com/ca/los-angeles/5550-wilshire-blvd
CA,Los Angeles,4550 W Pico Blvd,los-angeles,4550-w-pico-blvd,https://locations.chipotle.com/ca/los-angeles/4550-w-pico-blvd
TX,Abilene,3800 S Clack St,abilene,3800-s-clack-st,https://locations.chipotle.com/tx/abilene/3800-s-clack-st
OH,Brunswick,3362 Center Rd,brunswick,3362-center-rd,https://locations.chipotle.com/oh/brunswick/3362-center-rd
OH,Akron,272 E Exchange St,akron,272-e-exchange-st,https://locations.chipotle.com/oh/akron/272-e-exchange-st
OH,New Philadelphia,135 Bluebell Dr Sw,new-philadelphia,135-bluebell-dr-sw,https://locations.chipotle.com/oh/new-philadelphia/135-bluebell-dr-sw
OH,Wadsworth,990 High St,wadsworth,990-high-st,https://locations.chipotle.com/oh/wadsworth/990-high-st
OH,Northfield,8195 Golden Link Blvd,northfield,8195-golden-link-blvd,https://locations.chipotle.com/oh/northfield/8195-golden-link-blvd
OH,Hudson,5 Atterbury Blvd,hudson,5-atterbury-blvd,https://locations.chipotle.com/oh/hudson/5-atterbury-blvd
OH,Wooster,4124 Burbank Rd,wooster,4124-burbank-rd,https://locations.chipotle.com/oh/wooster/4124-burbank-rd
OH,Cortland,2160 Millennium Blvd,cortland,2160-millennium-blvd,https://locations.chipotle.com/oh/cortland/2160-millennium-blvd
OH,Akron,825 W Market St,akron,825-w-market-st,https://locations.chipotle.com/oh/akron/825-w-market-st
OH,Twinsburg,2640 Creekside Dr,twinsburg,2640-creekside-dr,https://locations.chipotle.com/oh/twinsburg/2640-creekside-dr
OH,Canton,4130 Tuscarawas St W,canton,4130-tuscarawas-st-w,https://locations.chipotle.com/oh/canton/4130-tuscarawas-st-w
OH,Canton,5097 Dressler Rd Nw,canton,5097-dressler-rd-nw,https://locations.chipotle.com/oh/canton/5097-dressler-rd-nw
OH,North Canton,1472 N Main St,north-canton,1472-n-main-st,https://locations.chipotle.com/oh/north-canton/1472-n-main-st
OH,Warren,1922 Niles Cortland Rd Se,warren,1922-niles-cortland-rd-se,https://locations.chipotle.com/oh/warren/1922-niles-cortland-rd-se
OH,Streetsboro,9754 State Route 14,streetsboro,9754-state-route-14,https://locations.chipotle.com/oh/streetsboro/9754-state-route-14
OH,Stow,4338 Kent Rd,stow,4338-kent-rd,https://locations.chipotle.com/oh/stow/4338-kent-rd
OH,Akron,3890 Medina Rd,akron,3890-medina-rd,https://locations.chipotle.com/oh/akron/3890-medina-rd
OH,Kent,4050 Cascades Blvd,kent,4050-cascades-blvd,https://locations.chipotle.com/oh/kent/4050-cascades-blvd
OH,Akron,790 Arlington Rdg,akron,790-arlington-rdg,https://locations.chipotle.com/oh/akron/790-arlington-rdg
OH,Canfield,4542 Boardman Canfield Rd,canfield,4542-boardman-canfield-rd,https://locations.chipotle.com/oh/canfield/4542-boardman-canfield-rd
OH,Medina,3070 Medina Rd,medina,3070-medina-rd,https://locations.chipotle.com/oh/medina/3070-medina-rd
OH,Medina,899 N Court St,medina,899-n-court-st,https://locations.chipotle.com/oh/medina/899-n-court-st
OH,Boardman,525 Boardman Poland Rd,boardman,525-boardman-poland-rd,https://locations.chipotle.com/oh/boardman/525-boardman-poland-rd
OH,Barberton,446 Robinson Ave,barberton,446-robinson-ave,https://locations.chipotle.com/oh/barberton/446-robinson-ave
OH,Austintown,5553 Mahoning Ave,austintown,5553-mahoning-ave,https://locations.chipotle.com/oh/austintown/5553-mahoning-ave
OH,Alliance,1630 W State St,alliance,1630-w-state-st,https://locations.chipotle.com/oh/alliance/1630-w-state-st
OH,Massillon,13 Tommy Henrich Dr Nw,massillon,13-tommy-henrich-dr-nw,https://locations.chipotle.com/oh/massillon/13-tommy-henrich-dr-nw
OH,Cuyahoga Falls,371 Howe Ave,cuyahoga-falls,371-howe-ave,https://locations.chipotle.com/oh/cuyahoga-falls/371-howe-ave
OH,Cuyahoga Falls,2042 Portage Trl,cuyahoga-falls,2042-portage-trl,https://locations.chipotle.com/oh/cuyahoga-falls/2042-portage-trl
AL,Montgomery,2560 Berryhill Rd,montgomery,2560-berryhill-rd,https://locations.chipotle.com/al/montgomery/2560-berryhill-rd
AL,Prattville,2566 Cobbs Ford Rd,prattville,2566-cobbs-ford-rd,https://locations.chipotle.com/al/prattville/2566-cobbs-ford-rd
AL,Opelika,2125 Interstate Dr,opelika,2125-interstate-dr,https://locations.chipotle.com/al/opelika/2125-interstate-dr
AL,Auburn,346 W Magnolia Ave,auburn,346-w-magnolia-ave,https://locations.chipotle.com/al/auburn/346-w-magnolia-ave
NC,Winston Salem,128 Hanes Mall Cir,winston-salem,128-hanes-mall-cir,https://locations.chipotle.com/nc/winston-salem/128-hanes-mall-cir
NC,Greensboro,1420 Westover Ter,greensboro,1420-westover-ter,https://locations.chipotle.com/nc/greensboro/1420-westover-ter
NC,Greensboro,435 Tate St,greensboro,435-tate-st,https://locations.chipotle.com/nc/greensboro/435-tate-st
NC,Greensboro,5402 Sapp Rd,greensboro,5402-sapp-rd,https://locations.chipotle.com/nc/greensboro/5402-sapp-rd
NC,High Point,4008 Brian Jordan Pl,high-point,4008-brian-jordan-pl,https://locations.chipotle.com/nc/high-point/4008-brian-jordan-pl
NC,High Point,2313 N Main St,high-point,2313-n-main-st,https://locations.chipotle.com/nc/high-point/2313-n-main-st
NC,Kernersville,1020 S Main St,kernersville,1020-s-main-st,https://locations.chipotle.com/nc/kernersville/1020-s-main-st
LA,Lafayette,4231 Ambassador Caffery Pkwy,lafayette,4231-ambassador-caffery-pkwy,https://locations.chipotle.com/la/lafayette/4231-ambassador-caffery-pkwy
FL,Gainesville,1432 W University Ave,gainesville,1432-w-university-ave,https://locations.chipotle.com/fl/gainesville/1432-w-university-ave
FL,Gainesville,3841 Sw Archer Rd,gainesville,3841-sw-archer-rd,https://locations.chipotle.com/fl/gainesville/3841-sw-archer-rd
NY,Brooklyn,185 7th Ave,brooklyn,185-7th-ave,https://locations.chipotle.com/ny/brooklyn/185-7th-ave
FL,Ocala,2645 Sw College Rd,ocala,2645-sw-college-rd,https://locations.chipotle.com/fl/ocala/2645-sw-college-rd
NY,Bronx,2122 Bartow Ave,bronx,2122-bartow-ave,https://locations.chipotle.com/ny/bronx/2122-bartow-ave
FL,Gainesville,2225 Nw 13th St,gainesville,2225-nw-13th-st,https://locations.chipotle.com/fl/gainesville/2225-nw-13th-st
FL,Clermont,1495 E Hwy 50,clermont,1495-e-hwy-50,https://locations.chipotle.com/fl/clermont/1495-e-hwy-50
FL,Brooksville,13207 Cortez Blvd,brooksville,13207-cortez-blvd,https://locations.chipotle.com/fl/brooksville/13207-cortez-blvd
FL,Mount Dora,19025 Us Highway 441,mount-dora,19025-us-highway-441,https://locations.chipotle.com/fl/mount-dora/19025-us-highway-441
WA,Silverdale,11065 Pacific Crest Pl Nw,silverdale,11065-pacific-crest-pl-nw,https://locations.chipotle.com/wa/silverdale/11065-pacific-crest-pl-nw
WA,Vancouver,915 Se 164th Ave,vancouver,915-se-164th-ave,https://locations.chipotle.com/wa/vancouver/915-se-164th-ave
WA,Lacey,1177 Marvin Rd Ne,lacey,1177-marvin-rd-ne,https://locations.chipotle.com/wa/lacey/1177-marvin-rd-ne
WA,Marysville,17103 28th Dr Ne,marysville,17103-28th-dr-ne,https://locations.chipotle.com/wa/marysville/17103-28th-dr-ne
WA,Vancouver,7715 Ne 5th Ave,vancouver,7715-ne-5th-ave,https://locations.chipotle.com/wa/vancouver/7715-ne-5th-ave
WA,Burlington,1753 S Burlington Blvd,burlington,1753-s-burlington-blvd,https://locations.chipotle.com/wa/burlington/1753-s-burlington-blvd
WA,Bellingham,4 Bellis Fair Pkwy,bellingham,4-bellis-fair-pkwy,https://locations.chipotle.com/wa/bellingham/4-bellis-fair-pkwy
WA,Olympia,625 Black Lake Blvd Sw,olympia,625-black-lake-blvd-sw,https://locations.chipotle.com/wa/olympia/625-black-lake-blvd-sw
WA,Vancouver,11600 Se Mill Plain Blvd,vancouver,11600-se-mill-plain-blvd,https://locations.chipotle.com/wa/vancouver/11600-se-mill-plain-blvd
WA,Vancouver,4311 Ne Thurston Way,vancouver,4311-ne-thurston-way,https://locations.chipotle.com/wa/vancouver/4311-ne-thurston-way
TX,Corpus Christi,4938 S Staples St,corpus-christi,4938-s-staples-st,https://locations.chipotle.com/tx/corpus-christi/4938-s-staples-st
UT,Lehi,3601 N Digital Dr,lehi,3601-n-digital-dr,https://locations.chipotle.com/ut/lehi/3601-n-digital-dr
FL,Daytona Beach,2400 W International Speedway Blvd,daytona-beach,2400-w-international-speedway-blvd,https://locations.chipotle.com/fl/daytona-beach/2400-w-international-speedway-blvd
FL,Palm Coast,5860 State Road 100 E,palm-coast,5860-state-road-100-e,https://locations.chipotle.com/fl/palm-coast/5860-state-road-100-e
FL,Deland,2335 S Woodland Blvd,deland,2335-s-woodland-blvd,https://locations.chipotle.com/fl/deland/2335-s-woodland-blvd
FL,Ormond Beach,1290 W Granada Blvd,ormond-beach,1290-w-granada-blvd,https://locations.chipotle.com/fl/ormond-beach/1290-w-granada-blvd
FL,Port Orange,1731 Dunlawton Ave,port-orange,1731-dunlawton-ave,https://locations.chipotle.com/fl/port-orange/1731-dunlawton-ave
RI,Warwick,1800 Post Road,warwick,1800-post-road,https://locations.chipotle.com/ri/warwick/1800-post-road
RI,Providence,235 Thayer St,providence,235-thayer-st,https://locations.chipotle.com/ri/providence/235-thayer-st
RI,Lincoln,622 George Washington Hwy,lincoln,622-george-washington-hwy,https://locations.chipotle.com/ri/lincoln/622-george-washington-hwy
RI,Warwick,969 Bald Hill Rd,warwick,969-bald-hill-rd,https://locations.chipotle.com/ri/warwick/969-bald-hill-rd
RI,Cranston,87 Hillside Rd,cranston,87-hillside-rd,https://locations.chipotle.com/ri/cranston/87-hillside-rd
RI,Middletown,11 E Main Rd,middletown,11-e-main-rd,https://locations.chipotle.com/ri/middletown/11-e-main-rd
RI,Johnston,1386 Atwood Ave,johnston,1386-atwood-ave,https://locations.chipotle.com/ri/johnston/1386-atwood-ave
NE,Papillion,9820 S 71st Plz,papillion,9820-s-71st-plz,https://locations.chipotle.com/ne/papillion/9820-s-71st-plz
NE,Bellevue,10403 S 15th St,bellevue,10403-s-15th-st,https://locations.chipotle.com/ne/bellevue/10403-s-15th-st
NE,Omaha,2717 S 177th St,omaha,2717-s-177th-st,https://locations.chipotle.com/ne/omaha/2717-s-177th-st
NE,Omaha,201 S 72nd St,omaha,201-s-72nd-st,https://locations.chipotle.com/ne/omaha/201-s-72nd-st
NE,Lincoln,2801 Pine Lake Rd,lincoln,2801-pine-lake-rd,https://locations.chipotle.com/ne/lincoln/2801-pine-lake-rd
NE,Lincoln,1317 Q St,lincoln,1317-q-st,https://locations.chipotle.com/ne/lincoln/1317-q-st
NE,Lincoln,6005 O St,lincoln,6005-o-st,https://locations.chipotle.com/ne/lincoln/6005-o-st
NE,Omaha,3605 N 147th St,omaha,3605-n-147th-st,https://locations.chipotle.com/ne/omaha/3605-n-147th-st
NE,Omaha,13203 W Center Rd,omaha,13203-w-center-rd,https://locations.chipotle.com/ne/omaha/13203-w-center-rd
GA,Atlanta,4600 Roswell Rd,atlanta,4600-roswell-rd,https://locations.chipotle.com/ga/atlanta/4600-roswell-rd
GA,East Point,3330 Camp Creek Pkwy,east-point,3330-camp-creek-pkwy,https://locations.chipotle.com/ga/east-point/3330-camp-creek-pkwy
GA,Atlanta,2020 Howell Mill Rd Nw,atlanta,2020-howell-mill-rd-nw,https://locations.chipotle.com/ga/atlanta/2020-howell-mill-rd-nw
GA,Decatur,198 W Ponce De Leon Ave,decatur,198-w-ponce-de-leon-ave,https://locations.chipotle.com/ga/decatur/198-w-ponce-de-leon-ave
GA,Atlanta,1401 Oxford Rd Ne,atlanta,1401-oxford-rd-ne,https://locations.chipotle.com/ga/atlanta/1401-oxford-rd-ne
GA,Sandy Springs,5920 Roswell Rd,sandy-springs,5920-roswell-rd,https://locations.chipotle.com/ga/sandy-springs/5920-roswell-rd
GA,Atlanta,718 Ponce De Leon Ave Ne,atlanta,718-ponce-de-leon-ave-ne,https://locations.chipotle.com/ga/atlanta/718-ponce-de-leon-ave-ne
GA,Atlanta,3424 Piedmont Rd Ne,atlanta,3424-piedmont-rd-ne,https://locations.chipotle.com/ga/atlanta/3424-piedmont-rd-ne
GA,Atlanta,3393 Peachtree Rd,atlanta,3393-peachtree-rd,https://locations.chipotle.com/ga/atlanta/3393-peachtree-rd
GA,Atlanta,540 17th St Nw,atlanta,540-17th-st-nw,https://locations.chipotle.com/ga/atlanta/540-17th-st-nw
GA,Atlanta,2963 N Druid Hills Rd Ne,atlanta,2963-n-druid-hills-rd-ne,https://locations.chipotle.com/ga/atlanta/2963-n-druid-hills-rd-ne
OK,Oklahoma City,14221 N Pennsylvania Ave,oklahoma-city,14221-n-pennsylvania-ave,https://locations.chipotle.com/ok/oklahoma-city/14221-n-pennsylvania-ave
OK,Norman,765 Asp Ave,norman,765-asp-ave,https://locations.chipotle.com/ok/norman/765-asp-ave
GA,Atlanta,1745 Peachtree St Ne,atlanta,1745-peachtree-st-ne,https://locations.chipotle.com/ga/atlanta/1745-peachtree-st-ne
OK,Edmond,1569 S Broadway,edmond,1569-s-broadway,https://locations.chipotle.com/ok/edmond/1569-s-broadway
OK,Norman,1641 24th Ave Nw,norman,1641-24th-ave-nw,https://locations.chipotle.com/ok/norman/1641-24th-ave-nw
OK,Stillwater,415 E Hall Of Fame Ave,stillwater,415-e-hall-of-fame-ave,https://locations.chipotle.com/ok/stillwater/415-e-hall-of-fame-ave
OK,Moore,705 Sw 19th St,moore,705-sw-19th-st,https://locations.chipotle.com/ok/moore/705-sw-19th-st
OK,Oklahoma City,3315 Nw Expressway,oklahoma-city,3315-nw-expressway,https://locations.chipotle.com/ok/oklahoma-city/3315-nw-expressway
MT,Billings,1601 Grand Ave,billings,1601-grand-ave,https://locations.chipotle.com/mt/billings/1601-grand-ave
MT,Missoula,2995 N Reserve St,missoula,2995-n-reserve-st,https://locations.chipotle.com/mt/missoula/2995-n-reserve-st
MT,Bozeman,1919 W Main St,bozeman,1919-w-main-st,https://locations.chipotle.com/mt/bozeman/1919-w-main-st
FL,Orlando,464 N Alafaya Trl,orlando,464-n-alafaya-trl,https://locations.chipotle.com/fl/orlando/464-n-alafaya-trl
FL,Ocoee,10149 W Colonial Dr,ocoee,10149-w-colonial-dr,https://locations.chipotle.com/fl/ocoee/10149-w-colonial-dr
FL,Orlando,12278 Narcoossee Rd,orlando,12278-narcoossee-rd,https://locations.chipotle.com/fl/orlando/12278-narcoossee-rd
FL,Lake Mary,4315 W Lake Mary Blvd,lake-mary,4315-w-lake-mary-blvd,https://locations.chipotle.com/fl/lake-mary/4315-w-lake-mary-blvd
FL,Sanford,1805 Wp Ball Blvd,sanford,1805-wp-ball-blvd,https://locations.chipotle.com/fl/sanford/1805-wp-ball-blvd
FL,Orlando,4724 Millenia Plaza Way,orlando,4724-millenia-plaza-way,https://locations.chipotle.com/fl/orlando/4724-millenia-plaza-way
FL,Orlando,4200 Conroy Rd,orlando,4200-conroy-rd,https://locations.chipotle.com/fl/orlando/4200-conroy-rd
FL,Oviedo,327 E Mitchell Hammock Rd,oviedo,327-e-mitchell-hammock-rd,https://locations.chipotle.com/fl/oviedo/327-e-mitchell-hammock-rd
FL,Winter Garden,13599 W Colonial Dr,winter-garden,13599-w-colonial-dr,https://locations.chipotle.com/fl/winter-garden/13599-w-colonial-dr
FL,Kissimmee,3275 Vineland Rd,kissimmee,3275-vineland-rd,https://locations.chipotle.com/fl/kissimmee/3275-vineland-rd
FL,Winter Park,525 S Orlando Ave,winter-park,525-s-orlando-ave,https://locations.chipotle.com/fl/winter-park/525-s-orlando-ave
FL,Winter Garden,3317 Daniels Rd,winter-garden,3317-daniels-rd,https://locations.chipotle.com/fl/winter-garden/3317-daniels-rd
FL,Altamonte Springs,400 W State Road 436,altamonte-springs,400-w-state-road-436,https://locations.chipotle.com/fl/altamonte-springs/400-w-state-road-436
FL,Winter Springs,5637 Red Bug Lake Rd,winter-springs,5637-red-bug-lake-rd,https://locations.chipotle.com/fl/winter-springs/5637-red-bug-lake-rd
FL,Fern Park,103 State Road 436,fern-park,103-state-road-436,https://locations.chipotle.com/fl/fern-park/103-state-road-436
FL,Orlando,6607 S Semoran Blvd,orlando,6607-s-semoran-blvd,https://locations.chipotle.com/fl/orlando/6607-s-semoran-blvd
FL,Kissimmee,3254 N John Young Pkwy,kissimmee,3254-n-john-young-pkwy,https://locations.chipotle.com/fl/kissimmee/3254-n-john-young-pkwy
FL,Orlando,2211 S Orange Ave,orlando,2211-s-orange-ave,https://locations.chipotle.com/fl/orlando/2211-s-orange-ave
FL,Orlando,9202 Jeff Fuqua Blvd,orlando,9202-jeff-fuqua-blvd,https://locations.chipotle.com/fl/orlando/9202-jeff-fuqua-blvd
FL,Orlando,12648 S Orange Blossom Trl,orlando,12648-s-orange-blossom-trl,https://locations.chipotle.com/fl/orlando/12648-s-orange-blossom-trl
FL,Orlando,1700 Sand Lake Rd,orlando,1700-sand-lake-rd,https://locations.chipotle.com/fl/orlando/1700-sand-lake-rd
FL,Apopka,2201 E Semoran Blvd,apopka,2201-e-semoran-blvd,https://locations.chipotle.com/fl/apopka/2201-e-semoran-blvd
FL,Saint Cloud,4351 13th St,saint-cloud,4351-13th-st,https://locations.chipotle.com/fl/saint-cloud/4351-13th-st
FL,Orlando,7800 Dr Phillips Blvd,orlando,7800-dr-phillips-blvd,https://locations.chipotle.com/fl/orlando/7800-dr-phillips-blvd
FL,Windermere,9100 Conroy Windermere Rd,windermere,9100-conroy-windermere-rd,https://locations.chipotle.com/fl/windermere/9100-conroy-windermere-rd
CA,San Jose,2990 E Capitol Expy,san-jose,2990-e-capitol-expy,https://locations.chipotle.com/ca/san-jose/2990-e-capitol-expy
CA,Santa Clara,2002 El Camino Real,santa-clara,2002-el-camino-real,https://locations.chipotle.com/ca/santa-clara/2002-el-camino-real
CA,San Jose,369 S Winchester Blvd,san-jose,369-s-winchester-blvd,https://locations.chipotle.com/ca/san-jose/369-s-winchester-blvd
CA,Cupertino,10385 S De Anza Blvd,cupertino,10385-s-de-anza-blvd,https://locations.chipotle.com/ca/cupertino/10385-s-de-anza-blvd
CA,San Jose,361 N Capitol Ave,san-jose,361-n-capitol-ave,https://locations.chipotle.com/ca/san-jose/361-n-capitol-ave
CA,Cupertino,20688 Homestead Rd,cupertino,20688-homestead-rd,https://locations.chipotle.com/ca/cupertino/20688-homestead-rd
CA,San Jose,1110 Blossom Hill Rd,san-jose,1110-blossom-hill-rd,https://locations.chipotle.com/ca/san-jose/1110-blossom-hill-rd
CA,San Jose,1566 Monterey Hwy,san-jose,1566-monterey-hwy,https://locations.chipotle.com/ca/san-jose/1566-monterey-hwy
CA,San Jose,975 The Alameda,san-jose,975-the-alameda,https://locations.chipotle.com/ca/san-jose/975-the-alameda
CA,San Jose,540 Newhall Dr,san-jose,540-newhall-dr,https://locations.chipotle.com/ca/san-jose/540-newhall-dr
CA,Los Gatos,640 Blossom Hill Rd,los-gatos,640-blossom-hill-rd,https://locations.chipotle.com/ca/los-gatos/640-blossom-hill-rd
CA,San Jose,5670 Cottle Rd,san-jose,5670-cottle-rd,https://locations.chipotle.com/ca/san-jose/5670-cottle-rd
CA,San Jose,2007 Camden Ave,san-jose,2007-camden-ave,https://locations.chipotle.com/ca/san-jose/2007-camden-ave
CA,Campbell,1815 S Bascom Ave,campbell,1815-s-bascom-ave,https://locations.chipotle.com/ca/campbell/1815-s-bascom-ave
CA,San Jose,1095 E Brokaw Rd,san-jose,1095-e-brokaw-rd,https://locations.chipotle.com/ca/san-jose/1095-e-brokaw-rd
CA,San Jose,4180 N 1st St,san-jose,4180-n-1st-st,https://locations.chipotle.com/ca/san-jose/4180-n-1st-st
CA,Sunnyvale,324 W El Camino Real,sunnyvale,324-w-el-camino-real,https://locations.chipotle.com/ca/sunnyvale/324-w-el-camino-real
CA,Gilroy,6955 Camino Arroyo,gilroy,6955-camino-arroyo,https://locations.chipotle.com/ca/gilroy/6955-camino-arroyo
CA,Milpitas,246 Great Mall Dr,milpitas,246-great-mall-dr,https://locations.chipotle.com/ca/milpitas/246-great-mall-dr
CA,San Jose,1645 Saratoga Ave,san-jose,1645-saratoga-ave,https://locations.chipotle.com/ca/san-jose/1645-saratoga-ave
CA,Morgan Hill,775 Cochrane Rd,morgan-hill,775-cochrane-rd,https://locations.chipotle.com/ca/morgan-hill/775-cochrane-rd
CA,San Jose,1 S Market St,san-jose,1-s-market-st,https://locations.chipotle.com/ca/san-jose/1-s-market-st
CA,Santa Clara,3952 Rivermark Plz,santa-clara,3952-rivermark-plz,https://locations.chipotle.com/ca/santa-clara/3952-rivermark-plz
TX,Port Arthur,2780 Highway 365,port-arthur,2780-highway-365,https://locations.chipotle.com/tx/port-arthur/2780-highway-365
TX,Beaumont,3905 Dowlen Rd,beaumont,3905-dowlen-rd,https://locations.chipotle.com/tx/beaumont/3905-dowlen-rd
MD,Ocean City,12909 Ocean Gtwy,ocean-city,12909-ocean-gtwy,https://locations.chipotle.com/md/ocean-city/12909-ocean-gtwy
MD,Baltimore,1209 N Charles St,baltimore,1209-n-charles-st,https://locations.chipotle.com/md/baltimore/1209-n-charles-st
MD,Dunkirk,2989 Plaza Dr,dunkirk,2989-plaza-dr,https://locations.chipotle.com/md/dunkirk/2989-plaza-dr
MD,Windsor Mill,7091 Security Blvd,windsor-mill,7091-security-blvd,https://locations.chipotle.com/md/windsor-mill/7091-security-blvd
MD,Annapolis,36 Market Space,annapolis,36-market-space,https://locations.chipotle.com/md/annapolis/36-market-space
MD,Towson,801 Goucher Blvd,towson,801-goucher-blvd,https://locations.chipotle.com/md/towson/801-goucher-blvd
MD,Lutherville Timonium,1830 York Rd,lutherville-timonium,1830-york-rd,https://locations.chipotle.com/md/lutherville-timonium/1830-york-rd
MD,Severna Park,575 Ritchie Hwy,severna-park,575-ritchie-hwy,https://locations.chipotle.com/md/severna-park/575-ritchie-hwy
MD,Baltimore,6314 York Rd,baltimore,6314-york-rd,https://locations.chipotle.com/md/baltimore/6314-york-rd
MD,Rosedale,8652 Pulaski Hwy,rosedale,8652-pulaski-hwy,https://locations.chipotle.com/md/rosedale/8652-pulaski-hwy
MD,Forest Hill,1538 Rock Spring Rd,forest-hill,1538-rock-spring-rd,https://locations.chipotle.com/md/forest-hill/1538-rock-spring-rd
MD,Gambrills,2503 Brandermill Blvd,gambrills,2503-brandermill-blvd,https://locations.chipotle.com/md/gambrills/2503-brandermill-blvd
MD,Baltimore,919 E Fort Ave,baltimore,919-e-fort-ave,https://locations.chipotle.com/md/baltimore/919-e-fort-ave
MD,Bel Air,5 Bel Air S Pkwy,bel-air,5-bel-air-s-pkwy,https://locations.chipotle.com/md/bel-air/5-bel-air-s-pkwy
MD,Baltimore,300 West Pratt St,baltimore,300-west-pratt-st,https://locations.chipotle.com/md/baltimore/300-west-pratt-st
MD,Prince Frederick,144 W Dares Beach Rd,prince-frederick,144-w-dares-beach-rd,https://locations.chipotle.com/md/prince-frederick/144-w-dares-beach-rd
MD,Owings Mills,10150 Reisterstown Rd,owings-mills,10150-reisterstown-rd,https://locations.chipotle.com/md/owings-mills/10150-reisterstown-rd
MD,Pikesville,1809 Reisterstown Rd,pikesville,1809-reisterstown-rd,https://locations.chipotle.com/md/pikesville/1809-reisterstown-rd
MD,Salisbury,2408b N Salisbury Blvd,salisbury,2408b-n-salisbury-blvd,https://locations.chipotle.com/md/salisbury/2408b-n-salisbury-blvd
MD,Baltimore,2400 Boston St,baltimore,2400-boston-st,https://locations.chipotle.com/md/baltimore/2400-boston-st
MD,Salisbury,1016 S Salisbury Blvd,salisbury,1016-s-salisbury-blvd,https://locations.chipotle.com/md/salisbury/1016-s-salisbury-blvd
MD,Baltimore,3201 Saint Paul St,baltimore,3201-saint-paul-st,https://locations.chipotle.com/md/baltimore/3201-saint-paul-st
MD,Parkville,7711 Harford Rd,parkville,7711-harford-rd,https://locations.chipotle.com/md/parkville/7711-harford-rd
MD,Ellicott City,9120 Baltimore National Pike,ellicott-city,9120-baltimore-national-pike,https://locations.chipotle.com/md/ellicott-city/9120-baltimore-national-pike
MD,Glen Burnie,4 Mountain Rd,glen-burnie,4-mountain-rd,https://locations.chipotle.com/md/glen-burnie/4-mountain-rd
MD,Glen Burnie,6654 Ritchie Hwy,glen-burnie,6654-ritchie-hwy,https://locations.chipotle.com/md/glen-burnie/6654-ritchie-hwy
MD,Hunt Valley,112 Shawan Rd,hunt-valley,112-shawan-rd,https://locations.chipotle.com/md/hunt-valley/112-shawan-rd
MD,Sykesville,6400f Ridge Rd,sykesville,6400f-ridge-rd,https://locations.chipotle.com/md/sykesville/6400f-ridge-rd
MD,Hanover,7049 Arundel Mills Cir,hanover,7049-arundel-mills-cir,https://locations.chipotle.com/md/hanover/7049-arundel-mills-cir
MD,Easton,8911 Ocean Gtwy,easton,8911-ocean-gtwy,https://locations.chipotle.com/md/easton/8911-ocean-gtwy
MD,Towson,401 York Rd,towson,401-york-rd,https://locations.chipotle.com/md/towson/401-york-rd
MD,Westminster,631 Baltimore Blvd,westminster,631-baltimore-blvd,https://locations.chipotle.com/md/westminster/631-baltimore-blvd
MD,Linthicum Heights,1622 W Nursery Rd,linthicum-heights,1622-w-nursery-rd,https://locations.chipotle.com/md/linthicum-heights/1622-w-nursery-rd
MD,Columbia,6181 Old Dobbin Ln,columbia,6181-old-dobbin-ln,https://locations.chipotle.com/md/columbia/6181-old-dobbin-ln
MD,Annapolis,2002 Annapolis Mall,annapolis,2002-annapolis-mall,https://locations.chipotle.com/md/annapolis/2002-annapolis-mall
MD,Baltimore,5341 Campbell Blvd,baltimore,5341-campbell-blvd,https://locations.chipotle.com/md/baltimore/5341-campbell-blvd
MD,Edgewater,3046 Solomons Island Rd,edgewater,3046-solomons-island-rd,https://locations.chipotle.com/md/edgewater/3046-solomons-island-rd
MD,Columbia,10300 Little Patuxent Pkwy,columbia,10300-little-patuxent-pkwy,https://locations.chipotle.com/md/columbia/10300-little-patuxent-pkwy
PA,Bridgeville,3009 Washington Pike,bridgeville,3009-washington-pike,https://locations.chipotle.com/pa/bridgeville/3009-washington-pike
PA,Pittsburgh,1614 Cochran Rd,pittsburgh,1614-cochran-rd,https://locations.chipotle.com/pa/pittsburgh/1614-cochran-rd
PA,East Liberty,5986 Centre Ave,east-liberty,5986-centre-ave,https://locations.chipotle.com/pa/east-liberty/5986-centre-ave
PA,Pittsburgh,4861 Mcknight Rd,pittsburgh,4861-mcknight-rd,https://locations.chipotle.com/pa/pittsburgh/4861-mcknight-rd
PA,Monroeville,4137 William Penn Hwy,monroeville,4137-william-penn-hwy,https://locations.chipotle.com/pa/monroeville/4137-william-penn-hwy
PA,Pittsburgh,8870 Covenant Ave,pittsburgh,8870-covenant-ave,https://locations.chipotle.com/pa/pittsburgh/8870-covenant-ave
PA,Pittsburgh,211 Forbes Ave,pittsburgh,211-forbes-ave,https://locations.chipotle.com/pa/pittsburgh/211-forbes-ave
PA,Pittsburgh,4800 Baum Blvd,pittsburgh,4800-baum-blvd,https://locations.chipotle.com/pa/pittsburgh/4800-baum-blvd
PA,Pittsburgh,509 Clairton Blvd,pittsburgh,509-clairton-blvd,https://locations.chipotle.com/pa/pittsburgh/509-clairton-blvd
PA,Pittsburgh,1027 Freeport Rd,pittsburgh,1027-freeport-rd,https://locations.chipotle.com/pa/pittsburgh/1027-freeport-rd
PA,Pittsburgh,1720 Washington Rd,pittsburgh,1720-washington-rd,https://locations.chipotle.com/pa/pittsburgh/1720-washington-rd
PA,Pittsburgh,4611 Forbes Ave,pittsburgh,4611-forbes-ave,https://locations.chipotle.com/pa/pittsburgh/4611-forbes-ave
MA,East Longmeadow,42 Center Square,east-longmeadow,42-center-square,https://locations.chipotle.com/ma/east-longmeadow/42-center-square
MA,Hadley,334 Russell St,hadley,334-russell-st,https://locations.chipotle.com/ma/hadley/334-russell-st
MA,Chicopee,530 Memorial Dr,chicopee,530-memorial-dr,https://locations.chipotle.com/ma/chicopee/530-memorial-dr
MA,Holyoke,235 Whiting Farms Rd,holyoke,235-whiting-farms-rd,https://locations.chipotle.com/ma/holyoke/235-whiting-farms-rd
MA,West Springfield,241 Memorial Ave,west-springfield,241-memorial-ave,https://locations.chipotle.com/ma/west-springfield/241-memorial-ave
WI,Milwaukee,600 E Ogden Ave,milwaukee,600-e-ogden-ave,https://locations.chipotle.com/wi/milwaukee/600-e-ogden-ave
WI,Wauwatosa,2711 N Mayfair Rd,wauwatosa,2711-n-mayfair-rd,https://locations.chipotle.com/wi/wauwatosa/2711-n-mayfair-rd
WI,Milwaukee,3232 S 27th St,milwaukee,3232-s-27th-st,https://locations.chipotle.com/wi/milwaukee/3232-s-27th-st
WI,Hales Corners,5794 S 108th St,hales-corners,5794-s-108th-st,https://locations.chipotle.com/wi/hales-corners/5794-s-108th-st
CA,San Francisco,525 Market Street,san-francisco,525-market-street,https://locations.chipotle.com/ca/san-francisco/525-market-street
CA,San Francisco,400 Howard St,san-francisco,400-howard-st,https://locations.chipotle.com/ca/san-francisco/400-howard-st
CA,San Rafael,345 3rd St,san-rafael,345-3rd-st,https://locations.chipotle.com/ca/san-rafael/345-3rd-st
CA,San Francisco,50 California St,san-francisco,50-california-st,https://locations.chipotle.com/ca/san-francisco/50-california-st
CA,San Rafael,5800 Northgate Dr,san-rafael,5800-northgate-dr,https://locations.chipotle.com/ca/san-rafael/5800-northgate-dr
CA,San Francisco,3251 20th Ave,san-francisco,3251-20th-ave,https://locations.chipotle.com/ca/san-francisco/3251-20th-ave
CA,San Francisco,1523 Sloat Blvd,san-francisco,1523-sloat-blvd,https://locations.chipotle.com/ca/san-francisco/1523-sloat-blvd
CA,San Francisco,2675 Geary Boulevard,san-francisco,2675-geary-boulevard,https://locations.chipotle.com/ca/san-francisco/2675-geary-boulevard
CA,San Francisco,121 4th St,san-francisco,121-4th-st,https://locations.chipotle.com/ca/san-francisco/121-4th-st
CA,San Francisco,211 Sutter St,san-francisco,211-sutter-st,https://locations.chipotle.com/ca/san-francisco/211-sutter-st
MO,Joplin,631 S Range Line Rd,joplin,631-s-range-line-rd,https://locations.chipotle.com/mo/joplin/631-s-range-line-rd
MO,Springfield,1211 E Saint Louis St,springfield,1211-e-saint-louis-st,https://locations.chipotle.com/mo/springfield/1211-e-saint-louis-st
MO,Springfield,3356 S Campbell Ave,springfield,3356-s-campbell-ave,https://locations.chipotle.com/mo/springfield/3356-s-campbell-ave
OH,Ashland,1988 E Main St,ashland,1988-e-main-st,https://locations.chipotle.com/oh/ashland/1988-e-main-st
OH,Lima,3292 Elida Rd,lima,3292-elida-rd,https://locations.chipotle.com/oh/lima/3292-elida-rd
OH,Bowling Green,1558 E Wooster St,bowling-green,1558-e-wooster-st,https://locations.chipotle.com/oh/bowling-green/1558-e-wooster-st
OH,Findlay,15067 E Us Route 224,findlay,15067-e-us-route-224,https://locations.chipotle.com/oh/findlay/15067-e-us-route-224
OH,Tiffin,596 W Market St,tiffin,596-w-market-st,https://locations.chipotle.com/oh/tiffin/596-w-market-st
OH,Toledo,4109 Talmadge Rd,toledo,4109-talmadge-rd,https://locations.chipotle.com/oh/toledo/4109-talmadge-rd
OH,Maumee,1385 Conant St,maumee,1385-conant-st,https://locations.chipotle.com/oh/maumee/1385-conant-st
OH,Toledo,3305 W Central Ave,toledo,3305-w-central-ave,https://locations.chipotle.com/oh/toledo/3305-w-central-ave
OH,Sandusky,4318 Milan Rd,sandusky,4318-milan-rd,https://locations.chipotle.com/oh/sandusky/4318-milan-rd
OH,Oregon,2924 Navarre Ave,oregon,2924-navarre-ave,https://locations.chipotle.com/oh/oregon/2924-navarre-ave
OH,Ontario,764 N Lexington Springmill Rd,ontario,764-n-lexington-springmill-rd,https://locations.chipotle.com/oh/ontario/764-n-lexington-springmill-rd
OH,Mansfield,2470 Possum Run Rd,mansfield,2470-possum-run-rd,https://locations.chipotle.com/oh/mansfield/2470-possum-run-rd
OH,Toledo,7229 W Central Ave,toledo,7229-w-central-ave,https://locations.chipotle.com/oh/toledo/7229-w-central-ave
OH,Holland,6658 Airport Hwy,holland,6658-airport-hwy,https://locations.chipotle.com/oh/holland/6658-airport-hwy
OH,Perrysburg,10711 Fremont Pike,perrysburg,10711-fremont-pike,https://locations.chipotle.com/oh/perrysburg/10711-fremont-pike
WA,Renton,439 Rainier Ave S,renton,439-rainier-ave-s,https://locations.chipotle.com/wa/renton/439-rainier-ave-s
WA,Everett,515 Se Everett Mall Way,everett,515-se-everett-mall-way,https://locations.chipotle.com/wa/everett/515-se-everett-mall-way
WA,Bellevue,4000 Factoria Blvd Se,bellevue,4000-factoria-blvd-se,https://locations.chipotle.com/wa/bellevue/4000-factoria-blvd-se
WA,Woodinville,13780 Ne 175th St,woodinville,13780-ne-175th-st,https://locations.chipotle.com/wa/woodinville/13780-ne-175th-st
WA,Bellevue,10503 Ne 4th St,bellevue,10503-ne-4th-st,https://locations.chipotle.com/wa/bellevue/10503-ne-4th-st
WA,Lynnwood,3000 184th St Sw,lynnwood,3000-184th-st-sw,https://locations.chipotle.com/wa/lynnwood/3000-184th-st-sw
WA,Bellevue,1328 156th Ave Ne,bellevue,1328-156th-ave-ne,https://locations.chipotle.com/wa/bellevue/1328-156th-ave-ne
WA,Lynnwood,4120 196th St Sw,lynnwood,4120-196th-st-sw,https://locations.chipotle.com/wa/lynnwood/4120-196th-st-sw
WA,Kirkland,12530 Totem Lake Blvd Ne,kirkland,12530-totem-lake-blvd-ne,https://locations.chipotle.com/wa/kirkland/12530-totem-lake-blvd-ne
WA,Issaquah,775 Nw Gilman Blvd,issaquah,775-nw-gilman-blvd,https://locations.chipotle.com/wa/issaquah/775-nw-gilman-blvd
WA,Redmond,17875 Redmond Way,redmond,17875-redmond-way,https://locations.chipotle.com/wa/redmond/17875-redmond-way
WA,Sammamish,22704 Se 4th St,sammamish,22704-se-4th-st,https://locations.chipotle.com/wa/sammamish/22704-se-4th-st
TX,Odessa,3810 E 42nd St,odessa,3810-e-42nd-st,https://locations.chipotle.com/tx/odessa/3810-e-42nd-st
TX,Midland,2820 West Loop 250 North,midland,2820-west-loop-250-north,https://locations.chipotle.com/tx/midland/2820-west-loop-250-north
VA,Lynchburg,4010 Wards Rd,lynchburg,4010-wards-rd,https://locations.chipotle.com/va/lynchburg/4010-wards-rd
VA,Lynchburg,3901 Old Forest Rd,lynchburg,3901-old-forest-rd,https://locations.chipotle.com/va/lynchburg/3901-old-forest-rd
VA,Danville,450 Mall Dr,danville,450-mall-dr,https://locations.chipotle.com/va/danville/450-mall-dr
VA,Charlottesville,953 Emmet St N,charlottesville,953-emmet-st-n,https://locations.chipotle.com/va/charlottesville/953-emmet-st-n
VA,Charlottesville,2040 Abbey Rd,charlottesville,2040-abbey-rd,https://locations.chipotle.com/va/charlottesville/2040-abbey-rd
UT,St George,231 Red Cliffs Dr,st-george,231-red-cliffs-dr,https://locations.chipotle.com/ut/st-george/231-red-cliffs-dr
OH,Middleburg Heights,17999 Bagley Rd,middleburg-heights,17999-bagley-rd,https://locations.chipotle.com/oh/middleburg-heights/17999-bagley-rd
OH,Westlake,29990 Detroit Rd,westlake,29990-detroit-rd,https://locations.chipotle.com/oh/westlake/29990-detroit-rd
OH,Mentor,9188 Mentor Ave,mentor,9188-mentor-ave,https://locations.chipotle.com/oh/mentor/9188-mentor-ave
OH,Amherst,901 N Leavitt Rd,amherst,901-n-leavitt-rd,https://locations.chipotle.com/oh/amherst/901-n-leavitt-rd
OH,Elyria,1615 W River Rd N,elyria,1615-w-river-rd-n,https://locations.chipotle.com/oh/elyria/1615-w-river-rd-n
OH,North Ridgeville,32223 Lorain Rd,north-ridgeville,32223-lorain-rd,https://locations.chipotle.com/oh/north-ridgeville/32223-lorain-rd
OH,Solon,33599 Aurora Rd,solon,33599-aurora-rd,https://locations.chipotle.com/oh/solon/33599-aurora-rd
OH,Mayfield Heights,6717 Eastgate Dr,mayfield-heights,6717-eastgate-dr,https://locations.chipotle.com/oh/mayfield-heights/6717-eastgate-dr
OH,Fairview Park,21029 Center Ridge Rd,fairview-park,21029-center-ridge-rd,https://locations.chipotle.com/oh/fairview-park/21029-center-ridge-rd
OH,Brecksville,4416 Royalton Rd,brecksville,4416-royalton-rd,https://locations.chipotle.com/oh/brecksville/4416-royalton-rd
OH,Concord Township,7689 Crile Rd,concord-township,7689-crile-rd,https://locations.chipotle.com/oh/concord-township/7689-crile-rd
OH,North Olmsted,26420 Great Northern Shop Ctr,north-olmsted,26420-great-northern-shop-ctr,https://locations.chipotle.com/oh/north-olmsted/26420-great-northern-shop-ctr
OH,Highland Heights,6267 Wilson Mills Rd,highland-heights,6267-wilson-mills-rd,https://locations.chipotle.com/oh/highland-heights/6267-wilson-mills-rd
OH,Parma,1042 W Pleasant Valley Rd,parma,1042-w-pleasant-valley-rd,https://locations.chipotle.com/oh/parma/1042-w-pleasant-valley-rd
OH,Parma,7683 W Ridgewood Dr,parma,7683-w-ridgewood-dr,https://locations.chipotle.com/oh/parma/7683-w-ridgewood-dr
OH,Strongsville,15029 Pearl Rd,strongsville,15029-pearl-rd,https://locations.chipotle.com/oh/strongsville/15029-pearl-rd
OH,Avon,35925 Detroit Rd,avon,35925-detroit-rd,https://locations.chipotle.com/oh/avon/35925-detroit-rd
OH,Willoughby,36200 Euclid Ave,willoughby,36200-euclid-ave,https://locations.chipotle.com/oh/willoughby/36200-euclid-ave
MD,Baltimore,1040 W 41st St,baltimore,1040-w-41st-st,https://locations.chipotle.com/md/baltimore/1040-w-41st-st
TX,Dallas,7700 N Central Expy,dallas,7700-n-central-expy,https://locations.chipotle.com/tx/dallas/7700-n-central-expy
TX,Dallas,8687 N Central Expy,dallas,8687-n-central-expy,https://locations.chipotle.com/tx/dallas/8687-n-central-expy
TX,Plano,4901 W Park Blvd,plano,4901-w-park-blvd,https://locations.chipotle.com/tx/plano/4901-w-park-blvd
TX,Dallas,2201 Abrams Rd,dallas,2201-abrams-rd,https://locations.chipotle.com/tx/dallas/2201-abrams-rd
TX,Frisco,6851 Warren Pkwy,frisco,6851-warren-pkwy,https://locations.chipotle.com/tx/frisco/6851-warren-pkwy
TX,Lewisville,722 W Main St,lewisville,722-w-main-st,https://locations.chipotle.com/tx/lewisville/722-w-main-st
TX,Dallas,14715 Coit Road,dallas,14715-coit-road,https://locations.chipotle.com/tx/dallas/14715-coit-road
TX,Frisco,6111 Custer Rd,frisco,6111-custer-rd,https://locations.chipotle.com/tx/frisco/6111-custer-rd
GA,Macon,120 Tom Hill Sr Blvd,macon,120-tom-hill-sr-blvd,https://locations.chipotle.com/ga/macon/120-tom-hill-sr-blvd
GA,Warner Robins,133 Margie Dr,warner-robins,133-margie-dr,https://locations.chipotle.com/ga/warner-robins/133-margie-dr
AR,Bentonville,2400 Se Walton Blvd,bentonville,2400-se-walton-blvd,https://locations.chipotle.com/ar/bentonville/2400-se-walton-blvd
AR,Fayetteville,3379 N College Ave,fayetteville,3379-n-college-ave,https://locations.chipotle.com/ar/fayetteville/3379-n-college-ave
AR,Fayetteville,550 W Dickson St,fayetteville,550-w-dickson-st,https://locations.chipotle.com/ar/fayetteville/550-w-dickson-st
AZ,Scottsdale,9010 E Talking Stick Way,scottsdale,9010-e-talking-stick-way,https://locations.chipotle.com/az/scottsdale/9010-e-talking-stick-way
AZ,Scottsdale,4513 N Scottsdale Rd,scottsdale,4513-n-scottsdale-rd,https://locations.chipotle.com/az/scottsdale/4513-n-scottsdale-rd
AZ,Mesa,1955 S Signal Butte Rd,mesa,1955-s-signal-butte-rd,https://locations.chipotle.com/az/mesa/1955-s-signal-butte-rd
AZ,Scottsdale,15425 N Scottsdale Rd,scottsdale,15425-n-scottsdale-rd,https://locations.chipotle.com/az/scottsdale/15425-n-scottsdale-rd
AZ,Phoenix,21001 N Tatum Blvd,phoenix,21001-n-tatum-blvd,https://locations.chipotle.com/az/phoenix/21001-n-tatum-blvd
AZ,Scottsdale,2805 N Scottsdale Rd,scottsdale,2805-n-scottsdale-rd,https://locations.chipotle.com/az/scottsdale/2805-n-scottsdale-rd
AZ,Scottsdale,20851 N Scottsdale Rd,scottsdale,20851-n-scottsdale-rd,https://locations.chipotle.com/az/scottsdale/20851-n-scottsdale-rd
AZ,Tempe,2020 E Elliot Rd,tempe,2020-e-elliot-rd,https://locations.chipotle.com/az/tempe/2020-e-elliot-rd
AZ,Mesa,3440 E Baseline Rd,mesa,3440-e-baseline-rd,https://locations.chipotle.com/az/mesa/3440-e-baseline-rd
AZ,Gilbert,1546 N Cooper Rd,gilbert,1546-n-cooper-rd,https://locations.chipotle.com/az/gilbert/1546-n-cooper-rd
AZ,Scottsdale,15035 N Thompson Peak Pkwy,scottsdale,15035-n-thompson-peak-pkwy,https://locations.chipotle.com/az/scottsdale/15035-n-thompson-peak-pkwy
AZ,Tempe,1038 S Mill Ave,tempe,1038-s-mill-ave,https://locations.chipotle.com/az/tempe/1038-s-mill-ave
AZ,Tempe,815 E Baseline Rd,tempe,815-e-baseline-rd,https://locations.chipotle.com/az/tempe/815-e-baseline-rd
AZ,Phoenix,4111 E Chandler Blvd,phoenix,4111-e-chandler-blvd,https://locations.chipotle.com/az/phoenix/4111-e-chandler-blvd
AZ,Chandler,890 N 54th St,chandler,890-n-54th-st,https://locations.chipotle.com/az/chandler/890-n-54th-st
AZ,Chandler,2895 S Alma School Rd,chandler,2895-s-alma-school-rd,https://locations.chipotle.com/az/chandler/2895-s-alma-school-rd
AZ,Mesa,1411 S Power Rd,mesa,1411-s-power-rd,https://locations.chipotle.com/az/mesa/1411-s-power-rd
AZ,Tempe,2000 E Rio Salado Pkwy,tempe,2000-e-rio-salado-pkwy,https://locations.chipotle.com/az/tempe/2000-e-rio-salado-pkwy
AZ,Mesa,2849 N Power Rd,mesa,2849-n-power-rd,https://locations.chipotle.com/az/mesa/2849-n-power-rd
AZ,Mesa,1335 S Alma School Rd,mesa,1335-s-alma-school-rd,https://locations.chipotle.com/az/mesa/1335-s-alma-school-rd
AZ,Mesa,1229 E Mckellips Rd,mesa,1229-e-mckellips-rd,https://locations.chipotle.com/az/mesa/1229-e-mckellips-rd
AZ,Gilbert,2224 E Williams Field Rd,gilbert,2224-e-williams-field-rd,https://locations.chipotle.com/az/gilbert/2224-e-williams-field-rd
AZ,Scottsdale,9301 E Shea Blvd,scottsdale,9301-e-shea-blvd,https://locations.chipotle.com/az/scottsdale/9301-e-shea-blvd
AZ,Gilbert,1084 S Gilbert Rd,gilbert,1084-s-gilbert-rd,https://locations.chipotle.com/az/gilbert/1084-s-gilbert-rd
AZ,Chandler,3395 W Chandler Blvd,chandler,3395-w-chandler-blvd,https://locations.chipotle.com/az/chandler/3395-w-chandler-blvd
AZ,Scottsdale,7014 E Camelback Rd,scottsdale,7014-e-camelback-rd,https://locations.chipotle.com/az/scottsdale/7014-e-camelback-rd
AZ,Scottsdale,11015 N Scottsdale Rd,scottsdale,11015-n-scottsdale-rd,https://locations.chipotle.com/az/scottsdale/11015-n-scottsdale-rd
PA,Springfield,801 Baltimore Pike,springfield,801-baltimore-pike,https://locations.chipotle.com/pa/springfield/801-baltimore-pike
AZ,Gilbert,3757 S Gilbert Rd,gilbert,3757-s-gilbert-rd,https://locations.chipotle.com/az/gilbert/3757-s-gilbert-rd
AZ,Mesa,4984 S Power Rd,mesa,4984-s-power-rd,https://locations.chipotle.com/az/mesa/4984-s-power-rd
AZ,Queen Creek,21172 S Ellsworth Loop Rd,queen-creek,21172-s-ellsworth-loop-rd,https://locations.chipotle.com/az/queen-creek/21172-s-ellsworth-loop-rd
PA,Springfield,400 S State Rd,springfield,400-s-state-rd,https://locations.chipotle.com/pa/springfield/400-s-state-rd
AR,Little Rock,11525 Cantrell Rd,little-rock,11525-cantrell-rd,https://locations.chipotle.com/ar/little-rock/11525-cantrell-rd
AR,Conway,915 E Oak St,conway,915-e-oak-st,https://locations.chipotle.com/ar/conway/915-e-oak-st
AR,Little Rock,100 S University Ave,little-rock,100-s-university-ave,https://locations.chipotle.com/ar/little-rock/100-s-university-ave
KY,Louisville,13303 Shelbyville Rd,louisville,13303-shelbyville-rd,https://locations.chipotle.com/ky/louisville/13303-shelbyville-rd
KY,Louisville,10333 Westport Rd,louisville,10333-westport-rd,https://locations.chipotle.com/ky/louisville/10333-westport-rd
KY,Louisville,420 S Hurstbourne Pkwy,louisville,420-s-hurstbourne-pkwy,https://locations.chipotle.com/ky/louisville/420-s-hurstbourne-pkwy
KY,Louisville,1075 Bardstown Rd,louisville,1075-bardstown-rd,https://locations.chipotle.com/ky/louisville/1075-bardstown-rd
KY,Louisville,315 S 4th St,louisville,315-s-4th-st,https://locations.chipotle.com/ky/louisville/315-s-4th-st
OR,Portland,240 Sw Yamhill St,portland,240-sw-yamhill-st,https://locations.chipotle.com/or/portland/240-sw-yamhill-st
OR,Portland,1948 Sw Broadway,portland,1948-sw-broadway,https://locations.chipotle.com/or/portland/1948-sw-broadway
OR,Portland,9687 Ne Cascades Pkwy,portland,9687-ne-cascades-pkwy,https://locations.chipotle.com/or/portland/9687-ne-cascades-pkwy
OR,Portland,704 Ne Weidler St,portland,704-ne-weidler-st,https://locations.chipotle.com/or/portland/704-ne-weidler-st
OR,Salem,3883 Commercial St Se,salem,3883-commercial-st-se,https://locations.chipotle.com/or/salem/3883-commercial-st-se
OR,Keizer,6198 Ulali Dr Ne,keizer,6198-ulali-dr-ne,https://locations.chipotle.com/or/keizer/6198-ulali-dr-ne
OR,Salem,890 Lancaster Dr Ne,salem,890-lancaster-dr-ne,https://locations.chipotle.com/or/salem/890-lancaster-dr-ne
OR,Lake Oswego,8 Centerpointe Dr,lake-oswego,8-centerpointe-dr,https://locations.chipotle.com/or/lake-oswego/8-centerpointe-dr
OR,Gresham,2065 Ne Burnside Rd,gresham,2065-ne-burnside-rd,https://locations.chipotle.com/or/gresham/2065-ne-burnside-rd
OR,Beaverton,14795 Sw Murray Scholls Dr,beaverton,14795-sw-murray-scholls-dr,https://locations.chipotle.com/or/beaverton/14795-sw-murray-scholls-dr
OR,Hillsboro,2048 Nw Stucki Ave,hillsboro,2048-nw-stucki-ave,https://locations.chipotle.com/or/hillsboro/2048-nw-stucki-ave
OR,Wilsonville,29991 Sw Town Center Loop W,wilsonville,29991-sw-town-center-loop-w,https://locations.chipotle.com/or/wilsonville/29991-sw-town-center-loop-w
OR,Beaverton,3380 Sw Cedar Hills Blvd,beaverton,3380-sw-cedar-hills-blvd,https://locations.chipotle.com/or/beaverton/3380-sw-cedar-hills-blvd
OR,Portland,9120 Sw Hall Blvd,portland,9120-sw-hall-blvd,https://locations.chipotle.com/or/portland/9120-sw-hall-blvd
OR,Hillsboro,4530 Ne Cornell Rd,hillsboro,4530-ne-cornell-rd,https://locations.chipotle.com/or/hillsboro/4530-ne-cornell-rd
OR,Tualatin,7003 Sw Nyberg St,tualatin,7003-sw-nyberg-st,https://locations.chipotle.com/or/tualatin/7003-sw-nyberg-st
OR,Sherwood,21332 Sw Langer Farms Pkwy,sherwood,21332-sw-langer-farms-pkwy,https://locations.chipotle.com/or/sherwood/21332-sw-langer-farms-pkwy
OR,Happy Valley,12130 Se 82nd Ave,happy-valley,12130-se-82nd-ave,https://locations.chipotle.com/or/happy-valley/12130-se-82nd-ave
OR,Woodburn,105 Arney Rd,woodburn,105-arney-rd,https://locations.chipotle.com/or/woodburn/105-arney-rd
LA,Metairie,3600 Veterans Memorial Blvd,metairie,3600-veterans-memorial-blvd,https://locations.chipotle.com/la/metairie/3600-veterans-memorial-blvd
LA,Harahan,1208 S Clearview Pkwy,harahan,1208-s-clearview-pkwy,https://locations.chipotle.com/la/harahan/1208-s-clearview-pkwy
NM,Albuquerque,2608 Central Ave Se,albuquerque,2608-central-ave-se,https://locations.chipotle.com/nm/albuquerque/2608-central-ave-se
NM,Farmington,4906 E Main St,farmington,4906-e-main-st,https://locations.chipotle.com/nm/farmington/4906-e-main-st
NM,Albuquerque,8120 San Pedro Dr Ne,albuquerque,8120-san-pedro-dr-ne,https://locations.chipotle.com/nm/albuquerque/8120-san-pedro-dr-ne
NM,Albuquerque,3600 Coors Blvd Nw,albuquerque,3600-coors-blvd-nw,https://locations.chipotle.com/nm/albuquerque/3600-coors-blvd-nw
NM,Albuquerque,6810 Menaul Blvd Ne,albuquerque,6810-menaul-blvd-ne,https://locations.chipotle.com/nm/albuquerque/6810-menaul-blvd-ne
NM,Albuquerque,3400 Nm 528 Nw,albuquerque,3400-nm-528-nw,https://locations.chipotle.com/nm/albuquerque/3400-nm-528-nw
MN,Rochester,3780 Marketplace Dr Nw,rochester,3780-marketplace-dr-nw,https://locations.chipotle.com/mn/rochester/3780-marketplace-dr-nw
MN,Mankato,1851 Madison Ave,mankato,1851-madison-ave,https://locations.chipotle.com/mn/mankato/1851-madison-ave
MN,Mankato,1600 Warren St,mankato,1600-warren-st,https://locations.chipotle.com/mn/mankato/1600-warren-st
MN,Rochester,1201 Broadway Ave S,rochester,1201-broadway-ave-s,https://locations.chipotle.com/mn/rochester/1201-broadway-ave-s
MA,Seekonk,35 Highland Ave,seekonk,35-highland-ave,https://locations.chipotle.com/ma/seekonk/35-highland-ave
MA,Mansfield,287 School St,mansfield,287-school-st,https://locations.chipotle.com/ma/mansfield/287-school-st
MA,Westborough,1 Oak St,westborough,1-oak-st,https://locations.chipotle.com/ma/westborough/1-oak-st
MA,Attleboro,228 Washington St,attleboro,228-washington-st,https://locations.chipotle.com/ma/attleboro/228-washington-st
MA,Milford,128 Medway Rd,milford,128-medway-rd,https://locations.chipotle.com/ma/milford/128-medway-rd
MA,Marlborough,237 Boston Post Rd W,marlborough,237-boston-post-rd-w,https://locations.chipotle.com/ma/marlborough/237-boston-post-rd-w
MA,Franklin,5 Franklin Village Dr,franklin,5-franklin-village-dr,https://locations.chipotle.com/ma/franklin/5-franklin-village-dr
MA,Hyannis,793 Iyannough Rd,hyannis,793-iyannough-rd,https://locations.chipotle.com/ma/hyannis/793-iyannough-rd
MA,Natick,219 N Main St,natick,219-n-main-st,https://locations.chipotle.com/ma/natick/219-n-main-st
MA,Brockton,500 Westgate Dr,brockton,500-westgate-dr,https://locations.chipotle.com/ma/brockton/500-westgate-dr
MA,Framingham,1 Worcester Rd,framingham,1-worcester-rd,https://locations.chipotle.com/ma/framingham/1-worcester-rd
MA,Shrewsbury,97 Boston Turnpike,shrewsbury,97-boston-turnpike,https://locations.chipotle.com/ma/shrewsbury/97-boston-turnpike
MA,Raynham,421 New State Hwy,raynham,421-new-state-hwy,https://locations.chipotle.com/ma/raynham/421-new-state-hwy
MA,North Dartmouth,349 State Rd,north-dartmouth,349-state-rd,https://locations.chipotle.com/ma/north-dartmouth/349-state-rd
WA,Spokane,930 N Division St,spokane,930-n-division-st,https://locations.chipotle.com/wa/spokane/930-n-division-st
WA,Kennewick,1102 N Columbia Center Blvd,kennewick,1102-n-columbia-center-blvd,https://locations.chipotle.com/wa/kennewick/1102-n-columbia-center-blvd
CA,Pinole,2696 Pinole Valley Rd,pinole,2696-pinole-valley-rd,https://locations.chipotle.com/ca/pinole/2696-pinole-valley-rd
CA,Alameda,2314 S Shore Ctr,alameda,2314-s-shore-ctr,https://locations.chipotle.com/ca/alameda/2314-s-shore-ctr
CA,Oakland,3271 Lakeshore Ave,oakland,3271-lakeshore-ave,https://locations.chipotle.com/ca/oakland/3271-lakeshore-ave
CA,Union City,30920 Dyer St,union-city,30920-dyer-st,https://locations.chipotle.com/ca/union-city/30920-dyer-st
CA,Fremont,44029 Osgood Rd,fremont,44029-osgood-rd,https://locations.chipotle.com/ca/fremont/44029-osgood-rd
CA,El Cerrito,9901 San Pablo Ave,el-cerrito,9901-san-pablo-ave,https://locations.chipotle.com/ca/el-cerrito/9901-san-pablo-ave
CA,Berkeley,1050 Gilman St,berkeley,1050-gilman-st,https://locations.chipotle.com/ca/berkeley/1050-gilman-st
CA,Berkeley,2311 Telegraph Ave,berkeley,2311-telegraph-ave,https://locations.chipotle.com/ca/berkeley/2311-telegraph-ave
CA,Castro Valley,3369 Castro Valley Blvd,castro-valley,3369-castro-valley-blvd,https://locations.chipotle.com/ca/castro-valley/3369-castro-valley-blvd
CA,Berkeley,2225 Shattuck Ave,berkeley,2225-shattuck-ave,https://locations.chipotle.com/ca/berkeley/2225-shattuck-ave
CA,San Leandro,1505 E 14th St,san-leandro,1505-e-14th-st,https://locations.chipotle.com/ca/san-leandro/1505-e-14th-st
CA,Oakland,8460 Edgewater Dr,oakland,8460-edgewater-dr,https://locations.chipotle.com/ca/oakland/8460-edgewater-dr
CA,Newark,34883 Newark Blvd,newark,34883-newark-blvd,https://locations.chipotle.com/ca/newark/34883-newark-blvd
CA,Alameda,2610 5th St,alameda,2610-5th-st,https://locations.chipotle.com/ca/alameda/2610-5th-st
CA,Oakland,3017 Broadway,oakland,3017-broadway,https://locations.chipotle.com/ca/oakland/3017-broadway
CA,Fremont,2760 Mowry Ave,fremont,2760-mowry-ave,https://locations.chipotle.com/ca/fremont/2760-mowry-ave
CA,Fremont,5565 Auto Mall Pkwy,fremont,5565-auto-mall-pkwy,https://locations.chipotle.com/ca/fremont/5565-auto-mall-pkwy
TX,Cedar Park,909 E Whitestone Blvd,cedar-park,909-e-whitestone-blvd,https://locations.chipotle.com/tx/cedar-park/909-e-whitestone-blvd
TX,Austin,11301 Lakeline Blvd,austin,11301-lakeline-blvd,https://locations.chipotle.com/tx/austin/11301-lakeline-blvd
TX,Austin,9600 S Interstate 35,austin,9600-s-interstate-35,https://locations.chipotle.com/tx/austin/9600-s-interstate-35
TX,West Lake Hills,3300 Bee Caves Rd,west-lake-hills,3300-bee-caves-rd,https://locations.chipotle.com/tx/west-lake-hills/3300-bee-caves-rd
TX,Austin,10515 N Mopac Expy,austin,10515-n-mopac-expy,https://locations.chipotle.com/tx/austin/10515-n-mopac-expy
TX,Austin,2230 Guadalupe St,austin,2230-guadalupe-st,https://locations.chipotle.com/tx/austin/2230-guadalupe-st
TX,Round Rock,201 University Oaks Blvd,round-rock,201-university-oaks-blvd,https://locations.chipotle.com/tx/round-rock/201-university-oaks-blvd
TX,Austin,2700 W Anderson Ln,austin,2700-w-anderson-ln,https://locations.chipotle.com/tx/austin/2700-w-anderson-ln
TX,Austin,1920 E Riverside Dr,austin,1920-e-riverside-dr,https://locations.chipotle.com/tx/austin/1920-e-riverside-dr
TX,San Marcos,401 N Lbj Dr,san-marcos,401-n-lbj-dr,https://locations.chipotle.com/tx/san-marcos/401-n-lbj-dr
TX,San Marcos,1020 Center Point Rd,san-marcos,1020-center-point-rd,https://locations.chipotle.com/tx/san-marcos/1020-center-point-rd
TX,Austin,4400 N Lamar Blvd,austin,4400-n-lamar-blvd,https://locations.chipotle.com/tx/austin/4400-n-lamar-blvd
TX,Austin,2320 S Lamar Blvd,austin,2320-s-lamar-blvd,https://locations.chipotle.com/tx/austin/2320-s-lamar-blvd
TX,Austin,801 Congress Ave,austin,801-congress-ave,https://locations.chipotle.com/tx/austin/801-congress-ave
TX,Austin,1201 Barbara Jordan Blvd,austin,1201-barbara-jordan-blvd,https://locations.chipotle.com/tx/austin/1201-barbara-jordan-blvd
TX,Austin,610 E Stassney Ln,austin,610-e-stassney-ln,https://locations.chipotle.com/tx/austin/610-e-stassney-ln
TX,Round Rock,150 Sundance Pkwy,round-rock,150-sundance-pkwy,https://locations.chipotle.com/tx/round-rock/150-sundance-pkwy
TX,Georgetown,900 N Austin Ave,georgetown,900-n-austin-ave,https://locations.chipotle.com/tx/georgetown/900-n-austin-ave
TX,Austin,1700 W Parmer Ln,austin,1700-w-parmer-ln,https://locations.chipotle.com/tx/austin/1700-w-parmer-ln
TX,Sunset Valley,5400 Brodie Ln,sunset-valley,5400-brodie-ln,https://locations.chipotle.com/tx/sunset-valley/5400-brodie-ln
TX,Pflugerville,2424 Fm 685,pflugerville,2424-fm-685,https://locations.chipotle.com/tx/pflugerville/2424-fm-685
TX,Austin,6301 W Parmer Ln,austin,6301-w-parmer-ln,https://locations.chipotle.com/tx/austin/6301-w-parmer-ln
OH,Harrison,589 Ring Rd,harrison,589-ring-rd,https://locations.chipotle.com/oh/harrison/589-ring-rd
OH,Cincinnati,2507 W Clifton Ave,cincinnati,2507-w-clifton-ave,https://locations.chipotle.com/oh/cincinnati/2507-w-clifton-ave
OH,Mason,2364 Kings Center Ct,mason,2364-kings-center-ct,https://locations.chipotle.com/oh/mason/2364-kings-center-ct
OH,Anderson,7630 Beechmont Ave,anderson,7630-beechmont-ave,https://locations.chipotle.com/oh/anderson/7630-beechmont-ave
OH,Cincinnati,5201 Delhi Rd,cincinnati,5201-delhi-rd,https://locations.chipotle.com/oh/cincinnati/5201-delhi-rd
OH,Norwood,4402 Montgomery Rd,norwood,4402-montgomery-rd,https://locations.chipotle.com/oh/norwood/4402-montgomery-rd
OH,Blue Ash,11257 Reed Hartman Hwy,blue-ash,11257-reed-hartman-hwy,https://locations.chipotle.com/oh/blue-ash/11257-reed-hartman-hwy
OH,Oxford,1 W High St,oxford,1-w-high-st,https://locations.chipotle.com/oh/oxford/1-w-high-st
OH,Cincinnati,9430c Colerain Ave,cincinnati,9430c-colerain-ave,https://locations.chipotle.com/oh/cincinnati/9430c-colerain-ave
OH,Cincinnati,5555 Glenway Ave,cincinnati,5555-glenway-ave,https://locations.chipotle.com/oh/cincinnati/5555-glenway-ave
OH,Cincinnati,444 Ohio Pike,cincinnati,444-ohio-pike,https://locations.chipotle.com/oh/cincinnati/444-ohio-pike
OH,Monroe,175 Senate Dr,monroe,175-senate-dr,https://locations.chipotle.com/oh/monroe/175-senate-dr
OH,Cincinnati,2552 Cunningham Rd,cincinnati,2552-cunningham-rd,https://locations.chipotle.com/oh/cincinnati/2552-cunningham-rd
OH,Cincinnati,258 Stetson St,cincinnati,258-stetson-st,https://locations.chipotle.com/oh/cincinnati/258-stetson-st
OH,Cincinnati,6213 Wooster Pike,cincinnati,6213-wooster-pike,https://locations.chipotle.com/oh/cincinnati/6213-wooster-pike
OH,Cincinnati,1 Fountain Square Plz,cincinnati,1-fountain-square-plz,https://locations.chipotle.com/oh/cincinnati/1-fountain-square-plz
OH,Cincinnati,6455 Glenway Ave,cincinnati,6455-glenway-ave,https://locations.chipotle.com/oh/cincinnati/6455-glenway-ave
OH,Cincinnati,6440 Harrison Ave,cincinnati,6440-harrison-ave,https://locations.chipotle.com/oh/cincinnati/6440-harrison-ave
OH,Cincinnati,3725 Paxton Ave,cincinnati,3725-paxton-ave,https://locations.chipotle.com/oh/cincinnati/3725-paxton-ave
OH,Cincinnati,350 Cincinnati Mills Dr,cincinnati,350-cincinnati-mills-dr,https://locations.chipotle.com/oh/cincinnati/350-cincinnati-mills-dr
OH,Springdale,11700 Princeton Pike,springdale,11700-princeton-pike,https://locations.chipotle.com/oh/springdale/11700-princeton-pike
OH,Loveland,10567 Loveland Madeira Rd,loveland,10567-loveland-madeira-rd,https://locations.chipotle.com/oh/loveland/10567-loveland-madeira-rd
OH,Fairfield Township,3335 Princeton Rd,fairfield-township,3335-princeton-rd,https://locations.chipotle.com/oh/fairfield-township/3335-princeton-rd
OH,Amelia,1227 W Ohio Pike,amelia,1227-w-ohio-pike,https://locations.chipotle.com/oh/amelia/1227-w-ohio-pike
OH,Mason,9540 S Mason Montgomery Rd,mason,9540-s-mason-montgomery-rd,https://locations.chipotle.com/oh/mason/9540-s-mason-montgomery-rd
OH,Liberty Township,6876 Cincinnati Dayton Rd,liberty-township,6876-cincinnati-dayton-rd,https://locations.chipotle.com/oh/liberty-township/6876-cincinnati-dayton-rd
OH,West Chester,7717 Voice Of America Centre Dr,west-chester,7717-voice-of-america-centre-dr,https://locations.chipotle.com/oh/west-chester/7717-voice-of-america-centre-dr
OH,Cincinnati,7875 Montgomery Rd,cincinnati,7875-montgomery-rd,https://locations.chipotle.com/oh/cincinnati/7875-montgomery-rd
OH,Cincinnati,8375 Winton Rd,cincinnati,8375-winton-rd,https://locations.chipotle.com/oh/cincinnati/8375-winton-rd
OH,Cincinnati,8154 Montgomery Rd,cincinnati,8154-montgomery-rd,https://locations.chipotle.com/oh/cincinnati/8154-montgomery-rd
OH,Fairfield,5410 Dixie Hwy,fairfield,5410-dixie-hwy,https://locations.chipotle.com/oh/fairfield/5410-dixie-hwy
OH,West Chester,9324 Union Centre Blvd,west-chester,9324-union-centre-blvd,https://locations.chipotle.com/oh/west-chester/9324-union-centre-blvd
IA,West Des Moines,490 S 68th St,west-des-moines,490-s-68th-st,https://locations.chipotle.com/ia/west-des-moines/490-s-68th-st
IA,Ames,435 S Duff Ave,ames,435-s-duff-ave,https://locations.chipotle.com/ia/ames/435-s-duff-ave
OH,Milford,5697 Romar Dr,milford,5697-romar-dr,https://locations.chipotle.com/oh/milford/5697-romar-dr
OH,Cincinnati,4397 Glen Este Withamsville Rd,cincinnati,4397-glen-este-withamsville-rd,https://locations.chipotle.com/oh/cincinnati/4397-glen-este-withamsville-rd
IA,Des Moines,3737 Merle Hay Rd,des-moines,3737-merle-hay-rd,https://locations.chipotle.com/ia/des-moines/3737-merle-hay-rd
IA,Ankeny,2125 Se Delaware Ave,ankeny,2125-se-delaware-ave,https://locations.chipotle.com/ia/ankeny/2125-se-delaware-ave
NY,Lawrence,331 Rockaway Tpke,lawrence,331-rockaway-tpke,https://locations.chipotle.com/ny/lawrence/331-rockaway-tpke
NY,Mineola,528 Jericho Tpke,mineola,528-jericho-tpke,https://locations.chipotle.com/ny/mineola/528-jericho-tpke
NY,Elmont,620 Hempstead Tpke,elmont,620-hempstead-tpke,https://locations.chipotle.com/ny/elmont/620-hempstead-tpke
NY,Great Neck,44 Great Neck Rd,great-neck,44-great-neck-rd,https://locations.chipotle.com/ny/great-neck/44-great-neck-rd
NY,Uniondale,1166 Hempstead Tpke,uniondale,1166-hempstead-tpke,https://locations.chipotle.com/ny/uniondale/1166-hempstead-tpke
NY,Oceanside,3161 Long Beach Rd,oceanside,3161-long-beach-rd,https://locations.chipotle.com/ny/oceanside/3161-long-beach-rd
NY,Valley Stream,2034 Green Acres Mall,valley-stream,2034-green-acres-mall,https://locations.chipotle.com/ny/valley-stream/2034-green-acres-mall
NY,Wantagh,1178 Wantagh Ave,wantagh,1178-wantagh-ave,https://locations.chipotle.com/ny/wantagh/1178-wantagh-ave
NY,Levittown,3629 Hempstead Tpke,levittown,3629-hempstead-tpke,https://locations.chipotle.com/ny/levittown/3629-hempstead-tpke
NY,East Meadow,2312 Hempstead Tpke,east-meadow,2312-hempstead-tpke,https://locations.chipotle.com/ny/east-meadow/2312-hempstead-tpke
NY,Hicksville,215 N Broadway,hicksville,215-n-broadway,https://locations.chipotle.com/ny/hicksville/215-n-broadway
NY,Garden City,630 Old Country Rd,garden-city,630-old-country-rd,https://locations.chipotle.com/ny/garden-city/630-old-country-rd
NY,Merrick,1996 Merrick Rd,merrick,1996-merrick-rd,https://locations.chipotle.com/ny/merrick/1996-merrick-rd
NY,Carle Place,135 Old Country Rd,carle-place,135-old-country-rd,https://locations.chipotle.com/ny/carle-place/135-old-country-rd
NY,Syosset,420 Jericho Tpke,syosset,420-jericho-tpke,https://locations.chipotle.com/ny/syosset/420-jericho-tpke
MI,Adrian,1421 S Main St,adrian,1421-s-main-st,https://locations.chipotle.com/mi/adrian/1421-s-main-st
MI,East Lansing,539 E Grand River Ave,east-lansing,539-e-grand-river-ave,https://locations.chipotle.com/mi/east-lansing/539-e-grand-river-ave
NY,Rensselaer,279 Troy Rd,rensselaer,279-troy-rd,https://locations.chipotle.com/ny/rensselaer/279-troy-rd
NY,Plattsburgh,200 Consumer Square,plattsburgh,200-consumer-square,https://locations.chipotle.com/ny/plattsburgh/200-consumer-square
NY,Clifton Park,22 Clifton Country Rd,clifton-park,22-clifton-country-rd,https://locations.chipotle.com/ny/clifton-park/22-clifton-country-rd
NY,Albany,105 Wolf Road,albany,105-wolf-road,https://locations.chipotle.com/ny/albany/105-wolf-road
NY,Saratoga Springs,3057 Route 50,saratoga-springs,3057-route-50,https://locations.chipotle.com/ny/saratoga-springs/3057-route-50
NY,Albany,1475 Western Ave,albany,1475-western-ave,https://locations.chipotle.com/ny/albany/1475-western-ave
NY,Schenectady,441 Balltown Rd,schenectady,441-balltown-rd,https://locations.chipotle.com/ny/schenectady/441-balltown-rd
NY,Queensbury,820 State Route 9,queensbury,820-state-route-9,https://locations.chipotle.com/ny/queensbury/820-state-route-9
NY,Latham,2 Wade Road,latham,2-wade-road,https://locations.chipotle.com/ny/latham/2-wade-road
AZ,Tucson,6501 E Grant Rd,tucson,6501-e-grant-rd,https://locations.chipotle.com/az/tucson/6501-e-grant-rd
AZ,Tucson,1202 W Irvington Rd,tucson,1202-w-irvington-rd,https://locations.chipotle.com/az/tucson/1202-w-irvington-rd
AZ,Tucson,7555 N La Cholla Blvd,tucson,7555-n-la-cholla-blvd,https://locations.chipotle.com/az/tucson/7555-n-la-cholla-blvd
AZ,Tucson,3055 N Campbell Ave,tucson,3055-n-campbell-ave,https://locations.chipotle.com/az/tucson/3055-n-campbell-ave
AZ,Maricopa,21423 N John Wayne Pkwy,maricopa,21423-n-john-wayne-pkwy,https://locations.chipotle.com/az/maricopa/21423-n-john-wayne-pkwy
AZ,Casa Grande,1775 E Florence Blvd,casa-grande,1775-e-florence-blvd,https://locations.chipotle.com/az/casa-grande/1775-e-florence-blvd
AZ,Sierra Vista,480 N Highway 90 Byp,sierra-vista,480-n-highway-90-byp,https://locations.chipotle.com/az/sierra-vista/480-n-highway-90-byp
AZ,Tucson,905 E University Blvd,tucson,905-e-university-blvd,https://locations.chipotle.com/az/tucson/905-e-university-blvd
AZ,Marana,5940 W Arizona Pavillions Dr,marana,5940-w-arizona-pavillions-dr,https://locations.chipotle.com/az/marana/5940-w-arizona-pavillions-dr
AZ,Oro Valley,10604 N Oracle Rd,oro-valley,10604-n-oracle-rd,https://locations.chipotle.com/az/oro-valley/10604-n-oracle-rd
AZ,Tucson,235 W Wetmore Rd,tucson,235-w-wetmore-rd,https://locations.chipotle.com/az/tucson/235-w-wetmore-rd
AZ,Tucson,9484 E 22nd St,tucson,9484-e-22nd-st,https://locations.chipotle.com/az/tucson/9484-e-22nd-st
CA,Redding,961 Dana Dr,redding,961-dana-dr,https://locations.chipotle.com/ca/redding/961-dana-dr
CA,Placerville,3987 Missouri Flat Rd,placerville,3987-missouri-flat-rd,https://locations.chipotle.com/ca/placerville/3987-missouri-flat-rd
CA,Yuba City,1005 Gray Ave,yuba-city,1005-gray-ave,https://locations.chipotle.com/ca/yuba-city/1005-gray-ave
CA,Davis,227 E St,davis,227-e-st,https://locations.chipotle.com/ca/davis/227-e-st
CA,Chico,1960 E 20th St,chico,1960-e-20th-st,https://locations.chipotle.com/ca/chico/1960-e-20th-st
CA,Auburn,2845 Bell Rd,auburn,2845-bell-rd,https://locations.chipotle.com/ca/auburn/2845-bell-rd
VA,Warrenton,251 W Lee Hwy,warrenton,251-w-lee-hwy,https://locations.chipotle.com/va/warrenton/251-w-lee-hwy
VA,Roanoke,2011 Colonial Ave Sw,roanoke,2011-colonial-ave-sw,https://locations.chipotle.com/va/roanoke/2011-colonial-ave-sw
VA,Stafford,100 Prosperity Ln,stafford,100-prosperity-ln,https://locations.chipotle.com/va/stafford/100-prosperity-ln
VA,Fredericksburg,1601 Emancipation Hwy,fredericksburg,1601-emancipation-hwy,https://locations.chipotle.com/va/fredericksburg/1601-emancipation-hwy
CA,Chico,620 Mangrove Ave,chico,620-mangrove-ave,https://locations.chipotle.com/ca/chico/620-mangrove-ave
VA,Harrisonburg,1615 Reservoir St,harrisonburg,1615-reservoir-st,https://locations.chipotle.com/va/harrisonburg/1615-reservoir-st
VA,Fredericksburg,28 S Gateway Dr,fredericksburg,28-s-gateway-dr,https://locations.chipotle.com/va/fredericksburg/28-s-gateway-dr
VA,Fredericksburg,3051 Plank Rd,fredericksburg,3051-plank-rd,https://locations.chipotle.com/va/fredericksburg/3051-plank-rd
VA,Blacksburg,868 Prices Fork Rd,blacksburg,868-prices-fork-rd,https://locations.chipotle.com/va/blacksburg/868-prices-fork-rd
VA,Blacksburg,314 N Main St,blacksburg,314-n-main-st,https://locations.chipotle.com/va/blacksburg/314-n-main-st
VA,Winchester,2012 S Pleasant Valley Rd,winchester,2012-s-pleasant-valley-rd,https://locations.chipotle.com/va/winchester/2012-s-pleasant-valley-rd
VA,Fredericksburg,5420 Southpoint Plaza Way,fredericksburg,5420-southpoint-plaza-way,https://locations.chipotle.com/va/fredericksburg/5420-southpoint-plaza-way
VA,Purcellville,1200 Wolf Rock Dr,purcellville,1200-wolf-rock-dr,https://locations.chipotle.com/va/purcellville/1200-wolf-rock-dr
OR,Eugene,1395 University St,eugene,1395-university-st,https://locations.chipotle.com/or/eugene/1395-university-st
OR,Bend,222 Ne Emerson Ave,bend,222-ne-emerson-ave,https://locations.chipotle.com/or/bend/222-ne-emerson-ave
VA,Culpeper,15335 Creativity Dr,culpeper,15335-creativity-dr,https://locations.chipotle.com/va/culpeper/15335-creativity-dr
OR,Eugene,460 Coburg Rd,eugene,460-coburg-rd,https://locations.chipotle.com/or/eugene/460-coburg-rd
OR,Springfield,2860 Gateway St,springfield,2860-gateway-st,https://locations.chipotle.com/or/springfield/2860-gateway-st
OR,Corvallis,2501 Nw Monroe Ave,corvallis,2501-nw-monroe-ave,https://locations.chipotle.com/or/corvallis/2501-nw-monroe-ave
OR,Medford,1429 Center Dr,medford,1429-center-dr,https://locations.chipotle.com/or/medford/1429-center-dr
CA,Fresno,4978 N Cedar Ave,fresno,4978-n-cedar-ave,https://locations.chipotle.com/ca/fresno/4978-n-cedar-ave
CA,Fresno,5128 N Palm Ave,fresno,5128-n-palm-ave,https://locations.chipotle.com/ca/fresno/5128-n-palm-ave
CA,Fresno,3520 N Blackstone Ave,fresno,3520-n-blackstone-ave,https://locations.chipotle.com/ca/fresno/3520-n-blackstone-ave
CA,Fresno,4424 W Shaw Ave,fresno,4424-w-shaw-ave,https://locations.chipotle.com/ca/fresno/4424-w-shaw-ave
CA,Clovis,1210 Shaw Ave,clovis,1210-shaw-ave,https://locations.chipotle.com/ca/clovis/1210-shaw-ave
CA,Clovis,1840 Herndon Ave,clovis,1840-herndon-ave,https://locations.chipotle.com/ca/clovis/1840-herndon-ave
CA,Fresno,80 E Nees Ave,fresno,80-e-nees-ave,https://locations.chipotle.com/ca/fresno/80-e-nees-ave
CA,Visalia,4219 S Mooney Blvd,visalia,4219-s-mooney-blvd,https://locations.chipotle.com/ca/visalia/4219-s-mooney-blvd
CA,Madera,2180 W Cleveland Ave,madera,2180-w-cleveland-ave,https://locations.chipotle.com/ca/madera/2180-w-cleveland-ave
CA,Hanford,366 N 12th Ave,hanford,366-n-12th-ave,https://locations.chipotle.com/ca/hanford/366-n-12th-ave
CA,Tulare,1108 E Prosperity Ave,tulare,1108-e-prosperity-ave,https://locations.chipotle.com/ca/tulare/1108-e-prosperity-ave
CA,Selma,3120 Floral Ave,selma,3120-floral-ave,https://locations.chipotle.com/ca/selma/3120-floral-ave
FL,Wellington,1000 S State Road 7,wellington,1000-s-state-road-7,https://locations.chipotle.com/fl/wellington/1000-s-state-road-7
FL,Delray Beach,520 Linton Blvd,delray-beach,520-linton-blvd,https://locations.chipotle.com/fl/delray-beach/520-linton-blvd
FL,Boca Raton,1666 N Federal Hwy,boca-raton,1666-n-federal-hwy,https://locations.chipotle.com/fl/boca-raton/1666-n-federal-hwy
FL,Greenacres,6714 Forest Hill Blvd,greenacres,6714-forest-hill-blvd,https://locations.chipotle.com/fl/greenacres/6714-forest-hill-blvd
FL,Boca Raton,2301 Glades Rd,boca-raton,2301-glades-rd,https://locations.chipotle.com/fl/boca-raton/2301-glades-rd
FL,Boca Raton,9930 Glades Rd,boca-raton,9930-glades-rd,https://locations.chipotle.com/fl/boca-raton/9930-glades-rd
FL,Palm Beach Gardens,4655 Pga Blvd,palm-beach-gardens,4655-pga-blvd,https://locations.chipotle.com/fl/palm-beach-gardens/4655-pga-blvd
FL,Boca Raton,7028 W Palmetto Park Rd,boca-raton,7028-w-palmetto-park-rd,https://locations.chipotle.com/fl/boca-raton/7028-w-palmetto-park-rd
FL,Palm Beach Gardens,3101 Pga Blvd,palm-beach-gardens,3101-pga-blvd,https://locations.chipotle.com/fl/palm-beach-gardens/3101-pga-blvd
FL,West Palm Beach,2380 Palm Beach Lakes Blvd,west-palm-beach,2380-palm-beach-lakes-blvd,https://locations.chipotle.com/fl/west-palm-beach/2380-palm-beach-lakes-blvd
FL,Boynton Beach,1780 N Congress Ave,boynton-beach,1780-n-congress-ave,https://locations.chipotle.com/fl/boynton-beach/1780-n-congress-ave
FL,Boynton Beach,8790 Boynton Beach Blvd,boynton-beach,8790-boynton-beach-blvd,https://locations.chipotle.com/fl/boynton-beach/8790-boynton-beach-blvd
FL,Jupiter,6274 W Indiantown Rd,jupiter,6274-w-indiantown-rd,https://locations.chipotle.com/fl/jupiter/6274-w-indiantown-rd
FL,Lake Worth,6177 S Jog Rd,lake-worth,6177-s-jog-rd,https://locations.chipotle.com/fl/lake-worth/6177-s-jog-rd
FL,Boca Raton,5560 N Military Trl,boca-raton,5560-n-military-trl,https://locations.chipotle.com/fl/boca-raton/5560-n-military-trl
CA,Paramount,15754 Paramount Blvd,paramount,15754-paramount-blvd,https://locations.chipotle.com/ca/paramount/15754-paramount-blvd
CA,Cerritos,459 Los Cerritos Mall,cerritos,459-los-cerritos-mall,https://locations.chipotle.com/ca/cerritos/459-los-cerritos-mall
CA,Cerritos,10826 Alondra Blvd,cerritos,10826-alondra-blvd,https://locations.chipotle.com/ca/cerritos/10826-alondra-blvd
CA,Seal Beach,12359 Seal Beach Blvd,seal-beach,12359-seal-beach-blvd,https://locations.chipotle.com/ca/seal-beach/12359-seal-beach-blvd
CA,Long Beach,6324 E Pacific Coast Hwy,long-beach,6324-e-pacific-coast-hwy,https://locations.chipotle.com/ca/long-beach/6324-e-pacific-coast-hwy
CA,Long Beach,245 Pine Ave,long-beach,245-pine-ave,https://locations.chipotle.com/ca/long-beach/245-pine-ave
CA,Lakewood,5310 Lakewood Blvd,lakewood,5310-lakewood-blvd,https://locations.chipotle.com/ca/lakewood/5310-lakewood-blvd
CA,Long Beach,1800 Ximeno Ave,long-beach,1800-ximeno-ave,https://locations.chipotle.com/ca/long-beach/1800-ximeno-ave
CA,Cerritos,12560 Artesia Blvd,cerritos,12560-artesia-blvd,https://locations.chipotle.com/ca/cerritos/12560-artesia-blvd
CA,Signal Hill,959 E Spring Street,signal-hill,959-e-spring-street,https://locations.chipotle.com/ca/signal-hill/959-e-spring-street
CA,Downey,8890 Apollo Way,downey,8890-apollo-way,https://locations.chipotle.com/ca/downey/8890-apollo-way
CA,Downey,8500 Firestone Blvd,downey,8500-firestone-blvd,https://locations.chipotle.com/ca/downey/8500-firestone-blvd
CA,Whittier,15528 Whittier Blvd,whittier,15528-whittier-blvd,https://locations.chipotle.com/ca/whittier/15528-whittier-blvd
CA,Pico Rivera,8888 Whittier Blvd,pico-rivera,8888-whittier-blvd,https://locations.chipotle.com/ca/pico-rivera/8888-whittier-blvd
CA,Whittier,10120 Carmenita Rd,whittier,10120-carmenita-rd,https://locations.chipotle.com/ca/whittier/10120-carmenita-rd
IA,Davenport,5270 Elmore Ave,davenport,5270-elmore-ave,https://locations.chipotle.com/ia/davenport/5270-elmore-ave
IA,Dubuque,3450 Dodge St,dubuque,3450-dodge-st,https://locations.chipotle.com/ia/dubuque/3450-dodge-st
PA,Dickson City,1245 Commerce Blvd,dickson-city,1245-commerce-blvd,https://locations.chipotle.com/pa/dickson-city/1245-commerce-blvd
PA,Lewisburg,7431 Westbranch Hwy,lewisburg,7431-westbranch-hwy,https://locations.chipotle.com/pa/lewisburg/7431-westbranch-hwy
PA,Selinsgrove,2192 N Susquehanna Trl,selinsgrove,2192-n-susquehanna-trl,https://locations.chipotle.com/pa/selinsgrove/2192-n-susquehanna-trl
PA,Wilkes Barre,280 Mundy St,wilkes-barre,280-mundy-st,https://locations.chipotle.com/pa/wilkes-barre/280-mundy-st
VA,Gainesville,5025 Wellington Rd,gainesville,5025-wellington-rd,https://locations.chipotle.com/va/gainesville/5025-wellington-rd
VA,Falls Church,8191 Strawberry Ln,falls-church,8191-strawberry-ln,https://locations.chipotle.com/va/falls-church/8191-strawberry-ln
VA,Mclean,6707 Old Dominion Dr,mclean,6707-old-dominion-dr,https://locations.chipotle.com/va/mclean/6707-old-dominion-dr
MO,Jefferson City,1400 Missouri Blvd,jefferson-city,1400-missouri-blvd,https://locations.chipotle.com/mo/jefferson-city/1400-missouri-blvd
MO,Columbia,2540 Broadway Bluffs Dr,columbia,2540-broadway-bluffs-dr,https://locations.chipotle.com/mo/columbia/2540-broadway-bluffs-dr
MO,Columbia,306 S 9th St,columbia,306-s-9th-st,https://locations.chipotle.com/mo/columbia/306-s-9th-st
IN,South Bend,202 W Ireland Rd,south-bend,202-w-ireland-rd,https://locations.chipotle.com/in/south-bend/202-w-ireland-rd
IN,South Bend,1251 N Eddy St,south-bend,1251-n-eddy-st,https://locations.chipotle.com/in/south-bend/1251-n-eddy-st
IN,Mishawaka,5545 N Main St,mishawaka,5545-n-main-st,https://locations.chipotle.com/in/mishawaka/5545-n-main-st
NM,Las Cruces,525 S Telshor Blvd,las-cruces,525-s-telshor-blvd,https://locations.chipotle.com/nm/las-cruces/525-s-telshor-blvd
NM,Clovis,3501 N Prince St,clovis,3501-n-prince-st,https://locations.chipotle.com/nm/clovis/3501-n-prince-st
NY,Rochester,1847 W Ridge Rd,rochester,1847-w-ridge-rd,https://locations.chipotle.com/ny/rochester/1847-w-ridge-rd
NY,Rochester,1360 Mount Hope Ave,rochester,1360-mount-hope-ave,https://locations.chipotle.com/ny/rochester/1360-mount-hope-ave
NY,Rochester,3349 Monroe Ave,rochester,3349-monroe-ave,https://locations.chipotle.com/ny/rochester/3349-monroe-ave
NY,Rochester,1495 E Ridge Rd,rochester,1495-e-ridge-rd,https://locations.chipotle.com/ny/rochester/1495-e-ridge-rd
NY,Rochester,640 Jefferson Rd,rochester,640-jefferson-rd,https://locations.chipotle.com/ny/rochester/640-jefferson-rd
NY,Webster,927 Holt Rd,webster,927-holt-rd,https://locations.chipotle.com/ny/webster/927-holt-rd
NY,Victor,401 Commerce Dr,victor,401-commerce-dr,https://locations.chipotle.com/ny/victor/401-commerce-dr
MI,Roseville,32463 Gratiot Ave,roseville,32463-gratiot-ave,https://locations.chipotle.com/mi/roseville/32463-gratiot-ave
MI,Sterling Heights,13975 Lakeside Cir,sterling-heights,13975-lakeside-cir,https://locations.chipotle.com/mi/sterling-heights/13975-lakeside-cir
MI,Warren,30229 Mound Rd,warren,30229-mound-rd,https://locations.chipotle.com/mi/warren/30229-mound-rd
MI,Chesterfield,27810 23 Mile Rd,chesterfield,27810-23-mile-rd,https://locations.chipotle.com/mi/chesterfield/27810-23-mile-rd
AZ,Phoenix,52 E Camelback Road,phoenix,52-e-camelback-road,https://locations.chipotle.com/az/phoenix/52-e-camelback-road
AZ,Phoenix,3039 W Peoria Ave,phoenix,3039-w-peoria-ave,https://locations.chipotle.com/az/phoenix/3039-w-peoria-ave
AZ,Phoenix,11 W Washington St,phoenix,11-w-washington-st,https://locations.chipotle.com/az/phoenix/11-w-washington-st
AZ,Laveen,5130 W Baseline Rd,laveen,5130-w-baseline-rd,https://locations.chipotle.com/az/laveen/5130-w-baseline-rd
AZ,Phoenix,1515 N 7th Ave,phoenix,1515-n-7th-ave,https://locations.chipotle.com/az/phoenix/1515-n-7th-ave
AZ,Phoenix,1660 E Camelback Rd,phoenix,1660-e-camelback-rd,https://locations.chipotle.com/az/phoenix/1660-e-camelback-rd
AZ,Phoenix,2415 E Baseline Rd,phoenix,2415-e-baseline-rd,https://locations.chipotle.com/az/phoenix/2415-e-baseline-rd
AZ,Glendale,5880 W Thunderbird Rd,glendale,5880-w-thunderbird-rd,https://locations.chipotle.com/az/glendale/5880-w-thunderbird-rd
AZ,Phoenix,425 E Bell Rd,phoenix,425-e-bell-rd,https://locations.chipotle.com/az/phoenix/425-e-bell-rd
AZ,Phoenix,4423 E Thomas Road,phoenix,4423-e-thomas-road,https://locations.chipotle.com/az/phoenix/4423-e-thomas-road
AZ,Phoenix,4622 E Cactus Rd,phoenix,4622-e-cactus-rd,https://locations.chipotle.com/az/phoenix/4622-e-cactus-rd
AZ,Phoenix,3125 E Indian School Rd,phoenix,3125-e-indian-school-rd,https://locations.chipotle.com/az/phoenix/3125-e-indian-school-rd
NH,Concord,265 Loudon Rd,concord,265-loudon-rd,https://locations.chipotle.com/nh/concord/265-loudon-rd
AZ,Phoenix,16635 N Tatum Blvd,phoenix,16635-n-tatum-blvd,https://locations.chipotle.com/az/phoenix/16635-n-tatum-blvd
NH,Keene,333 Winchester St,keene,333-winchester-st,https://locations.chipotle.com/nh/keene/333-winchester-st
NH,Newington,45 Gosling Rd,newington,45-gosling-rd,https://locations.chipotle.com/nh/newington/45-gosling-rd
NH,Bedford,99 S River Rd,bedford,99-s-river-rd,https://locations.chipotle.com/nh/bedford/99-s-river-rd
NH,Manchester,926 S Willow St,manchester,926-s-willow-st,https://locations.chipotle.com/nh/manchester/926-s-willow-st
NH,Nashua,225 Daniel Webster Hwy,nashua,225-daniel-webster-hwy,https://locations.chipotle.com/nh/nashua/225-daniel-webster-hwy
NH,Dover,826 Central Ave,dover,826-central-ave,https://locations.chipotle.com/nh/dover/826-central-ave
NH,Nashua,356 Amherst St,nashua,356-amherst-st,https://locations.chipotle.com/nh/nashua/356-amherst-st
NY,Ithaca,740 S Meadow St,ithaca,740-s-meadow-st,https://locations.chipotle.com/ny/ithaca/740-s-meadow-st
NY,Vestal,4698 Vestal Pkwy E,vestal,4698-vestal-pkwy-e,https://locations.chipotle.com/ny/vestal/4698-vestal-pkwy-e
WI,Madison,4000 University Ave,madison,4000-university-ave,https://locations.chipotle.com/wi/madison/4000-university-ave
WI,Madison,4628 E Washington Ave,madison,4628-e-washington-ave,https://locations.chipotle.com/wi/madison/4628-e-washington-ave
WI,Madison,658 State St,madison,658-state-st,https://locations.chipotle.com/wi/madison/658-state-st
WI,Middleton,8422 Old Sauk Rd,middleton,8422-old-sauk-rd,https://locations.chipotle.com/wi/middleton/8422-old-sauk-rd
WI,Janesville,3515 Milton Ave,janesville,3515-milton-ave,https://locations.chipotle.com/wi/janesville/3515-milton-ave
NJ,Mays Landing,2220 Wrangleboro Rd,mays-landing,2220-wrangleboro-rd,https://locations.chipotle.com/nj/mays-landing/2220-wrangleboro-rd
NJ,Princeton,3522 Us Highway 1,princeton,3522-us-highway-1,https://locations.chipotle.com/nj/princeton/3522-us-highway-1
PA,Reading,2733 Papermill Rd,reading,2733-papermill-rd,https://locations.chipotle.com/pa/reading/2733-papermill-rd
PA,Whitehall,837 Lehigh Lifestyle Ctr,whitehall,837-lehigh-lifestyle-ctr,https://locations.chipotle.com/pa/whitehall/837-lehigh-lifestyle-ctr
PA,King Of Prussia,620 W Dekalb Pike,king-of-prussia,620-w-dekalb-pike,https://locations.chipotle.com/pa/king-of-prussia/620-w-dekalb-pike
PA,Allentown,1870 Airport Rd,allentown,1870-airport-rd,https://locations.chipotle.com/pa/allentown/1870-airport-rd
PA,Blue Bell,950 Dekalb Pike,blue-bell,950-dekalb-pike,https://locations.chipotle.com/pa/blue-bell/950-dekalb-pike
PA,Allentown,750 N Krocks Rd,allentown,750-n-krocks-rd,https://locations.chipotle.com/pa/allentown/750-n-krocks-rd
PA,West Chester,101 Turner Ln,west-chester,101-turner-ln,https://locations.chipotle.com/pa/west-chester/101-turner-ln
PA,Newtown Square,3741 W Chester Pike,newtown-square,3741-w-chester-pike,https://locations.chipotle.com/pa/newtown-square/3741-w-chester-pike
PA,Allentown,3114 W Tilghman St,allentown,3114-w-tilghman-st,https://locations.chipotle.com/pa/allentown/3114-w-tilghman-st
PA,Glen Mills,1751 Wilmington Pike,glen-mills,1751-wilmington-pike,https://locations.chipotle.com/pa/glen-mills/1751-wilmington-pike
PA,Media,1075 W Baltimore Pike,media,1075-w-baltimore-pike,https://locations.chipotle.com/pa/media/1075-w-baltimore-pike
PA,Exton,241 N Pottstown Pike,exton,241-n-pottstown-pike,https://locations.chipotle.com/pa/exton/241-n-pottstown-pike
PA,Malvern,50 National Ave,malvern,50-national-ave,https://locations.chipotle.com/pa/malvern/50-national-ave
PA,Easton,4743 Freemansburg Ave,easton,4743-freemansburg-ave,https://locations.chipotle.com/pa/easton/4743-freemansburg-ave
PA,Ardmore,133 W Lancaster Ave,ardmore,133-w-lancaster-ave,https://locations.chipotle.com/pa/ardmore/133-w-lancaster-ave
PA,Wayne,323 E Lancaster Ave,wayne,323-e-lancaster-ave,https://locations.chipotle.com/pa/wayne/323-e-lancaster-ave
PA,Wayne,239 E Swedesford Rd,wayne,239-e-swedesford-rd,https://locations.chipotle.com/pa/wayne/239-e-swedesford-rd
PA,Havertown,116 W Township Line Rd,havertown,116-w-township-line-rd,https://locations.chipotle.com/pa/havertown/116-w-township-line-rd
MN,Minneapolis,225 E Hennepin Ave,minneapolis,225-e-hennepin-ave,https://locations.chipotle.com/mn/minneapolis/225-e-hennepin-ave
MN,Minneapolis,50 S 6th St,minneapolis,50-s-6th-st,https://locations.chipotle.com/mn/minneapolis/50-s-6th-st
MN,Minneapolis,200 S Sixth St,minneapolis,200-s-sixth-st,https://locations.chipotle.com/mn/minneapolis/200-s-sixth-st
MN,Minneapolis,2600 Hennepin Ave,minneapolis,2600-hennepin-ave,https://locations.chipotle.com/mn/minneapolis/2600-hennepin-ave
MN,Minneapolis,800 Washington Ave Se,minneapolis,800-washington-ave-se,https://locations.chipotle.com/mn/minneapolis/800-washington-ave-se
MN,Minneapolis,229 Cedar Ave S,minneapolis,229-cedar-ave-s,https://locations.chipotle.com/mn/minneapolis/229-cedar-ave-s
MN,Minneapolis,1040 Nicollet Mall,minneapolis,1040-nicollet-mall,https://locations.chipotle.com/mn/minneapolis/1040-nicollet-mall
MN,Minneapolis,2701 39th Ave Ne,minneapolis,2701-39th-ave-ne,https://locations.chipotle.com/mn/minneapolis/2701-39th-ave-ne
MN,Richfield,7644 Lyndale Ave S,richfield,7644-lyndale-ave-s,https://locations.chipotle.com/mn/richfield/7644-lyndale-ave-s
MN,Richfield,1830 E 66th St,richfield,1830-e-66th-st,https://locations.chipotle.com/mn/richfield/1830-e-66th-st
MN,Minneapolis,3040 Excelsior Blvd,minneapolis,3040-excelsior-blvd,https://locations.chipotle.com/mn/minneapolis/3040-excelsior-blvd
OH,Columbus,401 N Front St,columbus,401-n-front-st,https://locations.chipotle.com/oh/columbus/401-n-front-st
OH,Bexley,2484 E Main St,bexley,2484-e-main-st,https://locations.chipotle.com/oh/bexley/2484-e-main-st
OH,Whitehall,3822 E Broad St,whitehall,3822-e-broad-st,https://locations.chipotle.com/oh/whitehall/3822-e-broad-st
OH,Columbus,4489 N High St,columbus,4489-n-high-st,https://locations.chipotle.com/oh/columbus/4489-n-high-st
OH,Columbus,771 Bethel Rd,columbus,771-bethel-rd,https://locations.chipotle.com/oh/columbus/771-bethel-rd
OH,Columbus,1726 N High St,columbus,1726-n-high-st,https://locations.chipotle.com/oh/columbus/1726-n-high-st
OH,Columbus,1000 N High St,columbus,1000-n-high-st,https://locations.chipotle.com/oh/columbus/1000-n-high-st
OH,Columbus,2130 N High St,columbus,2130-n-high-st,https://locations.chipotle.com/oh/columbus/2130-n-high-st
OH,Columbus,3090 Kingsdale Ctr,columbus,3090-kingsdale-ctr,https://locations.chipotle.com/oh/columbus/3090-kingsdale-ctr
OH,Columbus,6590 Sawmill Rd,columbus,6590-sawmill-rd,https://locations.chipotle.com/oh/columbus/6590-sawmill-rd
OH,Columbus,1851 Morse Rd,columbus,1851-morse-rd,https://locations.chipotle.com/oh/columbus/1851-morse-rd
OH,Obetz,5051 Groveport Rd,obetz,5051-groveport-rd,https://locations.chipotle.com/oh/obetz/5051-groveport-rd
OH,Gahanna,95 N Hamilton Rd,gahanna,95-n-hamilton-rd,https://locations.chipotle.com/oh/gahanna/95-n-hamilton-rd
OH,Pickerington,1291 Hill Rd N,pickerington,1291-hill-rd-n,https://locations.chipotle.com/oh/pickerington/1291-hill-rd-n
OH,Columbus,4034 Townsfair Way,columbus,4034-townsfair-way,https://locations.chipotle.com/oh/columbus/4034-townsfair-way
OH,Columbus,4750 Morse Rd,columbus,4750-morse-rd,https://locations.chipotle.com/oh/columbus/4750-morse-rd
OH,Grandview Heights,1298 W 5th Ave,grandview-heights,1298-w-5th-ave,https://locations.chipotle.com/oh/grandview-heights/1298-w-5th-ave
OH,Reynoldsburg,6316 Tussing Rd,reynoldsburg,6316-tussing-rd,https://locations.chipotle.com/oh/reynoldsburg/6316-tussing-rd
OH,Columbus,6815 E Broad Street,columbus,6815-e-broad-street,https://locations.chipotle.com/oh/columbus/6815-e-broad-street
OH,Hilliard,3670 Fishinger Blvd,hilliard,3670-fishinger-blvd,https://locations.chipotle.com/oh/hilliard/3670-fishinger-blvd
OH,Columbus,488 S High St,columbus,488-s-high-st,https://locations.chipotle.com/oh/columbus/488-s-high-st
OH,Columbus,191 E Campus View Blvd,columbus,191-e-campus-view-blvd,https://locations.chipotle.com/oh/columbus/191-e-campus-view-blvd
OH,Columbus,1140 Polaris Pkwy,columbus,1140-polaris-pkwy,https://locations.chipotle.com/oh/columbus/1140-polaris-pkwy
OH,Columbus,6079 Parkcenter Circle,columbus,6079-parkcenter-circle,https://locations.chipotle.com/oh/columbus/6079-parkcenter-circle
OH,Powell,9733 Sawmill Pkwy,powell,9733-sawmill-pkwy,https://locations.chipotle.com/oh/powell/9733-sawmill-pkwy
OH,Grove City,1671 Stringtown Rd,grove-city,1671-stringtown-rd,https://locations.chipotle.com/oh/grove-city/1671-stringtown-rd
OH,Canal Winchester,695 W Waterloo St,canal-winchester,695-w-waterloo-st,https://locations.chipotle.com/oh/canal-winchester/695-w-waterloo-st
OH,Columbus,1528 Georgesville Rd,columbus,1528-georgesville-rd,https://locations.chipotle.com/oh/columbus/1528-georgesville-rd
OH,New Albany,5375 New Albany Rd W,new-albany,5375-new-albany-rd-w,https://locations.chipotle.com/oh/new-albany/5375-new-albany-rd-w
OH,Reynoldsburg,7611 Farmsbury Dr,reynoldsburg,7611-farmsbury-dr,https://locations.chipotle.com/oh/reynoldsburg/7611-farmsbury-dr
OH,Westerville,641 S State St,westerville,641-s-state-st,https://locations.chipotle.com/oh/westerville/641-s-state-st
OH,Grove City,3019 Meadow Pond Ct,grove-city,3019-meadow-pond-ct,https://locations.chipotle.com/oh/grove-city/3019-meadow-pond-ct
OH,Columbus,1960 E Dublin Granville Rd,columbus,1960-e-dublin-granville-rd,https://locations.chipotle.com/oh/columbus/1960-e-dublin-granville-rd
OH,Westerville,63 Maxtown Rd,westerville,63-maxtown-rd,https://locations.chipotle.com/oh/westerville/63-maxtown-rd
OH,Hilliard,1835 Hilliard Rome Rd,hilliard,1835-hilliard-rome-rd,https://locations.chipotle.com/oh/hilliard/1835-hilliard-rome-rd
OH,Dublin,6776 Perimeter Loop Rd,dublin,6776-perimeter-loop-rd,https://locations.chipotle.com/oh/dublin/6776-perimeter-loop-rd
TN,Smyrna,715 Team Blvd,smyrna,715-team-blvd,https://locations.chipotle.com/tn/smyrna/715-team-blvd
TN,Nashville,400 21st Ave S,nashville,400-21st-ave-s,https://locations.chipotle.com/tn/nashville/400-21st-ave-s
TN,Nashville,3900 Hillsboro Pike,nashville,3900-hillsboro-pike,https://locations.chipotle.com/tn/nashville/3900-hillsboro-pike
TN,Nashville,6838 Charlotte Pike,nashville,6838-charlotte-pike,https://locations.chipotle.com/tn/nashville/6838-charlotte-pike
TN,Nashville,96 White Bridge Pike,nashville,96-white-bridge-pike,https://locations.chipotle.com/tn/nashville/96-white-bridge-pike
TN,Nashville,2825 W End Ave,nashville,2825-w-end-ave,https://locations.chipotle.com/tn/nashville/2825-w-end-ave
TN,Brentwood,269 Franklin Rd,brentwood,269-franklin-rd,https://locations.chipotle.com/tn/brentwood/269-franklin-rd
TN,Nashville,731 Thompson Ln,nashville,731-thompson-ln,https://locations.chipotle.com/tn/nashville/731-thompson-ln
MN,Shoreview,1021 Red Fox Rd,shoreview,1021-red-fox-rd,https://locations.chipotle.com/mn/shoreview/1021-red-fox-rd
TN,Franklin,430 Cool Springs Blvd,franklin,430-cool-springs-blvd,https://locations.chipotle.com/tn/franklin/430-cool-springs-blvd
TN,Murfreesboro,479 N Thompson Ln,murfreesboro,479-n-thompson-ln,https://locations.chipotle.com/tn/murfreesboro/479-n-thompson-ln
MI,Grandville,3070 44th St Sw,grandville,3070-44th-st-sw,https://locations.chipotle.com/mi/grandville/3070-44th-st-sw
MI,Holland,12365 James St,holland,12365-james-st,https://locations.chipotle.com/mi/holland/12365-james-st
MI,Grand Rapids,6333 Kalamazoo Ave Se,grand-rapids,6333-kalamazoo-ave-se,https://locations.chipotle.com/mi/grand-rapids/6333-kalamazoo-ave-se
MI,Grand Rapids,3300 Alpine Ave Nw,grand-rapids,3300-alpine-ave-nw,https://locations.chipotle.com/mi/grand-rapids/3300-alpine-ave-nw
MI,Kentwood,3610 28th St Se,kentwood,3610-28th-st-se,https://locations.chipotle.com/mi/kentwood/3610-28th-st-se
MA,Cambridge,255 Main St,cambridge,255-main-st,https://locations.chipotle.com/ma/cambridge/255-main-st
MA,Brookline,876 Commonwealth Avenue,brookline,876-commonwealth-avenue,https://locations.chipotle.com/ma/brookline/876-commonwealth-avenue
MA,Brighton,1924 Beacon St,brighton,1924-beacon-st,https://locations.chipotle.com/ma/brighton/1924-beacon-st
MA,Boston,553 Boylston St,boston,553-boylston-st,https://locations.chipotle.com/ma/boston/553-boylston-st
MA,Boston,148 Brookline Ave,boston,148-brookline-ave,https://locations.chipotle.com/ma/boston/148-brookline-ave
MA,Boston,8 Park Plz,boston,8-park-plz,https://locations.chipotle.com/ma/boston/8-park-plz
MA,Newton,300 Needham St,newton,300-needham-st,https://locations.chipotle.com/ma/newton/300-needham-st
MA,Dorchester,27 District Ave,dorchester,27-district-ave,https://locations.chipotle.com/ma/dorchester/27-district-ave
MA,Boston,101 Summer St,boston,101-summer-st,https://locations.chipotle.com/ma/boston/101-summer-st
MA,Boston,51 Boston Wharf Rd,boston,51-boston-wharf-rd,https://locations.chipotle.com/ma/boston/51-boston-wharf-rd
MA,Cambridge,227 Alewife Brook Pkwy,cambridge,227-alewife-brook-pkwy,https://locations.chipotle.com/ma/cambridge/227-alewife-brook-pkwy
IL,Fairview Heights,6415 N Illinois St,fairview-heights,6415-n-illinois-st,https://locations.chipotle.com/il/fairview-heights/6415-n-illinois-st
MA,Quincy,60 Newport Ave,quincy,60-newport-ave,https://locations.chipotle.com/ma/quincy/60-newport-ave
MA,Boston,283 Washington St,boston,283-washington-st,https://locations.chipotle.com/ma/boston/283-washington-st
MA,Somerville,274 Elm St,somerville,274-elm-st,https://locations.chipotle.com/ma/somerville/274-elm-st
CA,San Diego,734 University Ave,san-diego,734-university-ave,https://locations.chipotle.com/ca/san-diego/734-university-ave
CA,San Diego,3680 Rosecrans St,san-diego,3680-rosecrans-st,https://locations.chipotle.com/ca/san-diego/3680-rosecrans-st
CA,Santee,9828 Mission Gorge Rd,santee,9828-mission-gorge-rd,https://locations.chipotle.com/ca/santee/9828-mission-gorge-rd
CA,San Diego,6083 El Cajon Blvd,san-diego,6083-el-cajon-blvd,https://locations.chipotle.com/ca/san-diego/6083-el-cajon-blvd
CA,National City,404 Mile Of Cars Way,national-city,404-mile-of-cars-way,https://locations.chipotle.com/ca/national-city/404-mile-of-cars-way
CA,Chula Vista,720 Otay Lakes Rd,chula-vista,720-otay-lakes-rd,https://locations.chipotle.com/ca/chula-vista/720-otay-lakes-rd
CA,Chula Vista,2290 Otay Lakes Rd,chula-vista,2290-otay-lakes-rd,https://locations.chipotle.com/ca/chula-vista/2290-otay-lakes-rd
CA,Imperial Beach,801 Palm Ave,imperial-beach,801-palm-ave,https://locations.chipotle.com/ca/imperial-beach/801-palm-ave
CA,Chula Vista,569 H St,chula-vista,569-h-st,https://locations.chipotle.com/ca/chula-vista/569-h-st
CA,San Diego,101 W Broadway,san-diego,101-w-broadway,https://locations.chipotle.com/ca/san-diego/101-w-broadway
CA,San Diego,1025 Camino De La Reina,san-diego,1025-camino-de-la-reina,https://locations.chipotle.com/ca/san-diego/1025-camino-de-la-reina
CA,La Mesa,8005 Fletcher Pkwy,la-mesa,8005-fletcher-pkwy,https://locations.chipotle.com/ca/la-mesa/8005-fletcher-pkwy
CA,El Cajon,225 Jamacha Rd,el-cajon,225-jamacha-rd,https://locations.chipotle.com/ca/el-cajon/225-jamacha-rd
AZ,Glendale,20004 N 67th Ave,glendale,20004-n-67th-ave,https://locations.chipotle.com/az/glendale/20004-n-67th-ave
AZ,Glendale,7700 W Arrowhead Towne Ctr,glendale,7700-w-arrowhead-towne-ctr,https://locations.chipotle.com/az/glendale/7700-w-arrowhead-towne-ctr
AZ,Peoria,9940 W Happy Valley Pkwy,peoria,9940-w-happy-valley-pkwy,https://locations.chipotle.com/az/peoria/9940-w-happy-valley-pkwy
AZ,Peoria,16680 N 83rd Ave,peoria,16680-n-83rd-ave,https://locations.chipotle.com/az/peoria/16680-n-83rd-ave
AZ,Goodyear,1560 N Litchfield Rd,goodyear,1560-n-litchfield-rd,https://locations.chipotle.com/az/goodyear/1560-n-litchfield-rd
AZ,Surprise,13869 W Bell Rd,surprise,13869-w-bell-rd,https://locations.chipotle.com/az/surprise/13869-w-bell-rd
AZ,Phoenix,3009 W Agua Fria Fwy,phoenix,3009-w-agua-fria-fwy,https://locations.chipotle.com/az/phoenix/3009-w-agua-fria-fwy
AZ,Phoenix,7427 W Thomas Rd,phoenix,7427-w-thomas-rd,https://locations.chipotle.com/az/phoenix/7427-w-thomas-rd
AZ,Buckeye,944 S Watson Rd,buckeye,944-s-watson-rd,https://locations.chipotle.com/az/buckeye/944-s-watson-rd
AZ,Phoenix,2470 W Happy Valley Rd,phoenix,2470-w-happy-valley-rd,https://locations.chipotle.com/az/phoenix/2470-w-happy-valley-rd
AZ,Avondale,9925 W Mcdowell Rd,avondale,9925-w-mcdowell-rd,https://locations.chipotle.com/az/avondale/9925-w-mcdowell-rd
AZ,Glendale,5849 W Northern Ave,glendale,5849-w-northern-ave,https://locations.chipotle.com/az/glendale/5849-w-northern-ave
CA,Pasadena,246 S Lake Ave,pasadena,246-s-lake-ave,https://locations.chipotle.com/ca/pasadena/246-s-lake-ave
CA,Alhambra,2121 W Main St,alhambra,2121-w-main-st,https://locations.chipotle.com/ca/alhambra/2121-w-main-st
CA,Temple City,5809 Rosemead Blvd,temple-city,5809-rosemead-blvd,https://locations.chipotle.com/ca/temple-city/5809-rosemead-blvd
CA,Rosemead,3616 Rosemead Blvd,rosemead,3616-rosemead-blvd,https://locations.chipotle.com/ca/rosemead/3616-rosemead-blvd
CA,West Covina,427 Plaza Dr,west-covina,427-plaza-dr,https://locations.chipotle.com/ca/west-covina/427-plaza-dr
CA,Baldwin Park,13916 Garvey Ave,baldwin-park,13916-garvey-ave,https://locations.chipotle.com/ca/baldwin-park/13916-garvey-ave
CA,Pasadena,3409 E Foothill Blvd,pasadena,3409-e-foothill-blvd,https://locations.chipotle.com/ca/pasadena/3409-e-foothill-blvd
CA,Monrovia,608 W Huntington Dr,monrovia,608-w-huntington-dr,https://locations.chipotle.com/ca/monrovia/608-w-huntington-dr
CA,Arcadia,400 S Baldwin Ave,arcadia,400-s-baldwin-ave,https://locations.chipotle.com/ca/arcadia/400-s-baldwin-ave
CA,City Of Industry,17501 Colima Rd,city-of-industry,17501-colima-rd,https://locations.chipotle.com/ca/city-of-industry/17501-colima-rd
CA,West Covina,143 N Barranca St,west-covina,143-n-barranca-st,https://locations.chipotle.com/ca/west-covina/143-n-barranca-st
CA,Azusa,860 E Alosta Ave,azusa,860-e-alosta-ave,https://locations.chipotle.com/ca/azusa/860-e-alosta-ave
IL,Wheaton,2119 W Roosevelt Rd,wheaton,2119-w-roosevelt-rd,https://locations.chipotle.com/il/wheaton/2119-w-roosevelt-rd
IL,Willowbrook,7173 S Kingery Hwy,willowbrook,7173-s-kingery-hwy,https://locations.chipotle.com/il/willowbrook/7173-s-kingery-hwy
IL,Glen Ellyn,695 Roosevelt Rd,glen-ellyn,695-roosevelt-rd,https://locations.chipotle.com/il/glen-ellyn/695-roosevelt-rd
IL,Aurora,2902 Kirk Rd,aurora,2902-kirk-rd,https://locations.chipotle.com/il/aurora/2902-kirk-rd
IL,Naperville,1516 N Naper Blvd,naperville,1516-n-naper-blvd,https://locations.chipotle.com/il/naperville/1516-n-naper-blvd
IL,Bloomingdale,170 E Lake St,bloomingdale,170-e-lake-st,https://locations.chipotle.com/il/bloomingdale/170-e-lake-st
IL,Oswego,2432 Us Highway 34,oswego,2432-us-highway-34,https://locations.chipotle.com/il/oswego/2432-us-highway-34
IL,Oak Brook,2103 Clearwater Dr,oak-brook,2103-clearwater-dr,https://locations.chipotle.com/il/oak-brook/2103-clearwater-dr
IL,Oakbrook Terrace,18w050 22nd St,oakbrook-terrace,18w050-22nd-st,https://locations.chipotle.com/il/oakbrook-terrace/18w050-22nd-st
IL,Downers Grove,1556 Butterfield Rd,downers-grove,1556-butterfield-rd,https://locations.chipotle.com/il/downers-grove/1556-butterfield-rd
IL,Elmhurst,353 S Il Route 83,elmhurst,353-s-il-route-83,https://locations.chipotle.com/il/elmhurst/353-s-il-route-83
IL,Addison,1078 N Rohlwing Rd,addison,1078-n-rohlwing-rd,https://locations.chipotle.com/il/addison/1078-n-rohlwing-rd
IL,Naperville,2856 S Route 59,naperville,2856-s-route-59,https://locations.chipotle.com/il/naperville/2856-s-route-59
IL,Naperville,22 E Chicago Ave,naperville,22-e-chicago-ave,https://locations.chipotle.com/il/naperville/22-e-chicago-ave
IL,Bolingbrook,750 Janes Ave,bolingbrook,750-janes-ave,https://locations.chipotle.com/il/bolingbrook/750-janes-ave
IL,Elmhurst,139 N York St,elmhurst,139-n-york-st,https://locations.chipotle.com/il/elmhurst/139-n-york-st
IL,Villa Park,298 W North Ave,villa-park,298-w-north-ave,https://locations.chipotle.com/il/villa-park/298-w-north-ave
IL,Warrenville,28251 Diehl Rd,warrenville,28251-diehl-rd,https://locations.chipotle.com/il/warrenville/28251-diehl-rd
IL,Aurora,848 N Route 59,aurora,848-n-route-59,https://locations.chipotle.com/il/aurora/848-n-route-59
IL,Aurora,1480 N Orchard Rd,aurora,1480-n-orchard-rd,https://locations.chipotle.com/il/aurora/1480-n-orchard-rd
IL,Westmont,300 E Ogden Ave,westmont,300-e-ogden-ave,https://locations.chipotle.com/il/westmont/300-e-ogden-ave
IL,Downers Grove,1203 Ogden Ave,downers-grove,1203-ogden-ave,https://locations.chipotle.com/il/downers-grove/1203-ogden-ave
NY,Riverhead,1501 Old Country Rd,riverhead,1501-old-country-rd,https://locations.chipotle.com/ny/riverhead/1501-old-country-rd
NY,Hauppauge,387 Smithtown Byp,hauppauge,387-smithtown-byp,https://locations.chipotle.com/ny/hauppauge/387-smithtown-byp
NY,Lake Grove,2093 Smith Haven Plz,lake-grove,2093-smith-haven-plz,https://locations.chipotle.com/ny/lake-grove/2093-smith-haven-plz
NY,Hauppauge,694 Motor Pkwy,hauppauge,694-motor-pkwy,https://locations.chipotle.com/ny/hauppauge/694-motor-pkwy
NY,Patchogue,367 N Service Rd,patchogue,367-n-service-rd,https://locations.chipotle.com/ny/patchogue/367-n-service-rd
NY,Port Jefferson Station,1064 Route 112,port-jefferson-station,1064-route-112,https://locations.chipotle.com/ny/port-jefferson-station/1064-route-112
NY,Huntington Station,435 Walt Whitman Rd,huntington-station,435-walt-whitman-rd,https://locations.chipotle.com/ny/huntington-station/435-walt-whitman-rd
NY,Commack,660 Commack Rd,commack,660-commack-rd,https://locations.chipotle.com/ny/commack/660-commack-rd
NY,Deer Park,1090 The Arches Cir,deer-park,1090-the-arches-cir,https://locations.chipotle.com/ny/deer-park/1090-the-arches-cir
NY,Farmingdale,901 Broadhollow Rd,farmingdale,901-broadhollow-rd,https://locations.chipotle.com/ny/farmingdale/901-broadhollow-rd
NY,Bay Shore,1675 Sunrise Hwy,bay-shore,1675-sunrise-hwy,https://locations.chipotle.com/ny/bay-shore/1675-sunrise-hwy
NY,Selden,261 Middle Country Rd,selden,261-middle-country-rd,https://locations.chipotle.com/ny/selden/261-middle-country-rd
MO,Ellisville,15836 Manchester Rd,ellisville,15836-manchester-rd,https://locations.chipotle.com/mo/ellisville/15836-manchester-rd
MO,O Fallon,112 Laura K Dr,o-fallon,112-laura-k-dr,https://locations.chipotle.com/mo/o-fallon/112-laura-k-dr
MO,Chesterfield,1676 Clarkson Rd,chesterfield,1676-clarkson-rd,https://locations.chipotle.com/mo/chesterfield/1676-clarkson-rd
NY,New York,1288 1st Ave,new-york,1288-1st-ave,https://locations.chipotle.com/ny/new-york/1288-1st-ave
NY,New York,200 Varick St,new-york,200-varick-st,https://locations.chipotle.com/ny/new-york/200-varick-st
NY,New York,601 8th Ave,new-york,601-8th-ave,https://locations.chipotle.com/ny/new-york/601-8th-ave
NY,New York,1 New York Plz,new-york,1-new-york-plz,https://locations.chipotle.com/ny/new-york/1-new-york-plz
CA,Redwood City,861 Middlefield Rd,redwood-city,861-middlefield-rd,https://locations.chipotle.com/ca/redwood-city/861-middlefield-rd
CA,Millbrae,135 S El Camino Real,millbrae,135-s-el-camino-real,https://locations.chipotle.com/ca/millbrae/135-s-el-camino-real
CA,Palo Alto,180 El Camino Real,palo-alto,180-el-camino-real,https://locations.chipotle.com/ca/palo-alto/180-el-camino-real
CA,Foster City,2019 Chess Dr,foster-city,2019-chess-dr,https://locations.chipotle.com/ca/foster-city/2019-chess-dr
CA,San Mateo,1050 Park Pl,san-mateo,1050-park-pl,https://locations.chipotle.com/ca/san-mateo/1050-park-pl
CA,Palo Alto,2675 El Camino Real,palo-alto,2675-el-camino-real,https://locations.chipotle.com/ca/palo-alto/2675-el-camino-real
CA,San Carlos,1135 Industrial Rd,san-carlos,1135-industrial-rd,https://locations.chipotle.com/ca/san-carlos/1135-industrial-rd
CA,Colma,990 Serramonte Blvd,colma,990-serramonte-blvd,https://locations.chipotle.com/ca/colma/990-serramonte-blvd
CA,Daly City,213 Westlake Ctr,daly-city,213-westlake-ctr,https://locations.chipotle.com/ca/daly-city/213-westlake-ctr
CA,Mountain View,1039 El Monte Ave,mountain-view,1039-el-monte-ave,https://locations.chipotle.com/ca/mountain-view/1039-el-monte-ave
CA,Mountain View,2400 Charleston Rd,mountain-view,2400-charleston-rd,https://locations.chipotle.com/ca/mountain-view/2400-charleston-rd
MN,Saint Paul,867 Grand Ave,saint-paul,867-grand-ave,https://locations.chipotle.com/mn/saint-paul/867-grand-ave
MN,Saint Paul,29 5th St W,saint-paul,29-5th-st-w,https://locations.chipotle.com/mn/saint-paul/29-5th-st-w
MN,Rosemount,3390 150th St W,rosemount,3390-150th-st-w,https://locations.chipotle.com/mn/rosemount/3390-150th-st-w
MN,Hastings,1769 N Frontage Rd,hastings,1769-n-frontage-rd,https://locations.chipotle.com/mn/hastings/1769-n-frontage-rd
MN,Oak Park Heights,13315 60th St N,oak-park-heights,13315-60th-st-n,https://locations.chipotle.com/mn/oak-park-heights/13315-60th-st-n
MN,Vadnais Heights,925 County Road E E,vadnais-heights,925-county-road-e-e,https://locations.chipotle.com/mn/vadnais-heights/925-county-road-e-e
MN,West St Paul,1857 Robert St S,west-st-paul,1857-robert-st-s,https://locations.chipotle.com/mn/west-st-paul/1857-robert-st-s
MN,Eagan,3324 Promenade Ave,eagan,3324-promenade-ave,https://locations.chipotle.com/mn/eagan/3324-promenade-ave
MN,Cottage Grove,7180 E Point Douglas Rd S,cottage-grove,7180-e-point-douglas-rd-s,https://locations.chipotle.com/mn/cottage-grove/7180-e-point-douglas-rd-s
MN,Eagan,2075 Cliff Road,eagan,2075-cliff-road,https://locations.chipotle.com/mn/eagan/2075-cliff-road
MN,Saint Paul,2082 Ford Pkwy,saint-paul,2082-ford-pkwy,https://locations.chipotle.com/mn/saint-paul/2082-ford-pkwy
MN,Woodbury,7455 Currell Blvd,woodbury,7455-currell-blvd,https://locations.chipotle.com/mn/woodbury/7455-currell-blvd
MN,Woodbury,9965 Hudson Pl,woodbury,9965-hudson-pl,https://locations.chipotle.com/mn/woodbury/9965-hudson-pl
MN,Maplewood,3095 White Bear Ave N,maplewood,3095-white-bear-ave-n,https://locations.chipotle.com/mn/maplewood/3095-white-bear-ave-n
MN,Maplewood,2303 White Bear Ave N,maplewood,2303-white-bear-ave-n,https://locations.chipotle.com/mn/maplewood/2303-white-bear-ave-n
MO,Warrensburg,728 N Maguire St,warrensburg,728-n-maguire-st,https://locations.chipotle.com/mo/warrensburg/728-n-maguire-st
CA,Valencia,28102 Newhall Ranch Rd,valencia,28102-newhall-ranch-rd,https://locations.chipotle.com/ca/valencia/28102-newhall-ranch-rd
CA,Palmdale,1125 W Rancho Vista Blvd,palmdale,1125-w-rancho-vista-blvd,https://locations.chipotle.com/ca/palmdale/1125-w-rancho-vista-blvd
CA,Valencia,24405 Town Center Dr,valencia,24405-town-center-dr,https://locations.chipotle.com/ca/valencia/24405-town-center-dr
CA,Santa Clarita,19085 Golden Valley Rd,santa-clarita,19085-golden-valley-rd,https://locations.chipotle.com/ca/santa-clarita/19085-golden-valley-rd
CA,Bakersfield,4950 Stockdale Hwy,bakersfield,4950-stockdale-hwy,https://locations.chipotle.com/ca/bakersfield/4950-stockdale-hwy
CA,Bakersfield,4580 Coffee Rd,bakersfield,4580-coffee-rd,https://locations.chipotle.com/ca/bakersfield/4580-coffee-rd
CA,Bakersfield,2701 Ming Ave,bakersfield,2701-ming-ave,https://locations.chipotle.com/ca/bakersfield/2701-ming-ave
CA,Bakersfield,10510 Stockdale Hwy,bakersfield,10510-stockdale-hwy,https://locations.chipotle.com/ca/bakersfield/10510-stockdale-hwy
CA,Bakersfield,5321 Gosford Rd,bakersfield,5321-gosford-rd,https://locations.chipotle.com/ca/bakersfield/5321-gosford-rd
CA,Lebec,5602 Dennis Mccarthy Dr,lebec,5602-dennis-mccarthy-dr,https://locations.chipotle.com/ca/lebec/5602-dennis-mccarthy-dr
CA,Bakersfield,2630 Mount Vernon Ave,bakersfield,2630-mount-vernon-ave,https://locations.chipotle.com/ca/bakersfield/2630-mount-vernon-ave
CA,Lancaster,855 W Avenue K,lancaster,855-w-avenue-k,https://locations.chipotle.com/ca/lancaster/855-w-avenue-k
MS,Oxford,2151 Jackson Ave W,oxford,2151-jackson-ave-w,https://locations.chipotle.com/ms/oxford/2151-jackson-ave-w
GA,Lawrenceville,4885 Sugarloaf Pkwy,lawrenceville,4885-sugarloaf-pkwy,https://locations.chipotle.com/ga/lawrenceville/4885-sugarloaf-pkwy
GA,Buford,3350 Buford Dr,buford,3350-buford-dr,https://locations.chipotle.com/ga/buford/3350-buford-dr
GA,Alpharetta,5250 Windward Pkwy,alpharetta,5250-windward-pkwy,https://locations.chipotle.com/ga/alpharetta/5250-windward-pkwy
GA,Kennesaw,954 Ernest W Barrett Pkwy Nw,kennesaw,954-ernest-w-barrett-pkwy-nw,https://locations.chipotle.com/ga/kennesaw/954-ernest-w-barrett-pkwy-nw
GA,Lawrenceville,860 Duluth Hwy,lawrenceville,860-duluth-hwy,https://locations.chipotle.com/ga/lawrenceville/860-duluth-hwy
GA,Duluth,2040 Pleasant Hill Rd,duluth,2040-pleasant-hill-rd,https://locations.chipotle.com/ga/duluth/2040-pleasant-hill-rd
GA,Alpharetta,10910 Haynes Bridge Rd,alpharetta,10910-haynes-bridge-rd,https://locations.chipotle.com/ga/alpharetta/10910-haynes-bridge-rd
WV,Charleston,2811 Mountaineer Blvd,charleston,2811-mountaineer-blvd,https://locations.chipotle.com/wv/charleston/2811-mountaineer-blvd
TX,Mansfield,1971 Highway 287 N,mansfield,1971-highway-287-n,https://locations.chipotle.com/tx/mansfield/1971-highway-287-n
ND,Fargo,1680 45th St S,fargo,1680-45th-st-s,https://locations.chipotle.com/nd/fargo/1680-45th-st-s
NV,Las Vegas,4916 S Fort Apache Rd,las-vegas,4916-s-fort-apache-rd,https://locations.chipotle.com/nv/las-vegas/4916-s-fort-apache-rd
NV,Las Vegas,7175 W Lake Mead Blvd,las-vegas,7175-w-lake-mead-blvd,https://locations.chipotle.com/nv/las-vegas/7175-w-lake-mead-blvd
NV,Las Vegas,9240 W Sahara Ave,las-vegas,9240-w-sahara-ave,https://locations.chipotle.com/nv/las-vegas/9240-w-sahara-ave
NV,Las Vegas,2540 S Decatur Blvd,las-vegas,2540-s-decatur-blvd,https://locations.chipotle.com/nv/las-vegas/2540-s-decatur-blvd
NV,Las Vegas,7340 Arroyo Crossing Pkwy,las-vegas,7340-arroyo-crossing-pkwy,https://locations.chipotle.com/nv/las-vegas/7340-arroyo-crossing-pkwy
NV,Las Vegas,7370 Las Vegas Blvd S,las-vegas,7370-las-vegas-blvd-s,https://locations.chipotle.com/nv/las-vegas/7370-las-vegas-blvd-s
NV,Henderson,10251 S Eastern Ave,henderson,10251-s-eastern-ave,https://locations.chipotle.com/nv/henderson/10251-s-eastern-ave
NV,Las Vegas,365 Hughes Center Dr,las-vegas,365-hughes-center-dr,https://locations.chipotle.com/nv/las-vegas/365-hughes-center-dr
NV,Las Vegas,3200 Las Vegas Blvd S,las-vegas,3200-las-vegas-blvd-s,https://locations.chipotle.com/nv/las-vegas/3200-las-vegas-blvd-s
NV,Las Vegas,3815 Blue Diamond Rd,las-vegas,3815-blue-diamond-rd,https://locations.chipotle.com/nv/las-vegas/3815-blue-diamond-rd
NV,Las Vegas,6211 N Decatur Blvd,las-vegas,6211-n-decatur-blvd,https://locations.chipotle.com/nv/las-vegas/6211-n-decatur-blvd
NV,Las Vegas,4530 S Maryland Pkwy,las-vegas,4530-s-maryland-pkwy,https://locations.chipotle.com/nv/las-vegas/4530-s-maryland-pkwy
NV,Henderson,1311 W Sunset Rd,henderson,1311-w-sunset-rd,https://locations.chipotle.com/nv/henderson/1311-w-sunset-rd
NV,Las Vegas,111 N Nellis Blvd,las-vegas,111-n-nellis-blvd,https://locations.chipotle.com/nv/las-vegas/111-n-nellis-blvd
NV,North Las Vegas,2546 E Craig Rd,north-las-vegas,2546-e-craig-rd,https://locations.chipotle.com/nv/north-las-vegas/2546-e-craig-rd
NV,North Las Vegas,2023 E Lake Mead Blvd,north-las-vegas,2023-e-lake-mead-blvd,https://locations.chipotle.com/nv/north-las-vegas/2023-e-lake-mead-blvd
NV,Las Vegas,7170 N Durango Dr,las-vegas,7170-n-durango-dr,https://locations.chipotle.com/nv/las-vegas/7170-n-durango-dr
NV,Las Vegas,3377 Las Vegas Blvd S,las-vegas,3377-las-vegas-blvd-s,https://locations.chipotle.com/nv/las-vegas/3377-las-vegas-blvd-s
NV,Las Vegas,3663 Las Vegas Blvd,las-vegas,3663-las-vegas-blvd,https://locations.chipotle.com/nv/las-vegas/3663-las-vegas-blvd
NV,Las Vegas,3475 Las Vegas Blvd S,las-vegas,3475-las-vegas-blvd-s,https://locations.chipotle.com/nv/las-vegas/3475-las-vegas-blvd-s
VA,Fairfax,11939 Grand Commons Ave,fairfax,11939-grand-commons-ave,https://locations.chipotle.com/va/fairfax/11939-grand-commons-ave
NV,Las Vegas,5715 S Eastern Ave,las-vegas,5715-s-eastern-ave,https://locations.chipotle.com/nv/las-vegas/5715-s-eastern-ave
VA,Fairfax,13042 Fair Lakes Shopping Ctr,fairfax,13042-fair-lakes-shopping-ctr,https://locations.chipotle.com/va/fairfax/13042-fair-lakes-shopping-ctr
VA,Oakton,2946 Chain Bridge Rd,oakton,2946-chain-bridge-rd,https://locations.chipotle.com/va/oakton/2946-chain-bridge-rd
VA,Arlington,4300 Wilson Blvd,arlington,4300-wilson-blvd,https://locations.chipotle.com/va/arlington/4300-wilson-blvd
VA,Burke,5747 Burke Centre Pkwy,burke,5747-burke-centre-pkwy,https://locations.chipotle.com/va/burke/5747-burke-centre-pkwy
VA,Vienna,213 Maple Ave E,vienna,213-maple-ave-e,https://locations.chipotle.com/va/vienna/213-maple-ave-e
VA,Bristow,10303 Bristow Center Dr,bristow,10303-bristow-center-dr,https://locations.chipotle.com/va/bristow/10303-bristow-center-dr
VA,Fairfax,4477 Aquia Creek Lane,fairfax,4477-aquia-creek-lane,https://locations.chipotle.com/va/fairfax/4477-aquia-creek-lane
VA,Chantilly,14383 Newbrook Dr,chantilly,14383-newbrook-dr,https://locations.chipotle.com/va/chantilly/14383-newbrook-dr
VA,Vienna,8461 Leesburg Pike,vienna,8461-leesburg-pike,https://locations.chipotle.com/va/vienna/8461-leesburg-pike
VA,Rosslyn,1735 N Lynn St,rosslyn,1735-n-lynn-st,https://locations.chipotle.com/va/rosslyn/1735-n-lynn-st
VA,Lorton,9447 Lorton Market St,lorton,9447-lorton-market-st,https://locations.chipotle.com/va/lorton/9447-lorton-market-st
VA,Manassas,7311 Sudley Rd,manassas,7311-sudley-rd,https://locations.chipotle.com/va/manassas/7311-sudley-rd
VA,Alexandria,4531 Duke St,alexandria,4531-duke-st,https://locations.chipotle.com/va/alexandria/4531-duke-st
VA,Falls Church,3556b S Jefferson St,falls-church,3556b-s-jefferson-st,https://locations.chipotle.com/va/falls-church/3556b-s-jefferson-st
VA,Reston,11160 S Lakes Dr,reston,11160-s-lakes-dr,https://locations.chipotle.com/va/reston/11160-s-lakes-dr
VA,Arlington,1100 S Hayes St,arlington,1100-s-hayes-st,https://locations.chipotle.com/va/arlington/1100-s-hayes-st
VA,Sterling,21031 Tripleseven Rd,sterling,21031-tripleseven-rd,https://locations.chipotle.com/va/sterling/21031-tripleseven-rd
VA,Fairfax,9506 Main St,fairfax,9506-main-st,https://locations.chipotle.com/va/fairfax/9506-main-st
VA,Reston,12152 Sunset Hills Rd,reston,12152-sunset-hills-rd,https://locations.chipotle.com/va/reston/12152-sunset-hills-rd
VA,Herndon,1144 Elden St,herndon,1144-elden-st,https://locations.chipotle.com/va/herndon/1144-elden-st
VA,Herndon,13354 Franklin Farm Rd,herndon,13354-franklin-farm-rd,https://locations.chipotle.com/va/herndon/13354-franklin-farm-rd
VA,Reston,11913 Freedom Dr,reston,11913-freedom-dr,https://locations.chipotle.com/va/reston/11913-freedom-dr
VA,Springfield,8066 Rolling Rd,springfield,8066-rolling-rd,https://locations.chipotle.com/va/springfield/8066-rolling-rd
VA,Woodbridge,1926 Daniel Stuart Square,woodbridge,1926-daniel-stuart-square,https://locations.chipotle.com/va/woodbridge/1926-daniel-stuart-square
VA,Manassas,9511 Liberia Ave,manassas,9511-liberia-ave,https://locations.chipotle.com/va/manassas/9511-liberia-ave
VA,Woodbridge,2457 Prince William Pkwy,woodbridge,2457-prince-william-pkwy,https://locations.chipotle.com/va/woodbridge/2457-prince-william-pkwy
VA,Arlington,4520 Cherry Hill Rd,arlington,4520-cherry-hill-rd,https://locations.chipotle.com/va/arlington/4520-cherry-hill-rd
VA,Sterling,47010 Community Plz,sterling,47010-community-plz,https://locations.chipotle.com/va/sterling/47010-community-plz
VA,Falls Church,6299 Seven Corners Ctr,falls-church,6299-seven-corners-ctr,https://locations.chipotle.com/va/falls-church/6299-seven-corners-ctr
VA,Falls Church,358 W Broad St,falls-church,358-w-broad-st,https://locations.chipotle.com/va/falls-church/358-w-broad-st
VA,Alexandria,601 King St,alexandria,601-king-st,https://locations.chipotle.com/va/alexandria/601-king-st
VA,Woodbridge,4269 Merchant Plz,woodbridge,4269-merchant-plz,https://locations.chipotle.com/va/woodbridge/4269-merchant-plz
VA,Alexandria,3425 Richmond Hwy,alexandria,3425-richmond-hwy,https://locations.chipotle.com/va/alexandria/3425-richmond-hwy
VA,Springfield,7108 Old Keene Mill Rd,springfield,7108-old-keene-mill-rd,https://locations.chipotle.com/va/springfield/7108-old-keene-mill-rd
VA,Alexandria,6770 Richmond Hwy,alexandria,6770-richmond-hwy,https://locations.chipotle.com/va/alexandria/6770-richmond-hwy
VA,Springfield,6500 Springfield Mall,springfield,6500-springfield-mall,https://locations.chipotle.com/va/springfield/6500-springfield-mall
VA,Ashburn,43660 Yukon Dr,ashburn,43660-yukon-dr,https://locations.chipotle.com/va/ashburn/43660-yukon-dr
VA,Ashburn,19825 Belmont Chase Dr,ashburn,19825-belmont-chase-dr,https://locations.chipotle.com/va/ashburn/19825-belmont-chase-dr
VA,Arlington,1002 S Glebe Rd,arlington,1002-s-glebe-rd,https://locations.chipotle.com/va/arlington/1002-s-glebe-rd
VA,Alexandria,6242 Little River Tpke,alexandria,6242-little-river-tpke,https://locations.chipotle.com/va/alexandria/6242-little-river-tpke
VA,Leesburg,1001 Edwards Ferry Rd Ne,leesburg,1001-edwards-ferry-rd-ne,https://locations.chipotle.com/va/leesburg/1001-edwards-ferry-rd-ne
VA,Centreville,6317 Multiplex Dr,centreville,6317-multiplex-dr,https://locations.chipotle.com/va/centreville/6317-multiplex-dr
VA,West Springfield,6230 Rolling Rd,west-springfield,6230-rolling-rd,https://locations.chipotle.com/va/west-springfield/6230-rolling-rd
VA,Mclean,7923 L Tysons Corner Center,mclean,7923-l-tysons-corner-center,https://locations.chipotle.com/va/mclean/7923-l-tysons-corner-center
VA,Arlington,2231 Crystal Dr,arlington,2231-crystal-dr,https://locations.chipotle.com/va/arlington/2231-crystal-dr
VA,Alexandria,5955 Kingstowne Towne Ctr,alexandria,5955-kingstowne-towne-ctr,https://locations.chipotle.com/va/alexandria/5955-kingstowne-towne-ctr
VA,Fairfax,11062 Main St,fairfax,11062-main-st,https://locations.chipotle.com/va/fairfax/11062-main-st
VA,Chantilly,14416 Chantilly Crossing Ln,chantilly,14416-chantilly-crossing-ln,https://locations.chipotle.com/va/chantilly/14416-chantilly-crossing-ln
NC,Monroe,2335 W Roosevelt Blvd,monroe,2335-w-roosevelt-blvd,https://locations.chipotle.com/nc/monroe/2335-w-roosevelt-blvd
NC,Charlotte,2109 South Blvd,charlotte,2109-south-blvd,https://locations.chipotle.com/nc/charlotte/2109-south-blvd
NC,Charlotte,2921 Providence Rd,charlotte,2921-providence-rd,https://locations.chipotle.com/nc/charlotte/2921-providence-rd
NC,Charlotte,6925 University City Blvd,charlotte,6925-university-city-blvd,https://locations.chipotle.com/nc/charlotte/6925-university-city-blvd
NC,Charlotte,4400 Sharon Rd,charlotte,4400-sharon-rd,https://locations.chipotle.com/nc/charlotte/4400-sharon-rd
NC,Charlotte,7800 Rea Rd,charlotte,7800-rea-rd,https://locations.chipotle.com/nc/charlotte/7800-rea-rd
NC,Pineville,11025 Carolina Pl Pkwy,pineville,11025-carolina-pl-pkwy,https://locations.chipotle.com/nc/pineville/11025-carolina-pl-pkwy
NC,Charlotte,7724 Pineville Matthews Rd,charlotte,7724-pineville-matthews-rd,https://locations.chipotle.com/nc/charlotte/7724-pineville-matthews-rd
NC,Charlotte,9335 N Tryon St,charlotte,9335-n-tryon-st,https://locations.chipotle.com/nc/charlotte/9335-n-tryon-st
NC,Charlotte,3320 Potomac River Pkwy,charlotte,3320-potomac-river-pkwy,https://locations.chipotle.com/nc/charlotte/3320-potomac-river-pkwy
NC,Charlotte,2312 Whitehall Park Dr,charlotte,2312-whitehall-park-dr,https://locations.chipotle.com/nc/charlotte/2312-whitehall-park-dr
NC,Charlotte,9821 Northlake Centre Pkwy,charlotte,9821-northlake-centre-pkwy,https://locations.chipotle.com/nc/charlotte/9821-northlake-centre-pkwy
NC,Charlotte,239 S Kings Dr,charlotte,239-s-kings-dr,https://locations.chipotle.com/nc/charlotte/239-s-kings-dr
NC,Salisbury,1527 E Innes St,salisbury,1527-e-innes-st,https://locations.chipotle.com/nc/salisbury/1527-e-innes-st
NC,Huntersville,8830 Lindholm Dr,huntersville,8830-lindholm-dr,https://locations.chipotle.com/nc/huntersville/8830-lindholm-dr
NC,Mooresville,643 River Hwy,mooresville,643-river-hwy,https://locations.chipotle.com/nc/mooresville/643-river-hwy
NC,Concord,1463 Concord Pkwy N,concord,1463-concord-pkwy-n,https://locations.chipotle.com/nc/concord/1463-concord-pkwy-n
NC,Matthews,1909 Matthews Township Pkwy,matthews,1909-matthews-township-pkwy,https://locations.chipotle.com/nc/matthews/1909-matthews-township-pkwy
NC,Charlotte,11619 Waverly Center Dr,charlotte,11619-waverly-center-dr,https://locations.chipotle.com/nc/charlotte/11619-waverly-center-dr
NC,Gastonia,2501 E Franklin Blvd,gastonia,2501-e-franklin-blvd,https://locations.chipotle.com/nc/gastonia/2501-e-franklin-blvd
NC,Concord,8509 Concord Mills Blvd,concord,8509-concord-mills-blvd,https://locations.chipotle.com/nc/concord/8509-concord-mills-blvd
GA,Columbus,5295 Whittlesey Blvd,columbus,5295-whittlesey-blvd,https://locations.chipotle.com/ga/columbus/5295-whittlesey-blvd
GA,Athens,165 Alps Rd,athens,165-alps-rd,https://locations.chipotle.com/ga/athens/165-alps-rd
GA,Columbus,3201 Macon Rd,columbus,3201-macon-rd,https://locations.chipotle.com/ga/columbus/3201-macon-rd
GA,Augusta,229 Robert C Daniel Jr Pkwy,augusta,229-robert-c-daniel-jr-pkwy,https://locations.chipotle.com/ga/augusta/229-robert-c-daniel-jr-pkwy
CA,Napa,304 Soscol Ave,napa,304-soscol-ave,https://locations.chipotle.com/ca/napa/304-soscol-ave
CA,Napa,1715 Trancas St,napa,1715-trancas-st,https://locations.chipotle.com/ca/napa/1715-trancas-st
CA,Fairfield,1586 Gateway Blvd,fairfield,1586-gateway-blvd,https://locations.chipotle.com/ca/fairfield/1586-gateway-blvd
CA,Vacaville,1620 E Monte Vista Ave,vacaville,1620-e-monte-vista-ave,https://locations.chipotle.com/ca/vacaville/1620-e-monte-vista-ave
CA,Santa Rosa,2182 Santa Rosa Ave,santa-rosa,2182-santa-rosa-ave,https://locations.chipotle.com/ca/santa-rosa/2182-santa-rosa-ave
CA,Vallejo,1195 Admiral Callaghan Ln,vallejo,1195-admiral-callaghan-ln,https://locations.chipotle.com/ca/vallejo/1195-admiral-callaghan-ln
CA,Santa Rosa,336a Coddingtown Ctr,santa-rosa,336a-coddingtown-ctr,https://locations.chipotle.com/ca/santa-rosa/336a-coddingtown-ctr
CA,Ukiah,596 E Perkins St,ukiah,596-e-perkins-st,https://locations.chipotle.com/ca/ukiah/596-e-perkins-st
CA,Rohnert Park,6325 Commerce Blvd,rohnert-park,6325-commerce-blvd,https://locations.chipotle.com/ca/rohnert-park/6325-commerce-blvd
CA,Petaluma,401 Kenilworth Dr,petaluma,401-kenilworth-dr,https://locations.chipotle.com/ca/petaluma/401-kenilworth-dr
IL,Matteson,4815 211th St,matteson,4815-211th-st,https://locations.chipotle.com/il/matteson/4815-211th-st
IL,Homer Glen,14116 S Bell Rd,homer-glen,14116-s-bell-rd,https://locations.chipotle.com/il/homer-glen/14116-s-bell-rd
IL,South Holland,559 E 162nd St,south-holland,559-e-162nd-st,https://locations.chipotle.com/il/south-holland/559-e-162nd-st
IL,Crestwood,13340 Cicero Ave,crestwood,13340-cicero-ave,https://locations.chipotle.com/il/crestwood/13340-cicero-ave
IL,Oak Lawn,11018 S Cicero Ave,oak-lawn,11018-s-cicero-ave,https://locations.chipotle.com/il/oak-lawn/11018-s-cicero-ave
IL,Tinley Park,15980 Harlem Ave,tinley-park,15980-harlem-ave,https://locations.chipotle.com/il/tinley-park/15980-harlem-ave
IL,Norridge,4234 N Harlem Ave,norridge,4234-n-harlem-ave,https://locations.chipotle.com/il/norridge/4234-n-harlem-ave
IL,Berwyn,7140 Cermak Rd,berwyn,7140-cermak-rd,https://locations.chipotle.com/il/berwyn/7140-cermak-rd
IL,La Grange,40 N La Grange Rd,la-grange,40-n-la-grange-rd,https://locations.chipotle.com/il/la-grange/40-n-la-grange-rd
IL,Bridgeview,8813 S Harlem Ave,bridgeview,8813-s-harlem-ave,https://locations.chipotle.com/il/bridgeview/8813-s-harlem-ave
IL,Oak Lawn,6230 W 95th St,oak-lawn,6230-w-95th-st,https://locations.chipotle.com/il/oak-lawn/6230-w-95th-st
IL,Countryside,5801 S La Grange Rd,countryside,5801-s-la-grange-rd,https://locations.chipotle.com/il/countryside/5801-s-la-grange-rd
IL,Cicero,2201 S Cicero Ave,cicero,2201-s-cicero-ave,https://locations.chipotle.com/il/cicero/2201-s-cicero-ave
IL,Homewood,17700 Halsted St,homewood,17700-halsted-st,https://locations.chipotle.com/il/homewood/17700-halsted-st
IL,Mokena,19130 S La Grange Rd,mokena,19130-s-la-grange-rd,https://locations.chipotle.com/il/mokena/19130-s-la-grange-rd
IA,Sioux City,5001 Sergeant Rd,sioux-city,5001-sergeant-rd,https://locations.chipotle.com/ia/sioux-city/5001-sergeant-rd
TX,Houston,909 Texas St,houston,909-texas-st,https://locations.chipotle.com/tx/houston/909-texas-st
TX,Pearland,10645 Broadway St,pearland,10645-broadway-st,https://locations.chipotle.com/tx/pearland/10645-broadway-st
TX,Houston,5015 Westheimer Rd,houston,5015-westheimer-rd,https://locations.chipotle.com/tx/houston/5015-westheimer-rd
TX,Houston,303 Memorial City,houston,303-memorial-city,https://locations.chipotle.com/tx/houston/303-memorial-city
TX,Houston,2625 Lousiana St,houston,2625-lousiana-st,https://locations.chipotle.com/tx/houston/2625-lousiana-st
TX,Houston,13630 East Fwy,houston,13630-east-fwy,https://locations.chipotle.com/tx/houston/13630-east-fwy
TX,Houston,3819 Richmond Ave,houston,3819-richmond-ave,https://locations.chipotle.com/tx/houston/3819-richmond-ave
TX,Houston,8505 Main St,houston,8505-main-st,https://locations.chipotle.com/tx/houston/8505-main-st
TX,Houston,5600 Kirby Dr,houston,5600-kirby-dr,https://locations.chipotle.com/tx/houston/5600-kirby-dr
TX,Houston,11150 Northwest Fwy,houston,11150-northwest-fwy,https://locations.chipotle.com/tx/houston/11150-northwest-fwy
TX,Houston,7457 Southwest Fwy,houston,7457-southwest-fwy,https://locations.chipotle.com/tx/houston/7457-southwest-fwy
TX,Houston,6600 Fannin St,houston,6600-fannin-st,https://locations.chipotle.com/tx/houston/6600-fannin-st
TX,Houston,207 Heights Blvd,houston,207-heights-blvd,https://locations.chipotle.com/tx/houston/207-heights-blvd
TX,Houston,12888 Queensbury Ln,houston,12888-queensbury-ln,https://locations.chipotle.com/tx/houston/12888-queensbury-ln
TX,Pasadena,3635 Spencer Hwy,pasadena,3635-spencer-hwy,https://locations.chipotle.com/tx/pasadena/3635-spencer-hwy
TX,Houston,1249 North Loop W,houston,1249-north-loop-w,https://locations.chipotle.com/tx/houston/1249-north-loop-w
TX,Houston,5176 Richmond Ave,houston,5176-richmond-ave,https://locations.chipotle.com/tx/houston/5176-richmond-ave
TX,Houston,8401 Westheimer Rd,houston,8401-westheimer-rd,https://locations.chipotle.com/tx/houston/8401-westheimer-rd
TX,Houston,13768 Northwest Fwy,houston,13768-northwest-fwy,https://locations.chipotle.com/tx/houston/13768-northwest-fwy
CA,Tustin,15040 Kensington Park Dr,tustin,15040-kensington-park-dr,https://locations.chipotle.com/ca/tustin/15040-kensington-park-dr
CA,Anaheim,8182 E Santa Ana Canyon Rd,anaheim,8182-e-santa-ana-canyon-rd,https://locations.chipotle.com/ca/anaheim/8182-e-santa-ana-canyon-rd
CA,Orange,2202 N Tustin St,orange,2202-n-tustin-st,https://locations.chipotle.com/ca/orange/2202-n-tustin-st
CA,Fountain Valley,17150 Brookhurst St,fountain-valley,17150-brookhurst-st,https://locations.chipotle.com/ca/fountain-valley/17150-brookhurst-st
CA,Anaheim,927 S Euclid St,anaheim,927-s-euclid-st,https://locations.chipotle.com/ca/anaheim/927-s-euclid-st
CA,Fullerton,501 N State College Blvd,fullerton,501-n-state-college-blvd,https://locations.chipotle.com/ca/fullerton/501-n-state-college-blvd
CA,La Habra,1202 S Idaho St,la-habra,1202-s-idaho-st,https://locations.chipotle.com/ca/la-habra/1202-s-idaho-st
CA,Cypress,6859 Katella Ave,cypress,6859-katella-ave,https://locations.chipotle.com/ca/cypress/6859-katella-ave
CA,Garden Grove,9737 Chapman Ave,garden-grove,9737-chapman-ave,https://locations.chipotle.com/ca/garden-grove/9737-chapman-ave
CA,Orange,3440 E Chapman Ave,orange,3440-e-chapman-ave,https://locations.chipotle.com/ca/orange/3440-e-chapman-ave
CA,Fullerton,101 E Orangethorpe Ave,fullerton,101-e-orangethorpe-ave,https://locations.chipotle.com/ca/fullerton/101-e-orangethorpe-ave
CA,Santa Ana,2773 N Main St,santa-ana,2773-n-main-st,https://locations.chipotle.com/ca/santa-ana/2773-n-main-st
CA,Santa Ana,1313 W 17th St,santa-ana,1313-w-17th-st,https://locations.chipotle.com/ca/santa-ana/1313-w-17th-st
CA,Tustin,13348 Newport Ave,tustin,13348-newport-ave,https://locations.chipotle.com/ca/tustin/13348-newport-ave
CA,Brea,1065 Brea Mall,brea,1065-brea-mall,https://locations.chipotle.com/ca/brea/1065-brea-mall
CA,Anaheim,5631 E La Palma Ave,anaheim,5631-e-la-palma-ave,https://locations.chipotle.com/ca/anaheim/5631-e-la-palma-ave
CA,Buena Park,5976 Orangethorpe Ave,buena-park,5976-orangethorpe-ave,https://locations.chipotle.com/ca/buena-park/5976-orangethorpe-ave
CA,Santa Ana,3705 S Bristol St,santa-ana,3705-s-bristol-st,https://locations.chipotle.com/ca/santa-ana/3705-s-bristol-st
CA,Huntington Beach,16241 Beach Blvd,huntington-beach,16241-beach-blvd,https://locations.chipotle.com/ca/huntington-beach/16241-beach-blvd
CA,Santa Ana,629 S Harbor Blvd,santa-ana,629-s-harbor-blvd,https://locations.chipotle.com/ca/santa-ana/629-s-harbor-blvd
CA,Westminster,6777 Westminster Blvd,westminster,6777-westminster-blvd,https://locations.chipotle.com/ca/westminster/6777-westminster-blvd
CA,Huntington Beach,7101 Yorktown Ave,huntington-beach,7101-yorktown-ave,https://locations.chipotle.com/ca/huntington-beach/7101-yorktown-ave
CA,Fountain Valley,18951 Brookhurst St,fountain-valley,18951-brookhurst-st,https://locations.chipotle.com/ca/fountain-valley/18951-brookhurst-st
CA,Brea,477 S Associated Rd,brea,477-s-associated-rd,https://locations.chipotle.com/ca/brea/477-s-associated-rd
CA,Anaheim,2002 E Lincoln Ave,anaheim,2002-e-lincoln-ave,https://locations.chipotle.com/ca/anaheim/2002-e-lincoln-ave
WI,Hudson,1021 Pearson Dr,hudson,1021-pearson-dr,https://locations.chipotle.com/wi/hudson/1021-pearson-dr
WI,Eau Claire,4738 Golf Rd,eau-claire,4738-golf-rd,https://locations.chipotle.com/wi/eau-claire/4738-golf-rd
NY,Niagara Falls,1785 Military Rd,niagara-falls,1785-military-rd,https://locations.chipotle.com/ny/niagara-falls/1785-military-rd
NY,Williamsville,8020 Transit Rd,williamsville,8020-transit-rd,https://locations.chipotle.com/ny/williamsville/8020-transit-rd
NY,Buffalo,4405 Milestrip Rd,buffalo,4405-milestrip-rd,https://locations.chipotle.com/ny/buffalo/4405-milestrip-rd
NY,Amherst,1643 Niagara Falls Blvd,amherst,1643-niagara-falls-blvd,https://locations.chipotle.com/ny/amherst/1643-niagara-falls-blvd
NY,Tonawanda,1759 Sheridan Dr,tonawanda,1759-sheridan-dr,https://locations.chipotle.com/ny/tonawanda/1759-sheridan-dr
NY,Cheektowaga,1717 Walden Ave,cheektowaga,1717-walden-ave,https://locations.chipotle.com/ny/cheektowaga/1717-walden-ave
PA,Shrewsbury,98 Sofia Dr,shrewsbury,98-sofia-dr,https://locations.chipotle.com/pa/shrewsbury/98-sofia-dr
PA,Carlisle,40 Noble Blvd,carlisle,40-noble-blvd,https://locations.chipotle.com/pa/carlisle/40-noble-blvd
PA,Hershey,210 W Chocolate Ave,hershey,210-w-chocolate-ave,https://locations.chipotle.com/pa/hershey/210-w-chocolate-ave
PA,Lancaster,130 Rohrerstown Rd,lancaster,130-rohrerstown-rd,https://locations.chipotle.com/pa/lancaster/130-rohrerstown-rd
PA,Lebanon,1451 Quentin Rd,lebanon,1451-quentin-rd,https://locations.chipotle.com/pa/lebanon/1451-quentin-rd
PA,Harrisburg,5106 Jonestown Rd,harrisburg,5106-jonestown-rd,https://locations.chipotle.com/pa/harrisburg/5106-jonestown-rd
PA,Chambersburg,975 Norland Ave,chambersburg,975-norland-ave,https://locations.chipotle.com/pa/chambersburg/975-norland-ave
PA,Harrisburg,3531 Union Deposit Rd,harrisburg,3531-union-deposit-rd,https://locations.chipotle.com/pa/harrisburg/3531-union-deposit-rd
PA,Lancaster,2081 Fruitville Pike,lancaster,2081-fruitville-pike,https://locations.chipotle.com/pa/lancaster/2081-fruitville-pike
PA,Camp Hill,3216 Trindle Rd,camp-hill,3216-trindle-rd,https://locations.chipotle.com/pa/camp-hill/3216-trindle-rd
PA,Hanover,32 Wilson Ave,hanover,32-wilson-ave,https://locations.chipotle.com/pa/hanover/32-wilson-ave
PA,Mechanicsburg,6455 Carlisle Pike,mechanicsburg,6455-carlisle-pike,https://locations.chipotle.com/pa/mechanicsburg/6455-carlisle-pike
PA,York,1923 Springwood Rd,york,1923-springwood-rd,https://locations.chipotle.com/pa/york/1923-springwood-rd
PA,York,2801 Concord Rd,york,2801-concord-rd,https://locations.chipotle.com/pa/york/2801-concord-rd
PA,York,890 Loucks Rd,york,890-loucks-rd,https://locations.chipotle.com/pa/york/890-loucks-rd
NY,Brooklyn,130 N 4th St,brooklyn,130-n-4th-st,https://locations.chipotle.com/ny/brooklyn/130-n-4th-st
NY,Queens,25465 Nassau Blvd,queens,25465-nassau-blvd,https://locations.chipotle.com/ny/queens/25465-nassau-blvd
NY,Bronx,4760 3rd Ave,bronx,4760-3rd-ave,https://locations.chipotle.com/ny/bronx/4760-3rd-ave
NY,Brooklyn,347 Flatbush Ave,brooklyn,347-flatbush-ave,https://locations.chipotle.com/ny/brooklyn/347-flatbush-ave
NY,Brooklyn,185 Montague St,brooklyn,185-montague-st,https://locations.chipotle.com/ny/brooklyn/185-montague-st
NY,Brooklyn,2179 Ralph Ave,brooklyn,2179-ralph-ave,https://locations.chipotle.com/ny/brooklyn/2179-ralph-ave
NY,Forest Hills,7030 Austin St,forest-hills,7030-austin-st,https://locations.chipotle.com/ny/forest-hills/7030-austin-st
NY,Brooklyn,2940 Cropsey Ave,brooklyn,2940-cropsey-ave,https://locations.chipotle.com/ny/brooklyn/2940-cropsey-ave
NY,Elmhurst,9015 Queens Blvd,elmhurst,9015-queens-blvd,https://locations.chipotle.com/ny/elmhurst/9015-queens-blvd
NY,Rego Park,6135 Junction Blvd,rego-park,6135-junction-blvd,https://locations.chipotle.com/ny/rego-park/6135-junction-blvd
NY,New Hyde Park,2335 New Hyde Park Rd,new-hyde-park,2335-new-hyde-park-rd,https://locations.chipotle.com/ny/new-hyde-park/2335-new-hyde-park-rd
NY,Brooklyn,1325 Kings Hwy,brooklyn,1325-kings-hwy,https://locations.chipotle.com/ny/brooklyn/1325-kings-hwy
NY,Jackson Heights,8710 Northern Blvd,jackson-heights,8710-northern-blvd,https://locations.chipotle.com/ny/jackson-heights/8710-northern-blvd
NY,Jamaica,16002 Jamaica Ave,jamaica,16002-jamaica-ave,https://locations.chipotle.com/ny/jamaica/16002-jamaica-ave
NY,Bronx,260 E 161st St,bronx,260-e-161st-st,https://locations.chipotle.com/ny/bronx/260-e-161st-st
NY,Bronx,193 W 237th St,bronx,193-w-237th-st,https://locations.chipotle.com/ny/bronx/193-w-237th-st
NY,Brooklyn,2166 Nostrand Ave,brooklyn,2166-nostrand-ave,https://locations.chipotle.com/ny/brooklyn/2166-nostrand-ave
NY,Brooklyn,1 Metrotech Center,brooklyn,1-metrotech-center,https://locations.chipotle.com/ny/brooklyn/1-metrotech-center
NY,Howard Beach,16010 Crossbay Blvd,howard-beach,16010-crossbay-blvd,https://locations.chipotle.com/ny/howard-beach/16010-crossbay-blvd
NY,Long Island City,26 16 Jackson Avenue,long-island-city,26-16-jackson-avenue,https://locations.chipotle.com/ny/long-island-city/26-16-jackson-avenue
NY,Bronx,815 Hutchinson River Pkwy,bronx,815-hutchinson-river-pkwy,https://locations.chipotle.com/ny/bronx/815-hutchinson-river-pkwy
NY,Brooklyn,463 86th St,brooklyn,463-86th-st,https://locations.chipotle.com/ny/brooklyn/463-86th-st
NY,Brooklyn,394 Myrtle Ave,brooklyn,394-myrtle-ave,https://locations.chipotle.com/ny/brooklyn/394-myrtle-ave
NY,Brooklyn,140 Court St,brooklyn,140-court-st,https://locations.chipotle.com/ny/brooklyn/140-court-st
NY,Staten Island,2655 Richmond Ave,staten-island,2655-richmond-ave,https://locations.chipotle.com/ny/staten-island/2655-richmond-ave
NY,Staten Island,2602 Hylan Blvd,staten-island,2602-hylan-blvd,https://locations.chipotle.com/ny/staten-island/2602-hylan-blvd
CO,Colorado Springs,1370 Garden Of The Gods Rd,colorado-springs,1370-garden-of-the-gods-rd,https://locations.chipotle.com/co/colorado-springs/1370-garden-of-the-gods-rd
CO,Colorado Springs,5079 N Academy Blvd,colorado-springs,5079-n-academy-blvd,https://locations.chipotle.com/co/colorado-springs/5079-n-academy-blvd
CO,Colorado Springs,17 S Tejon St,colorado-springs,17-s-tejon-st,https://locations.chipotle.com/co/colorado-springs/17-s-tejon-st
CO,Colorado Springs,7818 N Academy Blvd,colorado-springs,7818-n-academy-blvd,https://locations.chipotle.com/co/colorado-springs/7818-n-academy-blvd
CO,Colorado Springs,5102 N Nevada Ave,colorado-springs,5102-n-nevada-ave,https://locations.chipotle.com/co/colorado-springs/5102-n-nevada-ave
CO,Pueblo,3230 N Elizabeth St,pueblo,3230-n-elizabeth-st,https://locations.chipotle.com/co/pueblo/3230-n-elizabeth-st
CO,Colorado Springs,895 N Academy Blvd,colorado-springs,895-n-academy-blvd,https://locations.chipotle.com/co/colorado-springs/895-n-academy-blvd
CO,Colorado Springs,3026 New Center Pt,colorado-springs,3026-new-center-pt,https://locations.chipotle.com/co/colorado-springs/3026-new-center-pt
CO,Colorado Springs,2130 Southgate Rd,colorado-springs,2130-southgate-rd,https://locations.chipotle.com/co/colorado-springs/2130-southgate-rd
CO,Boulder,1650 28th St,boulder,1650-28th-st,https://locations.chipotle.com/co/boulder/1650-28th-st
CO,Federal Heights,10320 Federal Blvd,federal-heights,10320-federal-blvd,https://locations.chipotle.com/co/federal-heights/10320-federal-blvd
CO,Aurora,15280 E Iliff Ave,aurora,15280-e-iliff-ave,https://locations.chipotle.com/co/aurora/15280-e-iliff-ave
CO,Westminster,8797 Wadsworth Blvd,westminster,8797-wadsworth-blvd,https://locations.chipotle.com/co/westminster/8797-wadsworth-blvd
CO,Parker,18701 E Mainstreet,parker,18701-e-mainstreet,https://locations.chipotle.com/co/parker/18701-e-mainstreet
CO,Aurora,4205 S Buckley Rd,aurora,4205-s-buckley-rd,https://locations.chipotle.com/co/aurora/4205-s-buckley-rd
CO,Aurora,6710 S Cornerstar Way,aurora,6710-s-cornerstar-way,https://locations.chipotle.com/co/aurora/6710-s-cornerstar-way
CO,Louisville,375 Mccaslin Blvd,louisville,375-mccaslin-blvd,https://locations.chipotle.com/co/louisville/375-mccaslin-blvd
CO,Denver,1480 16th St,denver,1480-16th-st,https://locations.chipotle.com/co/denver/1480-16th-st
CO,Littleton,12512 W Ken Caryl Ave,littleton,12512-w-ken-caryl-ave,https://locations.chipotle.com/co/littleton/12512-w-ken-caryl-ave
CO,Thornton,951 E 120th Ave,thornton,951-e-120th-ave,https://locations.chipotle.com/co/thornton/951-e-120th-ave
PA,Washington,187 Old Mill Blvd,washington,187-old-mill-blvd,https://locations.chipotle.com/pa/washington/187-old-mill-blvd
PA,Canonsburg,3840 Washington Rd,canonsburg,3840-washington-rd,https://locations.chipotle.com/pa/canonsburg/3840-washington-rd
PA,Hermitage,125 N Hermitage Rd,hermitage,125-n-hermitage-rd,https://locations.chipotle.com/pa/hermitage/125-n-hermitage-rd
PA,Indiana,1781 Oakland Ave,indiana,1781-oakland-ave,https://locations.chipotle.com/pa/indiana/1781-oakland-ave
PA,Cranberry Township,2080 Mackenzie Way,cranberry-township,2080-mackenzie-way,https://locations.chipotle.com/pa/cranberry-township/2080-mackenzie-way
PA,Cranberry Township,20024 Route 19,cranberry-township,20024-route-19,https://locations.chipotle.com/pa/cranberry-township/20024-route-19
PA,Greensburg,2014 Lincoln Pl,greensburg,2014-lincoln-pl,https://locations.chipotle.com/pa/greensburg/2014-lincoln-pl
PA,Wexford,11359 Perry Hwy,wexford,11359-perry-hwy,https://locations.chipotle.com/pa/wexford/11359-perry-hwy
FL,Clearwater,2537 Countryside Blvd,clearwater,2537-countryside-blvd,https://locations.chipotle.com/fl/clearwater/2537-countryside-blvd
FL,Seminole,11241 Park Blvd,seminole,11241-park-blvd,https://locations.chipotle.com/fl/seminole/11241-park-blvd
FL,Saint Petersburg,1418 66th St N,saint-petersburg,1418-66th-st-n,https://locations.chipotle.com/fl/saint-petersburg/1418-66th-st-n
FL,Largo,10160 Ulmerton Rd,largo,10160-ulmerton-rd,https://locations.chipotle.com/fl/largo/10160-ulmerton-rd
FL,Clearwater,5360 East Bay Drive,clearwater,5360-east-bay-drive,https://locations.chipotle.com/fl/clearwater/5360-east-bay-drive
FL,Pinellas Park,3700 Park Blvd N,pinellas-park,3700-park-blvd-n,https://locations.chipotle.com/fl/pinellas-park/3700-park-blvd-n
FL,Saint Petersburg,3540 4th St N,saint-petersburg,3540-4th-st-n,https://locations.chipotle.com/fl/saint-petersburg/3540-4th-st-n
FL,Clearwater,2662 Gulf To Bay Blvd,clearwater,2662-gulf-to-bay-blvd,https://locations.chipotle.com/fl/clearwater/2662-gulf-to-bay-blvd
FL,Palm Harbor,33121 Us Highway 19 N,palm-harbor,33121-us-highway-19-n,https://locations.chipotle.com/fl/palm-harbor/33121-us-highway-19-n
FL,Port Richey,9203 Us Highway 19,port-richey,9203-us-highway-19,https://locations.chipotle.com/fl/port-richey/9203-us-highway-19
FL,Saint Petersburg,780 4th St N,saint-petersburg,780-4th-st-n,https://locations.chipotle.com/fl/saint-petersburg/780-4th-st-n
NJ,Toms River,1258 Hooper Ave,toms-river,1258-hooper-ave,https://locations.chipotle.com/nj/toms-river/1258-hooper-ave
NJ,Clark,1255 Raritan Rd,clark,1255-raritan-rd,https://locations.chipotle.com/nj/clark/1255-raritan-rd
NJ,North Brunswick,524 Shoppes Blvd,north-brunswick,524-shoppes-blvd,https://locations.chipotle.com/nj/north-brunswick/524-shoppes-blvd
NJ,Brick,74 Brick Plz,brick,74-brick-plz,https://locations.chipotle.com/nj/brick/74-brick-plz
NJ,Howell,4733 Us Highway 9,howell,4733-us-highway-9,https://locations.chipotle.com/nj/howell/4733-us-highway-9
NJ,Eatontown,186 Hwy 35,eatontown,186-hwy-35,https://locations.chipotle.com/nj/eatontown/186-hwy-35
NJ,Woodbridge,318 Us Highway 9 N,woodbridge,318-us-highway-9-n,https://locations.chipotle.com/nj/woodbridge/318-us-highway-9-n
NJ,Sea Girt,2150 Route 35,sea-girt,2150-route-35,https://locations.chipotle.com/nj/sea-girt/2150-route-35
NJ,Bound Brook,318 Chimney Rock Rd,bound-brook,318-chimney-rock-rd,https://locations.chipotle.com/nj/bound-brook/318-chimney-rock-rd
NJ,Edison,55 Parsonage Rd,edison,55-parsonage-rd,https://locations.chipotle.com/nj/edison/55-parsonage-rd
NJ,East Brunswick,609 State Route 18,east-brunswick,609-state-route-18,https://locations.chipotle.com/nj/east-brunswick/609-state-route-18
NJ,Metuchen,349 Lake Ave,metuchen,349-lake-ave,https://locations.chipotle.com/nj/metuchen/349-lake-ave
NJ,Red Bank,20 Water St,red-bank,20-water-st,https://locations.chipotle.com/nj/red-bank/20-water-st
NJ,Freehold,323 W Main St,freehold,323-w-main-st,https://locations.chipotle.com/nj/freehold/323-w-main-st
NJ,Holmdel,2131 State Route 35,holmdel,2131-state-route-35,https://locations.chipotle.com/nj/holmdel/2131-state-route-35
NJ,New Brunswick,387 George St,new-brunswick,387-george-st,https://locations.chipotle.com/nj/new-brunswick/387-george-st
MI,Ann Arbor,235 S State St,ann-arbor,235-s-state-st,https://locations.chipotle.com/mi/ann-arbor/235-s-state-st
MI,Woodhaven,23061 Allen Rd,woodhaven,23061-allen-rd,https://locations.chipotle.com/mi/woodhaven/23061-allen-rd
MI,Ann Arbor,858 Briarwood Cir,ann-arbor,858-briarwood-cir,https://locations.chipotle.com/mi/ann-arbor/858-briarwood-cir
MI,Ann Arbor,3354 Washtenaw Ave,ann-arbor,3354-washtenaw-ave,https://locations.chipotle.com/mi/ann-arbor/3354-washtenaw-ave
MI,Canton,42404 Ford Road,canton,42404-ford-road,https://locations.chipotle.com/mi/canton/42404-ford-road
OH,Newark,1292 N 21st St,newark,1292-n-21st-st,https://locations.chipotle.com/oh/newark/1292-n-21st-st
OH,Delaware,1710 Columbus Pike,delaware,1710-columbus-pike,https://locations.chipotle.com/oh/delaware/1710-columbus-pike
OH,Marion,135 Edgefield Blvd,marion,135-edgefield-blvd,https://locations.chipotle.com/oh/marion/135-edgefield-blvd
OH,Mount Vernon,857 Coshocton Ave,mount-vernon,857-coshocton-ave,https://locations.chipotle.com/oh/mount-vernon/857-coshocton-ave
OH,Circleville,1469 S Court St,circleville,1469-s-court-st,https://locations.chipotle.com/oh/circleville/1469-s-court-st
OH,Zanesville,3581 Maple Ave,zanesville,3581-maple-ave,https://locations.chipotle.com/oh/zanesville/3581-maple-ave
OH,Powell,8695 Owenfield Dr,powell,8695-owenfield-dr,https://locations.chipotle.com/oh/powell/8695-owenfield-dr
OH,Saint Clairsville,68041 Mall Ring Rd,saint-clairsville,68041-mall-ring-rd,https://locations.chipotle.com/oh/saint-clairsville/68041-mall-ring-rd
OH,Heath,515 Hebron Rd,heath,515-hebron-rd,https://locations.chipotle.com/oh/heath/515-hebron-rd
OH,Lancaster,1608 N Memorial Dr,lancaster,1608-n-memorial-dr,https://locations.chipotle.com/oh/lancaster/1608-n-memorial-dr
OH,Athens,41 S Court St,athens,41-s-court-st,https://locations.chipotle.com/oh/athens/41-s-court-st
OH,Chillicothe,1290 N Bridge St,chillicothe,1290-n-bridge-st,https://locations.chipotle.com/oh/chillicothe/1290-n-bridge-st
OH,Jeffersonville,12478 Old Us 35,jeffersonville,12478-old-us-35,https://locations.chipotle.com/oh/jeffersonville/12478-old-us-35
VA,Williamsburg,1413 Richmond Rd,williamsburg,1413-richmond-rd,https://locations.chipotle.com/va/williamsburg/1413-richmond-rd
VA,Norfolk,1501 Colley Ave,norfolk,1501-colley-ave,https://locations.chipotle.com/va/norfolk/1501-colley-ave
VA,Norfolk,1087 N Military Hwy,norfolk,1087-n-military-hwy,https://locations.chipotle.com/va/norfolk/1087-n-military-hwy
VA,Chesapeake,836 Eden Way N,chesapeake,836-eden-way-n,https://locations.chipotle.com/va/chesapeake/836-eden-way-n
VA,Virginia Beach,1724 Laskin Rd,virginia-beach,1724-laskin-rd,https://locations.chipotle.com/va/virginia-beach/1724-laskin-rd
VA,Virginia Beach,2701 N Mall Dr,virginia-beach,2701-n-mall-dr,https://locations.chipotle.com/va/virginia-beach/2701-n-mall-dr
VA,Chesapeake,4116 Portsmouth Blvd,chesapeake,4116-portsmouth-blvd,https://locations.chipotle.com/va/chesapeake/4116-portsmouth-blvd
VA,Virginia Beach,3380 Princess Anne Rd,virginia-beach,3380-princess-anne-rd,https://locations.chipotle.com/va/virginia-beach/3380-princess-anne-rd
VA,Suffolk,6216 College Dr,suffolk,6216-college-dr,https://locations.chipotle.com/va/suffolk/6216-college-dr
VA,Newport News,12386 Warwick Blvd,newport-news,12386-warwick-blvd,https://locations.chipotle.com/va/newport-news/12386-warwick-blvd
VA,Virginia Beach,300 Constitution Dr,virginia-beach,300-constitution-dr,https://locations.chipotle.com/va/virginia-beach/300-constitution-dr
VA,Hampton,3510 Von Schilling Dr,hampton,3510-von-schilling-dr,https://locations.chipotle.com/va/hampton/3510-von-schilling-dr
VA,Newport News,12300 Jefferson Ave,newport-news,12300-jefferson-ave,https://locations.chipotle.com/va/newport-news/12300-jefferson-ave
CA,Palm Desert,34100 Monterey Ave,palm-desert,34100-monterey-ave,https://locations.chipotle.com/ca/palm-desert/34100-monterey-ave
CA,Apple Valley,19179 Bear Valley Rd,apple-valley,19179-bear-valley-rd,https://locations.chipotle.com/ca/apple-valley/19179-bear-valley-rd
CA,Barstow,2590 High Point Pkwy,barstow,2590-high-point-pkwy,https://locations.chipotle.com/ca/barstow/2590-high-point-pkwy
CA,Palm Springs,2465 E Palm Canyon Dr,palm-springs,2465-e-palm-canyon-dr,https://locations.chipotle.com/ca/palm-springs/2465-e-palm-canyon-dr
CA,La Quinta,79174 Highway 111,la-quinta,79174-highway-111,https://locations.chipotle.com/ca/la-quinta/79174-highway-111
CA,Carlsbad,3416 Via Mercato,carlsbad,3416-via-mercato,https://locations.chipotle.com/ca/carlsbad/3416-via-mercato
CA,Oceanside,4111 Oceanside Blvd,oceanside,4111-oceanside-blvd,https://locations.chipotle.com/ca/oceanside/4111-oceanside-blvd
CA,Vista,30 Main St,vista,30-main-st,https://locations.chipotle.com/ca/vista/30-main-st
CA,Carlsbad,2505 Palomar Airport Rd,carlsbad,2505-palomar-airport-rd,https://locations.chipotle.com/ca/carlsbad/2505-palomar-airport-rd
CA,Oceanside,2611 Vista Way,oceanside,2611-vista-way,https://locations.chipotle.com/ca/oceanside/2611-vista-way
CA,Escondido,200 E Via Rancho Pkwy,escondido,200-e-via-rancho-pkwy,https://locations.chipotle.com/ca/escondido/200-e-via-rancho-pkwy
CA,Escondido,1201 E Valley Pkwy,escondido,1201-e-valley-pkwy,https://locations.chipotle.com/ca/escondido/1201-e-valley-pkwy
CA,San Marcos,575 Grand Ave,san-marcos,575-grand-ave,https://locations.chipotle.com/ca/san-marcos/575-grand-ave
CA,Palm Desert,72333 Highway 111,palm-desert,72333-highway-111,https://locations.chipotle.com/ca/palm-desert/72333-highway-111
CA,Oceanside,495 College Blvd,oceanside,495-college-blvd,https://locations.chipotle.com/ca/oceanside/495-college-blvd
CA,Hesperia,9770 Mariposa Rd,hesperia,9770-mariposa-rd,https://locations.chipotle.com/ca/hesperia/9770-mariposa-rd
MN,Maple Grove,9881 Maple Grove Pkwy N,maple-grove,9881-maple-grove-pkwy-n,https://locations.chipotle.com/mn/maple-grove/9881-maple-grove-pkwy-n
MN,Coon Rapids,3455 River Rapids Dr Nw,coon-rapids,3455-river-rapids-dr-nw,https://locations.chipotle.com/mn/coon-rapids/3455-river-rapids-dr-nw
MN,Brooklyn Park,7631 Jolly Ln,brooklyn-park,7631-jolly-ln,https://locations.chipotle.com/mn/brooklyn-park/7631-jolly-ln
MN,Champlin,11209 Aquila Dr N,champlin,11209-aquila-dr-n,https://locations.chipotle.com/mn/champlin/11209-aquila-dr-n
MN,Rogers,13590 Northdale Blvd,rogers,13590-northdale-blvd,https://locations.chipotle.com/mn/rogers/13590-northdale-blvd
MN,Elk River,18201 Carson Ct Nw,elk-river,18201-carson-ct-nw,https://locations.chipotle.com/mn/elk-river/18201-carson-ct-nw
MN,Maple Grove,7750 Main St N,maple-grove,7750-main-st-n,https://locations.chipotle.com/mn/maple-grove/7750-main-st-n
MN,Plymouth,3425 Vicksburg Ln N,plymouth,3425-vicksburg-ln-n,https://locations.chipotle.com/mn/plymouth/3425-vicksburg-ln-n
MN,Crystal,5608 W Broadway Ave,crystal,5608-w-broadway-ave,https://locations.chipotle.com/mn/crystal/5608-w-broadway-ave
MN,Golden Valley,515 Winnetka Ave N,golden-valley,515-winnetka-ave-n,https://locations.chipotle.com/mn/golden-valley/515-winnetka-ave-n
MN,Columbia Heights,5200 Central Ave Ne,columbia-heights,5200-central-ave-ne,https://locations.chipotle.com/mn/columbia-heights/5200-central-ave-ne
MN,Brooklyn Center,5711 Xerxes Ave N,brooklyn-center,5711-xerxes-ave-n,https://locations.chipotle.com/mn/brooklyn-center/5711-xerxes-ave-n
MN,Blaine,10450 Baltimore St Ne,blaine,10450-baltimore-st-ne,https://locations.chipotle.com/mn/blaine/10450-baltimore-st-ne
MN,Blaine,599 Northtown Dr Ne,blaine,599-northtown-dr-ne,https://locations.chipotle.com/mn/blaine/599-northtown-dr-ne
GA,Norcross,5175 Peachtree Pkwy,norcross,5175-peachtree-pkwy,https://locations.chipotle.com/ga/norcross/5175-peachtree-pkwy
IN,West Lafayette,200 W State St,west-lafayette,200-w-state-st,https://locations.chipotle.com/in/west-lafayette/200-w-state-st
IN,Kokomo,1201 S Reed Rd,kokomo,1201-s-reed-rd,https://locations.chipotle.com/in/kokomo/1201-s-reed-rd
IN,Richmond,3726 National Rd E,richmond,3726-national-rd-e,https://locations.chipotle.com/in/richmond/3726-national-rd-e
IN,Lafayette,4030 South St,lafayette,4030-south-st,https://locations.chipotle.com/in/lafayette/4030-south-st
GA,Gainesville,1134 Dawsonville Hwy,gainesville,1134-dawsonville-hwy,https://locations.chipotle.com/ga/gainesville/1134-dawsonville-hwy
GA,Atlanta,4400 Ashford Dunwoody Rd Ne,atlanta,4400-ashford-dunwoody-rd-ne,https://locations.chipotle.com/ga/atlanta/4400-ashford-dunwoody-rd-ne
GA,Duluth,2190 Peachtree Industrial Blvd,duluth,2190-peachtree-industrial-blvd,https://locations.chipotle.com/ga/duluth/2190-peachtree-industrial-blvd
GA,Norcross,5485 Jimmy Carter Blvd,norcross,5485-jimmy-carter-blvd,https://locations.chipotle.com/ga/norcross/5485-jimmy-carter-blvd
GA,Chamblee,5001 Peachtree Blvd,chamblee,5001-peachtree-blvd,https://locations.chipotle.com/ga/chamblee/5001-peachtree-blvd
GA,Morrow,2011 Mount Zion Rd,morrow,2011-mount-zion-rd,https://locations.chipotle.com/ga/morrow/2011-mount-zion-rd
GA,Canton,2026 Cumming Hwy,canton,2026-cumming-hwy,https://locations.chipotle.com/ga/canton/2026-cumming-hwy
GA,Tucker,4347 Hugh Howell Rd,tucker,4347-hugh-howell-rd,https://locations.chipotle.com/ga/tucker/4347-hugh-howell-rd
GA,Marietta,1281 Johnson Ferry Rd,marietta,1281-johnson-ferry-rd,https://locations.chipotle.com/ga/marietta/1281-johnson-ferry-rd
GA,Duluth,11720 Medlock Bridge Rd,duluth,11720-medlock-bridge-rd,https://locations.chipotle.com/ga/duluth/11720-medlock-bridge-rd
GA,Kennesaw,777 Townpark Ln Nw,kennesaw,777-townpark-ln-nw,https://locations.chipotle.com/ga/kennesaw/777-townpark-ln-nw
GA,Roswell,10800 Alpharetta Hwy,roswell,10800-alpharetta-hwy,https://locations.chipotle.com/ga/roswell/10800-alpharetta-hwy
GA,Atlanta,123 Perimeter Ctr W,atlanta,123-perimeter-ctr-w,https://locations.chipotle.com/ga/atlanta/123-perimeter-ctr-w
GA,Cumming,905 Market Place Blvd,cumming,905-market-place-blvd,https://locations.chipotle.com/ga/cumming/905-market-place-blvd
GA,Suwanee,3186 Lawrenceville Suwanee Rd,suwanee,3186-lawrenceville-suwanee-rd,https://locations.chipotle.com/ga/suwanee/3186-lawrenceville-suwanee-rd
GA,Atlanta,2973 Cobb Pkwy Se,atlanta,2973-cobb-pkwy-se,https://locations.chipotle.com/ga/atlanta/2973-cobb-pkwy-se
GA,Conyers,1467 Highway 138 Se,conyers,1467-highway-138-se,https://locations.chipotle.com/ga/conyers/1467-highway-138-se
GA,Atlanta,2078 Henderson Mill Rd Ne,atlanta,2078-henderson-mill-rd-ne,https://locations.chipotle.com/ga/atlanta/2078-henderson-mill-rd-ne
GA,Mcdonough,1442 Highway 20 W,mcdonough,1442-highway-20-w,https://locations.chipotle.com/ga/mcdonough/1442-highway-20-w
GA,Snellville,1650 Scenic Highway S,snellville,1650-scenic-highway-s,https://locations.chipotle.com/ga/snellville/1650-scenic-highway-s
FL,Port Saint Lucie,1768 Sw Saint Lucie West Blvd,port-saint-lucie,1768-sw-saint-lucie-west-blvd,https://locations.chipotle.com/fl/port-saint-lucie/1768-sw-saint-lucie-west-blvd
FL,Stuart,2181 Se Federal Hwy,stuart,2181-se-federal-hwy,https://locations.chipotle.com/fl/stuart/2181-se-federal-hwy
FL,Vero Beach,5855 20th St,vero-beach,5855-20th-st,https://locations.chipotle.com/fl/vero-beach/5855-20th-st
FL,Stuart,2421 Nw Federal Hwy,stuart,2421-nw-federal-hwy,https://locations.chipotle.com/fl/stuart/2421-nw-federal-hwy
IL,Chicago,2302 W 95th St,chicago,2302-w-95th-st,https://locations.chipotle.com/il/chicago/2302-w-95th-st
IL,Chicago,2743 N Elston Ave,chicago,2743-n-elston-ave,https://locations.chipotle.com/il/chicago/2743-n-elston-ave
IL,Chicago,610 W Diversey Pkwy,chicago,610-w-diversey-pkwy,https://locations.chipotle.com/il/chicago/610-w-diversey-pkwy
IL,Chicago,4657 W Irving Park Rd,chicago,4657-w-irving-park-rd,https://locations.chipotle.com/il/chicago/4657-w-irving-park-rd
IL,Chicago,1025 W Belmont Ave,chicago,1025-w-belmont-ave,https://locations.chipotle.com/il/chicago/1025-w-belmont-ave
IL,Chicago,1522 E 53rd St,chicago,1522-e-53rd-st,https://locations.chipotle.com/il/chicago/1522-e-53rd-st
IL,Chicago,6600 N Sheridan Rd,chicago,6600-n-sheridan-rd,https://locations.chipotle.com/il/chicago/6600-n-sheridan-rd
IL,Chicago,3312 N Western Ave,chicago,3312-n-western-ave,https://locations.chipotle.com/il/chicago/3312-n-western-ave
IL,Chicago,5330 S Pulaski Rd,chicago,5330-s-pulaski-rd,https://locations.chipotle.com/il/chicago/5330-s-pulaski-rd
IL,Chicago,7561 S Cicero Ave,chicago,7561-s-cicero-ave,https://locations.chipotle.com/il/chicago/7561-s-cicero-ave
IL,Chicago,3227 W Addison St,chicago,3227-w-addison-st,https://locations.chipotle.com/il/chicago/3227-w-addison-st
IL,Chicago,2640 N Narragansett Ave,chicago,2640-n-narragansett-ave,https://locations.chipotle.com/il/chicago/2640-n-narragansett-ave
IL,Chicago,1733 N Damen Ave,chicago,1733-n-damen-ave,https://locations.chipotle.com/il/chicago/1733-n-damen-ave
IL,Chicago,41 W 87th St,chicago,41-w-87th-st,https://locations.chipotle.com/il/chicago/41-w-87th-st
IL,Chicago,5224 N Broadway St,chicago,5224-n-broadway-st,https://locations.chipotle.com/il/chicago/5224-n-broadway-st
IL,Chicago,2809 N Ashland Ave,chicago,2809-n-ashland-ave,https://locations.chipotle.com/il/chicago/2809-n-ashland-ave
IL,Chicago,2000 N Clybourn Ave,chicago,2000-n-clybourn-ave,https://locations.chipotle.com/il/chicago/2000-n-clybourn-ave
IL,Chicago,806 W 63rd St,chicago,806-w-63rd-st,https://locations.chipotle.com/il/chicago/806-w-63rd-st
NV,Sparks,1560 E Lincoln Way,sparks,1560-e-lincoln-way,https://locations.chipotle.com/nv/sparks/1560-e-lincoln-way
NV,Reno,5144 Mae Anne Ave,reno,5144-mae-anne-ave,https://locations.chipotle.com/nv/reno/5144-mae-anne-ave
NV,Reno,6395 S Mccarran Blvd,reno,6395-s-mccarran-blvd,https://locations.chipotle.com/nv/reno/6395-s-mccarran-blvd
NV,Reno,537 S Meadows Pkwy,reno,537-s-meadows-pkwy,https://locations.chipotle.com/nv/reno/537-s-meadows-pkwy
MA,Dedham,176 Providence Hwy,dedham,176-providence-hwy,https://locations.chipotle.com/ma/dedham/176-providence-hwy
MA,Westwood,217 University Ave,westwood,217-university-ave,https://locations.chipotle.com/ma/westwood/217-university-ave
NV,Carson City,1457 S Carson St,carson-city,1457-s-carson-st,https://locations.chipotle.com/nv/carson-city/1457-s-carson-st
MA,Saugus,444 Broadway,saugus,444-broadway,https://locations.chipotle.com/ma/saugus/444-broadway
MA,Bedford,301 Great Rd,bedford,301-great-rd,https://locations.chipotle.com/ma/bedford/301-great-rd
MA,Burlington,110 Mall Rd,burlington,110-mall-rd,https://locations.chipotle.com/ma/burlington/110-mall-rd
MA,Medford,616 Fellsway,medford,616-fellsway,https://locations.chipotle.com/ma/medford/616-fellsway
MA,Swampscott,450 Paradise Rd,swampscott,450-paradise-rd,https://locations.chipotle.com/ma/swampscott/450-paradise-rd
MA,Waltham,1030 Main St,waltham,1030-main-st,https://locations.chipotle.com/ma/waltham/1030-main-st
MA,Hingham,92 Derby St,hingham,92-derby-st,https://locations.chipotle.com/ma/hingham/92-derby-st
MA,Norwood,1415 Boston Providence Highway,norwood,1415-boston-providence-highway,https://locations.chipotle.com/ma/norwood/1415-boston-providence-highway
MA,Woburn,112 Commerce Way,woburn,112-commerce-way,https://locations.chipotle.com/ma/woburn/112-commerce-way
MA,Reading,46 Walkers Brook Dr,reading,46-walkers-brook-dr,https://locations.chipotle.com/ma/reading/46-walkers-brook-dr
MA,Randolph,51 Warren St,randolph,51-warren-st,https://locations.chipotle.com/ma/randolph/51-warren-st
KS,Topeka,2040 Sw Wanamaker Rd,topeka,2040-sw-wanamaker-rd,https://locations.chipotle.com/ks/topeka/2040-sw-wanamaker-rd
KS,Lawrence,1420 W 23rd St,lawrence,1420-w-23rd-st,https://locations.chipotle.com/ks/lawrence/1420-w-23rd-st
KS,Salina,2375 S 9th St,salina,2375-s-9th-st,https://locations.chipotle.com/ks/salina/2375-s-9th-st
KS,Manhattan,606 N Manhattan Ave,manhattan,606-n-manhattan-ave,https://locations.chipotle.com/ks/manhattan/606-n-manhattan-ave
KS,Lawrence,4000 W 6th St,lawrence,4000-w-6th-st,https://locations.chipotle.com/ks/lawrence/4000-w-6th-st
KS,Lawrence,911 Massachusetts St,lawrence,911-massachusetts-st,https://locations.chipotle.com/ks/lawrence/911-massachusetts-st
FL,Doral,2000 Nw 87th Ave,doral,2000-nw-87th-ave,https://locations.chipotle.com/fl/doral/2000-nw-87th-ave
UT,Orem,715 E University Pkwy,orem,715-e-university-pkwy,https://locations.chipotle.com/ut/orem/715-e-university-pkwy
UT,Murray,5141 S State St,murray,5141-s-state-st,https://locations.chipotle.com/ut/murray/5141-s-state-st
UT,West Bountiful,135 N 500 W,west-bountiful,135-n-500-w,https://locations.chipotle.com/ut/west-bountiful/135-n-500-w
UT,Salt Lake City,734 E 400 S,salt-lake-city,734-e-400-s,https://locations.chipotle.com/ut/salt-lake-city/734-e-400-s
UT,Riverdale,849 W Riverdale Rd,riverdale,849-w-riverdale-rd,https://locations.chipotle.com/ut/riverdale/849-w-riverdale-rd
UT,Layton,1035 W Antelope Dr,layton,1035-w-antelope-dr,https://locations.chipotle.com/ut/layton/1035-w-antelope-dr
UT,Cottonwood Heights,6924 S Park Centre Dr,cottonwood-heights,6924-s-park-centre-dr,https://locations.chipotle.com/ut/cottonwood-heights/6924-s-park-centre-dr
VT,Burlington,580 Shelburne Rd,burlington,580-shelburne-rd,https://locations.chipotle.com/vt/burlington/580-shelburne-rd
UT,Sandy,10387 S State St,sandy,10387-s-state-st,https://locations.chipotle.com/ut/sandy/10387-s-state-st
UT,Salt Lake City,1011 E 2100 S,salt-lake-city,1011-e-2100-s,https://locations.chipotle.com/ut/salt-lake-city/1011-e-2100-s
SC,North Augusta,362 E Martintown Rd,north-augusta,362-e-martintown-rd,https://locations.chipotle.com/sc/north-augusta/362-e-martintown-rd
SC,Columbia,6070 Garners Ferry Rd,columbia,6070-garners-ferry-rd,https://locations.chipotle.com/sc/columbia/6070-garners-ferry-rd
SC,Columbia,619 Gervais St,columbia,619-gervais-st,https://locations.chipotle.com/sc/columbia/619-gervais-st
SC,Columbia,276 Harbison Blvd,columbia,276-harbison-blvd,https://locations.chipotle.com/sc/columbia/276-harbison-blvd
VA,Richmond,10 N Nansemond St,richmond,10-n-nansemond-st,https://locations.chipotle.com/va/richmond/10-n-nansemond-st
VA,Richmond,810 West Grace Street,richmond,810-west-grace-street,https://locations.chipotle.com/va/richmond/810-west-grace-street
VA,Glen Allen,5300 Wyndham Forest Dr,glen-allen,5300-wyndham-forest-dr,https://locations.chipotle.com/va/glen-allen/5300-wyndham-forest-dr
VA,Richmond,4930 W Broad St,richmond,4930-w-broad-st,https://locations.chipotle.com/va/richmond/4930-w-broad-st
VA,North Chesterfield,7106 Midlothian Tpke,north-chesterfield,7106-midlothian-tpke,https://locations.chipotle.com/va/north-chesterfield/7106-midlothian-tpke
VA,Richmond,7000 Forest Ave,richmond,7000-forest-ave,https://locations.chipotle.com/va/richmond/7000-forest-ave
VA,Glen Allen,10501 W Broad St,glen-allen,10501-w-broad-st,https://locations.chipotle.com/va/glen-allen/10501-w-broad-st
VA,Richmond,11728 W Broad St,richmond,11728-w-broad-st,https://locations.chipotle.com/va/richmond/11728-w-broad-st
VA,North Chesterfield,11440 Midlothian Tpke,north-chesterfield,11440-midlothian-tpke,https://locations.chipotle.com/va/north-chesterfield/11440-midlothian-tpke
VA,Colonial Heights,1901 Southpark Blvd,colonial-heights,1901-southpark-blvd,https://locations.chipotle.com/va/colonial-heights/1901-southpark-blvd
VA,Glen Allen,1070 Virginia Center Pkwy,glen-allen,1070-virginia-center-pkwy,https://locations.chipotle.com/va/glen-allen/1070-virginia-center-pkwy
VA,Richmond,8955 Staples Mill Rd,richmond,8955-staples-mill-rd,https://locations.chipotle.com/va/richmond/8955-staples-mill-rd
VA,Chester,2423 W Hundred Rd,chester,2423-w-hundred-rd,https://locations.chipotle.com/va/chester/2423-w-hundred-rd
VA,Midlothian,13300 Rittenhouse Dr,midlothian,13300-rittenhouse-dr,https://locations.chipotle.com/va/midlothian/13300-rittenhouse-dr
VA,Richmond,8675 Quioccasin Rd,richmond,8675-quioccasin-rd,https://locations.chipotle.com/va/richmond/8675-quioccasin-rd
CA,Paso Robles,98 Niblick Rd,paso-robles,98-niblick-rd,https://locations.chipotle.com/ca/paso-robles/98-niblick-rd
CA,Oxnard,1291 S Victoria Ave,oxnard,1291-s-victoria-ave,https://locations.chipotle.com/ca/oxnard/1291-s-victoria-ave
CA,Camarillo,660 Ventura Blvd,camarillo,660-ventura-blvd,https://locations.chipotle.com/ca/camarillo/660-ventura-blvd
CA,Thousand Oaks,162 W Hillcrest Dr,thousand-oaks,162-w-hillcrest-dr,https://locations.chipotle.com/ca/thousand-oaks/162-w-hillcrest-dr
CA,Arroyo Grande,1229 E Grand Ave,arroyo-grande,1229-e-grand-ave,https://locations.chipotle.com/ca/arroyo-grande/1229-e-grand-ave
CA,Oxnard,369 W Esplanade Dr,oxnard,369-w-esplanade-dr,https://locations.chipotle.com/ca/oxnard/369-w-esplanade-dr
CA,Thousand Oaks,935 Broadbeck Dr,thousand-oaks,935-broadbeck-dr,https://locations.chipotle.com/ca/thousand-oaks/935-broadbeck-dr
CA,San Luis Obispo,297 Madonna Rd,san-luis-obispo,297-madonna-rd,https://locations.chipotle.com/ca/san-luis-obispo/297-madonna-rd
CA,Simi Valley,1263 Simi Town Center Way,simi-valley,1263-simi-town-center-way,https://locations.chipotle.com/ca/simi-valley/1263-simi-town-center-way
CA,Ventura,1145 S Victoria Ave,ventura,1145-s-victoria-ave,https://locations.chipotle.com/ca/ventura/1145-s-victoria-ave
CA,Ventura,488 S Mills Rd,ventura,488-s-mills-rd,https://locations.chipotle.com/ca/ventura/488-s-mills-rd
CA,Goleta,270 Storke Rd,goleta,270-storke-rd,https://locations.chipotle.com/ca/goleta/270-storke-rd
CA,Santa Barbara,3851 State St,santa-barbara,3851-state-st,https://locations.chipotle.com/ca/santa-barbara/3851-state-st
TX,Amarillo,2414 S Georgia St,amarillo,2414-s-georgia-st,https://locations.chipotle.com/tx/amarillo/2414-s-georgia-st
TX,Lubbock,2411 Glenna Goodacre Blvd,lubbock,2411-glenna-goodacre-blvd,https://locations.chipotle.com/tx/lubbock/2411-glenna-goodacre-blvd
TX,Lubbock,8201 Quaker Ave,lubbock,8201-quaker-ave,https://locations.chipotle.com/tx/lubbock/8201-quaker-ave
TX,Lubbock,2912 W Loop 289,lubbock,2912-w-loop-289,https://locations.chipotle.com/tx/lubbock/2912-w-loop-289
MI,Brighton,8599 W Grand River Ave,brighton,8599-w-grand-river-ave,https://locations.chipotle.com/mi/brighton/8599-w-grand-river-ave
MI,Flint,4485 Miller Rd,flint,4485-miller-rd,https://locations.chipotle.com/mi/flint/4485-miller-rd
IN,Bloomington,420 E Kirkwood Ave,bloomington,420-e-kirkwood-ave,https://locations.chipotle.com/in/bloomington/420-e-kirkwood-ave
IN,Bloomington,2894 E 3rd St,bloomington,2894-e-3rd-st,https://locations.chipotle.com/in/bloomington/2894-e-3rd-st
IN,Columbus,2260 N National Rd,columbus,2260-n-national-rd,https://locations.chipotle.com/in/columbus/2260-n-national-rd
IN,Evansville,499 N Green River Rd,evansville,499-n-green-river-rd,https://locations.chipotle.com/in/evansville/499-n-green-river-rd
IN,Aurora,1040 Green Blvd,aurora,1040-green-blvd,https://locations.chipotle.com/in/aurora/1040-green-blvd
FL,Tampa,533 S Howard Ave,tampa,533-s-howard-ave,https://locations.chipotle.com/fl/tampa/533-s-howard-ave
FL,Tampa,309 N West Shore Blvd,tampa,309-n-west-shore-blvd,https://locations.chipotle.com/fl/tampa/309-n-west-shore-blvd
FL,Brandon,103 Brandon Town Center Dr,brandon,103-brandon-town-center-dr,https://locations.chipotle.com/fl/brandon/103-brandon-town-center-dr
FL,Brandon,829 E Bloomingdale Ave,brandon,829-e-bloomingdale-ave,https://locations.chipotle.com/fl/brandon/829-e-bloomingdale-ave
FL,Tampa,2011 N Dale Mabry Hwy,tampa,2011-n-dale-mabry-hwy,https://locations.chipotle.com/fl/tampa/2011-n-dale-mabry-hwy
FL,Brandon,459 Brandon Town Center Mall,brandon,459-brandon-town-center-mall,https://locations.chipotle.com/fl/brandon/459-brandon-town-center-mall
FL,Tampa,3696 W Gandy Blvd,tampa,3696-w-gandy-blvd,https://locations.chipotle.com/fl/tampa/3696-w-gandy-blvd
FL,Tampa,2223 N West Shore Blvd,tampa,2223-n-west-shore-blvd,https://locations.chipotle.com/fl/tampa/2223-n-west-shore-blvd
FL,Tampa,9466 W Linebaugh Ave,tampa,9466-w-linebaugh-ave,https://locations.chipotle.com/fl/tampa/9466-w-linebaugh-ave
FL,Tampa,7002 Gunn Hwy,tampa,7002-gunn-hwy,https://locations.chipotle.com/fl/tampa/7002-gunn-hwy
FL,Lutz,25442 Sierra Center Blvd,lutz,25442-sierra-center-blvd,https://locations.chipotle.com/fl/lutz/25442-sierra-center-blvd
FL,Tampa,12827 N Dale Mabry Hwy,tampa,12827-n-dale-mabry-hwy,https://locations.chipotle.com/fl/tampa/12827-n-dale-mabry-hwy
FL,Tampa,2576 E Fowler Ave,tampa,2576-e-fowler-ave,https://locations.chipotle.com/fl/tampa/2576-e-fowler-ave
FL,Tampa,18019 Highwoods Preserve Pkwy,tampa,18019-highwoods-preserve-pkwy,https://locations.chipotle.com/fl/tampa/18019-highwoods-preserve-pkwy
PA,State College,116 Hiester St,state-college,116-hiester-st,https://locations.chipotle.com/pa/state-college/116-hiester-st
PA,Erie,2204 W 12th St,erie,2204-w-12th-st,https://locations.chipotle.com/pa/erie/2204-w-12th-st
PA,Erie,6611 Peach St,erie,6611-peach-st,https://locations.chipotle.com/pa/erie/6611-peach-st
PA,Altoona,1600 Osgood Dr,altoona,1600-osgood-dr,https://locations.chipotle.com/pa/altoona/1600-osgood-dr
IL,Peru,4349 Venture Dr,peru,4349-venture-dr,https://locations.chipotle.com/il/peru/4349-venture-dr
IL,Rockford,751 S Perryville Rd,rockford,751-s-perryville-rd,https://locations.chipotle.com/il/rockford/751-s-perryville-rd
IL,Joliet,2848 Plainfield Rd,joliet,2848-plainfield-rd,https://locations.chipotle.com/il/joliet/2848-plainfield-rd
IL,Machesney Park,1570 W Lane Rd,machesney-park,1570-w-lane-rd,https://locations.chipotle.com/il/machesney-park/1570-w-lane-rd
IL,Mchenry,2304 N Richmond Rd,mchenry,2304-n-richmond-rd,https://locations.chipotle.com/il/mchenry/2304-n-richmond-rd
IL,Crystal Lake,5006 Northwest Hwy,crystal-lake,5006-northwest-hwy,https://locations.chipotle.com/il/crystal-lake/5006-northwest-hwy
IL,Frankfort,11129 W Lincoln Hwy,frankfort,11129-w-lincoln-hwy,https://locations.chipotle.com/il/frankfort/11129-w-lincoln-hwy
IL,Plainfield,12720 S Route 59,plainfield,12720-s-route-59,https://locations.chipotle.com/il/plainfield/12720-s-route-59
IL,New Lenox,641 E Lincoln Hwy,new-lenox,641-e-lincoln-hwy,https://locations.chipotle.com/il/new-lenox/641-e-lincoln-hwy
IL,Joliet,2609 W Jefferson St,joliet,2609-w-jefferson-st,https://locations.chipotle.com/il/joliet/2609-w-jefferson-st
IL,Dekalb,2383 Sycamore Rd,dekalb,2383-sycamore-rd,https://locations.chipotle.com/il/dekalb/2383-sycamore-rd
IL,Dekalb,1013 W Lincoln Hwy,dekalb,1013-w-lincoln-hwy,https://locations.chipotle.com/il/dekalb/1013-w-lincoln-hwy
IL,Romeoville,253 S Weber Road,romeoville,253-s-weber-road,https://locations.chipotle.com/il/romeoville/253-s-weber-road
IL,Bourbonnais,1601 N State Route 50,bourbonnais,1601-n-state-route-50,https://locations.chipotle.com/il/bourbonnais/1601-n-state-route-50
MO,Belton,1424 E North Ave,belton,1424-e-north-ave,https://locations.chipotle.com/mo/belton/1424-e-north-ave
MO,Blue Springs,1115 Ne Coronado Dr,blue-springs,1115-ne-coronado-dr,https://locations.chipotle.com/mo/blue-springs/1115-ne-coronado-dr
MO,Lees Summit,900 Ne Columbus St,lees-summit,900-ne-columbus-st,https://locations.chipotle.com/mo/lees-summit/900-ne-columbus-st
MO,Lees Summit,1716 Nw Chipman Rd,lees-summit,1716-nw-chipman-rd,https://locations.chipotle.com/mo/lees-summit/1716-nw-chipman-rd
MO,Kansas City,4151 Sterling Ave,kansas-city,4151-sterling-ave,https://locations.chipotle.com/mo/kansas-city/4151-sterling-ave
MO,Kansas City,501 W 75th St,kansas-city,501-w-75th-st,https://locations.chipotle.com/mo/kansas-city/501-w-75th-st
MO,Saint Joseph,5107 N Belt Hwy,saint-joseph,5107-n-belt-hwy,https://locations.chipotle.com/mo/saint-joseph/5107-n-belt-hwy
MO,Kansas City,8700 Ne Flintlock Rd,kansas-city,8700-ne-flintlock-rd,https://locations.chipotle.com/mo/kansas-city/8700-ne-flintlock-rd
MO,Kansas City,1370 Walnut St,kansas-city,1370-walnut-st,https://locations.chipotle.com/mo/kansas-city/1370-walnut-st
MO,Kansas City,203 Ne Englewood Rd,kansas-city,203-ne-englewood-rd,https://locations.chipotle.com/mo/kansas-city/203-ne-englewood-rd
MO,Kansas City,4323 N Chouteau Trfy,kansas-city,4323-n-chouteau-trfy,https://locations.chipotle.com/mo/kansas-city/4323-n-chouteau-trfy
MO,Kansas City,4851 Main St,kansas-city,4851-main-st,https://locations.chipotle.com/mo/kansas-city/4851-main-st
MO,Kansas City,6314 N Chatham Ave,kansas-city,6314-n-chatham-ave,https://locations.chipotle.com/mo/kansas-city/6314-n-chatham-ave
MO,Raytown,9205 E State Route 350,raytown,9205-e-state-route-350,https://locations.chipotle.com/mo/raytown/9205-e-state-route-350
MO,Kansas City,8600 N Boardwalk Ave,kansas-city,8600-n-boardwalk-ave,https://locations.chipotle.com/mo/kansas-city/8600-n-boardwalk-ave
MO,Kansas City,1713 W 39th St,kansas-city,1713-w-39th-st,https://locations.chipotle.com/mo/kansas-city/1713-w-39th-st
MO,Grandview,12348 S Us Highway 71,grandview,12348-s-us-highway-71,https://locations.chipotle.com/mo/grandview/12348-s-us-highway-71
MO,Independence,18880 E Valley View Pkwy,independence,18880-e-valley-view-pkwy,https://locations.chipotle.com/mo/independence/18880-e-valley-view-pkwy
MO,Kansas City,10221 State Line Rd,kansas-city,10221-state-line-rd,https://locations.chipotle.com/mo/kansas-city/10221-state-line-rd
MO,Kansas City,13127 State Line Rd,kansas-city,13127-state-line-rd,https://locations.chipotle.com/mo/kansas-city/13127-state-line-rd
TX,Lake Worth,6547 Lake Worth Blvd,lake-worth,6547-lake-worth-blvd,https://locations.chipotle.com/tx/lake-worth/6547-lake-worth-blvd
TX,Fort Worth,3000 W 7th St,fort-worth,3000-w-7th-st,https://locations.chipotle.com/tx/fort-worth/3000-w-7th-st
TX,Fort Worth,6370 Camp Bowie Blvd,fort-worth,6370-camp-bowie-blvd,https://locations.chipotle.com/tx/fort-worth/6370-camp-bowie-blvd
TX,Fort Worth,3050 S Hulen St,fort-worth,3050-s-hulen-st,https://locations.chipotle.com/tx/fort-worth/3050-s-hulen-st
TX,North Richland Hills,5100 Rufe Snow Dr,north-richland-hills,5100-rufe-snow-dr,https://locations.chipotle.com/tx/north-richland-hills/5100-rufe-snow-dr
TX,Arlington,5001 S Cooper St,arlington,5001-s-cooper-st,https://locations.chipotle.com/tx/arlington/5001-s-cooper-st
TX,Arlington,2151 N Collins St,arlington,2151-n-collins-st,https://locations.chipotle.com/tx/arlington/2151-n-collins-st
TX,Watauga,7604 Denton Hwy,watauga,7604-denton-hwy,https://locations.chipotle.com/tx/watauga/7604-denton-hwy
TX,Hurst,1312 W Pipeline Rd,hurst,1312-w-pipeline-rd,https://locations.chipotle.com/tx/hurst/1312-w-pipeline-rd
TX,Southlake,2310 W Southlake Blvd,southlake,2310-w-southlake-blvd,https://locations.chipotle.com/tx/southlake/2310-w-southlake-blvd
TX,Granbury,321 E Us Highway 377,granbury,321-e-us-highway-377,https://locations.chipotle.com/tx/granbury/321-e-us-highway-377
TX,Weatherford,106 E Interstate 20,weatherford,106-e-interstate-20,https://locations.chipotle.com/tx/weatherford/106-e-interstate-20
TX,Colleyville,4609 Colleyville Blvd,colleyville,4609-colleyville-blvd,https://locations.chipotle.com/tx/colleyville/4609-colleyville-blvd
TX,Euless,3010 State Highway 121,euless,3010-state-highway-121,https://locations.chipotle.com/tx/euless/3010-state-highway-121
TX,Bedford,2100 Airport Fwy,bedford,2100-airport-fwy,https://locations.chipotle.com/tx/bedford/2100-airport-fwy
TX,Fort Worth,4484 Bryant Irvin Rd,fort-worth,4484-bryant-irvin-rd,https://locations.chipotle.com/tx/fort-worth/4484-bryant-irvin-rd
TX,Fort Worth,2901 Heritage Trace Pkwy,fort-worth,2901-heritage-trace-pkwy,https://locations.chipotle.com/tx/fort-worth/2901-heritage-trace-pkwy
TX,Southlake,3010 E Southlake Blvd,southlake,3010-e-southlake-blvd,https://locations.chipotle.com/tx/southlake/3010-e-southlake-blvd
TX,Fort Worth,6706 Westworth Blvd,fort-worth,6706-westworth-blvd,https://locations.chipotle.com/tx/fort-worth/6706-westworth-blvd
TX,Arlington,1390 S Cooper St,arlington,1390-s-cooper-st,https://locations.chipotle.com/tx/arlington/1390-s-cooper-st
TX,Fort Worth,1519 W Rosedale St,fort-worth,1519-w-rosedale-st,https://locations.chipotle.com/tx/fort-worth/1519-w-rosedale-st
CA,Glendale,132 N Glendale Ave,glendale,132-n-glendale-ave,https://locations.chipotle.com/ca/glendale/132-n-glendale-ave
CA,Mission Hills,10384 Sepulveda Blvd,mission-hills,10384-sepulveda-blvd,https://locations.chipotle.com/ca/mission-hills/10384-sepulveda-blvd
CA,San Fernando,1100 Truman St,san-fernando,1100-truman-st,https://locations.chipotle.com/ca/san-fernando/1100-truman-st
CA,Chatsworth,9175 De Soto Ave,chatsworth,9175-de-soto-ave,https://locations.chipotle.com/ca/chatsworth/9175-de-soto-ave
CA,Glendale,1135 Glendale Galleria,glendale,1135-glendale-galleria,https://locations.chipotle.com/ca/glendale/1135-glendale-galleria
CA,Studio City,12175 Ventura Blvd,studio-city,12175-ventura-blvd,https://locations.chipotle.com/ca/studio-city/12175-ventura-blvd
CA,Burbank,4012 W Riverside Dr,burbank,4012-w-riverside-dr,https://locations.chipotle.com/ca/burbank/4012-w-riverside-dr
CA,Westlake Village,5754 Lindero Canyon Rd,westlake-village,5754-lindero-canyon-rd,https://locations.chipotle.com/ca/westlake-village/5754-lindero-canyon-rd
CA,Northridge,19332 Nordhoff St,northridge,19332-nordhoff-st,https://locations.chipotle.com/ca/northridge/19332-nordhoff-st
CA,Woodland Hills,5430 Topanga Canyon Blvd,woodland-hills,5430-topanga-canyon-blvd,https://locations.chipotle.com/ca/woodland-hills/5430-topanga-canyon-blvd
CA,Woodland Hills,6443 Canoga Ave,woodland-hills,6443-canoga-ave,https://locations.chipotle.com/ca/woodland-hills/6443-canoga-ave
CA,Panorama City,7940 Van Nuys Blvd,panorama-city,7940-van-nuys-blvd,https://locations.chipotle.com/ca/panorama-city/7940-van-nuys-blvd
CA,Van Nuys,5600 Van Nuys Blvd,van-nuys,5600-van-nuys-blvd,https://locations.chipotle.com/ca/van-nuys/5600-van-nuys-blvd
CA,Tarzana,18700 Ventura Blvd,tarzana,18700-ventura-blvd,https://locations.chipotle.com/ca/tarzana/18700-ventura-blvd
CA,North Hollywood,13075 Victory Blvd,north-hollywood,13075-victory-blvd,https://locations.chipotle.com/ca/north-hollywood/13075-victory-blvd
CA,Sherman Oaks,14708 Ventura Blvd,sherman-oaks,14708-ventura-blvd,https://locations.chipotle.com/ca/sherman-oaks/14708-ventura-blvd
CA,La Canada Flintridge,895 Foothill Blvd,la-canada-flintridge,895-foothill-blvd,https://locations.chipotle.com/ca/la-canada-flintridge/895-foothill-blvd
CA,Sherman Oaks,14006 Riverside Dr,sherman-oaks,14006-riverside-dr,https://locations.chipotle.com/ca/sherman-oaks/14006-riverside-dr
CA,Granada Hills,16959 Devonshire St,granada-hills,16959-devonshire-st,https://locations.chipotle.com/ca/granada-hills/16959-devonshire-st
CA,Burbank,135 E Palm Ave,burbank,135-e-palm-ave,https://locations.chipotle.com/ca/burbank/135-e-palm-ave
CA,Canoga Park,6600 Topanga Canyon Blvd,canoga-park,6600-topanga-canyon-blvd,https://locations.chipotle.com/ca/canoga-park/6600-topanga-canyon-blvd
CA,Northridge,8420 Balboa Blvd,northridge,8420-balboa-blvd,https://locations.chipotle.com/ca/northridge/8420-balboa-blvd
CA,North Hollywood,5240 Lankershim Blvd,north-hollywood,5240-lankershim-blvd,https://locations.chipotle.com/ca/north-hollywood/5240-lankershim-blvd
NC,Asheville,946 Patton Ave,asheville,946-patton-ave,https://locations.chipotle.com/nc/asheville/946-patton-ave
NC,Boone,1787 Blowing Rock Rd,boone,1787-blowing-rock-rd,https://locations.chipotle.com/nc/boone/1787-blowing-rock-rd
NC,Asheville,1828 Hendersonville Rd,asheville,1828-hendersonville-rd,https://locations.chipotle.com/nc/asheville/1828-hendersonville-rd
NC,Hickory,1770 Us Highway 70 Se,hickory,1770-us-highway-70-se,https://locations.chipotle.com/nc/hickory/1770-us-highway-70-se
TX,New Braunfels,156 State Highway 46 S,new-braunfels,156-state-highway-46-s,https://locations.chipotle.com/tx/new-braunfels/156-state-highway-46-s
CA,Santa Cruz,550 River St,santa-cruz,550-river-st,https://locations.chipotle.com/ca/santa-cruz/550-river-st
CA,Salinas,1748 N Main St,salinas,1748-n-main-st,https://locations.chipotle.com/ca/salinas/1748-n-main-st
CA,Capitola,1955 41st Ave,capitola,1955-41st-ave,https://locations.chipotle.com/ca/capitola/1955-41st-ave
CA,Marina,140 General Stillwell Dr,marina,140-general-stillwell-dr,https://locations.chipotle.com/ca/marina/140-general-stillwell-dr
CA,Monterey,500 Del Monte Ctr,monterey,500-del-monte-ctr,https://locations.chipotle.com/ca/monterey/500-del-monte-ctr
CA,Monterey,560 Munras Ave,monterey,560-munras-ave,https://locations.chipotle.com/ca/monterey/560-munras-ave
CA,Sand City,2140 California Ave,sand-city,2140-california-ave,https://locations.chipotle.com/ca/sand-city/2140-california-ave
TX,Houston,7600 Cypress Creek Pkwy,houston,7600-cypress-creek-pkwy,https://locations.chipotle.com/tx/houston/7600-cypress-creek-pkwy
SC,North Myrtle Beach,1502 Highway 17 N,north-myrtle-beach,1502-highway-17-n,https://locations.chipotle.com/sc/north-myrtle-beach/1502-highway-17-n
TX,Sugar Land,19832 Southwest Fwy,sugar-land,19832-southwest-fwy,https://locations.chipotle.com/tx/sugar-land/19832-southwest-fwy
SC,Myrtle Beach,1000 S Commons Dr,myrtle-beach,1000-s-commons-dr,https://locations.chipotle.com/sc/myrtle-beach/1000-s-commons-dr
TX,Spring,6615 N Grand Pkwy W,spring,6615-n-grand-pkwy-w,https://locations.chipotle.com/tx/spring/6615-n-grand-pkwy-w
SC,Myrtle Beach,1229 N Retail Ct,myrtle-beach,1229-n-retail-ct,https://locations.chipotle.com/sc/myrtle-beach/1229-n-retail-ct
SC,North Charleston,7398 Rivers Ave,north-charleston,7398-rivers-ave,https://locations.chipotle.com/sc/north-charleston/7398-rivers-ave
SC,Charleston,374 King St,charleston,374-king-st,https://locations.chipotle.com/sc/charleston/374-king-st
SC,Florence,2617 David H Mcleod Blvd,florence,2617-david-h-mcleod-blvd,https://locations.chipotle.com/sc/florence/2617-david-h-mcleod-blvd
SC,North Charleston,4953 Centre Pointe Dr,north-charleston,4953-centre-pointe-dr,https://locations.chipotle.com/sc/north-charleston/4953-centre-pointe-dr
SC,Bluffton,1250 Fording Island Rd,bluffton,1250-fording-island-rd,https://locations.chipotle.com/sc/bluffton/1250-fording-island-rd
SC,Mt Pleasant,1509 N Highway 17,mt-pleasant,1509-n-highway-17,https://locations.chipotle.com/sc/mt-pleasant/1509-n-highway-17
SC,Summerville,1209 N Main St,summerville,1209-n-main-st,https://locations.chipotle.com/sc/summerville/1209-n-main-st
NY,Kingston,1217 Ulster Ave,kingston,1217-ulster-ave,https://locations.chipotle.com/ny/kingston/1217-ulster-ave
NY,Middletown,444 Rte 211 E,middletown,444-rte-211-e,https://locations.chipotle.com/ny/middletown/444-rte-211-e
NY,West Nyack,1000 Palisades Center Dr,west-nyack,1000-palisades-center-dr,https://locations.chipotle.com/ny/west-nyack/1000-palisades-center-dr
NY,Fishkill,10 Westage Dr,fishkill,10-westage-dr,https://locations.chipotle.com/ny/fishkill/10-westage-dr
NY,Central Valley,498 Red Apple Ct,central-valley,498-red-apple-ct,https://locations.chipotle.com/ny/central-valley/498-red-apple-ct
IL,Deerfield,675 Deerfield Rd,deerfield,675-deerfield-rd,https://locations.chipotle.com/il/deerfield/675-deerfield-rd
IL,Lake Bluff,945 Rockland Rd,lake-bluff,945-rockland-rd,https://locations.chipotle.com/il/lake-bluff/945-rockland-rd
IL,Rosemont,7020 Mannheim Rd,rosemont,7020-mannheim-rd,https://locations.chipotle.com/il/rosemont/7020-mannheim-rd
IL,Evanston,711 Church St,evanston,711-church-st,https://locations.chipotle.com/il/evanston/711-church-st
IL,West Dundee,201 N 8th St,west-dundee,201-n-8th-st,https://locations.chipotle.com/il/west-dundee/201-n-8th-st
IL,Kildeer,20505 Rand Rd,kildeer,20505-rand-rd,https://locations.chipotle.com/il/kildeer/20505-rand-rd
IL,Franklin Park,2926 Mannheim Rd,franklin-park,2926-mannheim-rd,https://locations.chipotle.com/il/franklin-park/2926-mannheim-rd
IL,Algonquin,412 S Randall Rd,algonquin,412-s-randall-rd,https://locations.chipotle.com/il/algonquin/412-s-randall-rd
IL,Schaumburg,5 Woodfield Mall,schaumburg,5-woodfield-mall,https://locations.chipotle.com/il/schaumburg/5-woodfield-mall
IL,Vernon Hills,375 N Milwaukee Ave,vernon-hills,375-n-milwaukee-ave,https://locations.chipotle.com/il/vernon-hills/375-n-milwaukee-ave
IL,Hoffman Estates,15 E Golf Rd,hoffman-estates,15-e-golf-rd,https://locations.chipotle.com/il/hoffman-estates/15-e-golf-rd
IL,Glenview,3846 Willow Road,glenview,3846-willow-road,https://locations.chipotle.com/il/glenview/3846-willow-road
IL,Wheeling,1572 E Lake Cook Rd,wheeling,1572-e-lake-cook-rd,https://locations.chipotle.com/il/wheeling/1572-e-lake-cook-rd
IL,Round Lake Beach,1936 Il Route 83,round-lake-beach,1936-il-route-83,https://locations.chipotle.com/il/round-lake-beach/1936-il-route-83
IL,Northbrook,786 Skokie Blvd,northbrook,786-skokie-blvd,https://locations.chipotle.com/il/northbrook/786-skokie-blvd
IL,Libertyville,139 N Milwaukee Ave,libertyville,139-n-milwaukee-ave,https://locations.chipotle.com/il/libertyville/139-n-milwaukee-ave
IL,Mt Prospect,102 E Kensington Rd,mt-prospect,102-e-kensington-rd,https://locations.chipotle.com/il/mt-prospect/102-e-kensington-rd
IL,Niles,8488 W Golf Rd,niles,8488-w-golf-rd,https://locations.chipotle.com/il/niles/8488-w-golf-rd
IL,Elk Grove Village,910 Elk Grove Town Ctr,elk-grove-village,910-elk-grove-town-ctr,https://locations.chipotle.com/il/elk-grove-village/910-elk-grove-town-ctr
IL,Hoffman Estates,4600 Hoffman Blvd,hoffman-estates,4600-hoffman-blvd,https://locations.chipotle.com/il/hoffman-estates/4600-hoffman-blvd
IL,Glenview,2341 Willow Rd,glenview,2341-willow-rd,https://locations.chipotle.com/il/glenview/2341-willow-rd
IL,Skokie,9408 Skokie Blvd,skokie,9408-skokie-blvd,https://locations.chipotle.com/il/skokie/9408-skokie-blvd
IL,Waukegan,940 S Waukegan Rd,waukegan,940-s-waukegan-rd,https://locations.chipotle.com/il/waukegan/940-s-waukegan-rd
IL,Park Ridge,119 S Northwest Hwy,park-ridge,119-s-northwest-hwy,https://locations.chipotle.com/il/park-ridge/119-s-northwest-hwy
IL,Schaumburg,2558 W Schaumburg Rd,schaumburg,2558-w-schaumburg-rd,https://locations.chipotle.com/il/schaumburg/2558-w-schaumburg-rd
IL,Gurnee,6040 Gurnee Mills Cir E,gurnee,6040-gurnee-mills-cir-e,https://locations.chipotle.com/il/gurnee/6040-gurnee-mills-cir-e
IL,Palatine,781 E Dundee Rd,palatine,781-e-dundee-rd,https://locations.chipotle.com/il/palatine/781-e-dundee-rd
IL,South Elgin,348 Randall Rd,south-elgin,348-randall-rd,https://locations.chipotle.com/il/south-elgin/348-randall-rd
FL,Tallahassee,1801 W Tennessee St,tallahassee,1801-w-tennessee-st,https://locations.chipotle.com/fl/tallahassee/1801-w-tennessee-st
FL,Panama City Beach,100 S Pier Park Dr,panama-city-beach,100-s-pier-park-dr,https://locations.chipotle.com/fl/panama-city-beach/100-s-pier-park-dr
FL,Destin,4281 Legendary Dr,destin,4281-legendary-dr,https://locations.chipotle.com/fl/destin/4281-legendary-dr
FL,Panama City,500 E 23rd St,panama-city,500-e-23rd-st,https://locations.chipotle.com/fl/panama-city/500-e-23rd-st
NJ,Voorhees,700 Haddonfield Berlin Rd,voorhees,700-haddonfield-berlin-rd,https://locations.chipotle.com/nj/voorhees/700-haddonfield-berlin-rd
FL,Tallahassee,1498 Apalachee Pkwy,tallahassee,1498-apalachee-pkwy,https://locations.chipotle.com/fl/tallahassee/1498-apalachee-pkwy
FL,Tallahassee,3425 Thomasville Rd,tallahassee,3425-thomasville-rd,https://locations.chipotle.com/fl/tallahassee/3425-thomasville-rd
NJ,Sicklerville,629 Cross Keys Rd,sicklerville,629-cross-keys-rd,https://locations.chipotle.com/nj/sicklerville/629-cross-keys-rd
NJ,Mount Laurel,10 Centerton Rd,mount-laurel,10-centerton-rd,https://locations.chipotle.com/nj/mount-laurel/10-centerton-rd
NJ,Cinnaminson,115 Route 130 S,cinnaminson,115-route-130-s,https://locations.chipotle.com/nj/cinnaminson/115-route-130-s
NJ,Cherry Hill,818 Haddonfield Rd,cherry-hill,818-haddonfield-rd,https://locations.chipotle.com/nj/cherry-hill/818-haddonfield-rd
NJ,Marlton,500 Route 73 S,marlton,500-route-73-s,https://locations.chipotle.com/nj/marlton/500-route-73-s
NJ,Deptford,2000 Clements Bridge Road,deptford,2000-clements-bridge-road,https://locations.chipotle.com/nj/deptford/2000-clements-bridge-road
NJ,Marlton,882 Route 73 N,marlton,882-route-73-n,https://locations.chipotle.com/nj/marlton/882-route-73-n
MA,Cambridge,598 Massachusetts Ave,cambridge,598-massachusetts-ave,https://locations.chipotle.com/ma/cambridge/598-massachusetts-ave
CA,San Diego,3881 Valley Centre Dr,san-diego,3881-valley-centre-dr,https://locations.chipotle.com/ca/san-diego/3881-valley-centre-dr
CA,San Diego,1504 Garnet Ave,san-diego,1504-garnet-ave,https://locations.chipotle.com/ca/san-diego/1504-garnet-ave
CA,Del Mar,2710 Via De La Valle,del-mar,2710-via-de-la-valle,https://locations.chipotle.com/ca/del-mar/2710-via-de-la-valle
CA,La Jolla,8657 Villa La Jolla Dr,la-jolla,8657-villa-la-jolla-dr,https://locations.chipotle.com/ca/la-jolla/8657-villa-la-jolla-dr
CA,San Diego,5650 Balboa Ave,san-diego,5650-balboa-ave,https://locations.chipotle.com/ca/san-diego/5650-balboa-ave
CA,San Diego,7081 Clairemont Mesa Blvd,san-diego,7081-clairemont-mesa-blvd,https://locations.chipotle.com/ca/san-diego/7081-clairemont-mesa-blvd
CA,San Diego,8250 Mira Mesa Blvd,san-diego,8250-mira-mesa-blvd,https://locations.chipotle.com/ca/san-diego/8250-mira-mesa-blvd
CA,San Diego,10550 Craftsman Way,san-diego,10550-craftsman-way,https://locations.chipotle.com/ca/san-diego/10550-craftsman-way
CA,San Diego,11134 Rancho Carmel Dr,san-diego,11134-rancho-carmel-dr,https://locations.chipotle.com/ca/san-diego/11134-rancho-carmel-dr
CA,San Diego,2750 Bauer Road,san-diego,2750-bauer-road,https://locations.chipotle.com/ca/san-diego/2750-bauer-road
KY,Covington,501 W Fourth St,covington,501-w-fourth-st,https://locations.chipotle.com/ky/covington/501-w-fourth-st
KY,Lexington,1869 Plaudit Pl,lexington,1869-plaudit-pl,https://locations.chipotle.com/ky/lexington/1869-plaudit-pl
KY,Lexington,2905 Richmond Rd,lexington,2905-richmond-rd,https://locations.chipotle.com/ky/lexington/2905-richmond-rd
KY,Erlanger,3100 Dixie Hwy,erlanger,3100-dixie-hwy,https://locations.chipotle.com/ky/erlanger/3100-dixie-hwy
KY,Florence,7516 Mall Rd,florence,7516-mall-rd,https://locations.chipotle.com/ky/florence/7516-mall-rd
KY,Crescent Springs,525 Buttermilk Pike,crescent-springs,525-buttermilk-pike,https://locations.chipotle.com/ky/crescent-springs/525-buttermilk-pike
KY,Lexington,3565 Nicholasville Rd,lexington,3565-nicholasville-rd,https://locations.chipotle.com/ky/lexington/3565-nicholasville-rd
KY,Florence,7915 Dream St,florence,7915-dream-st,https://locations.chipotle.com/ky/florence/7915-dream-st
KY,Lexington,345 S Limestone,lexington,345-s-limestone,https://locations.chipotle.com/ky/lexington/345-s-limestone
KY,Newport,93 Carothers Rd,newport,93-carothers-rd,https://locations.chipotle.com/ky/newport/93-carothers-rd
KY,Highland Heights,2527 Wilson Rd,highland-heights,2527-wilson-rd,https://locations.chipotle.com/ky/highland-heights/2527-wilson-rd
KY,Burlington,1803 Patrick Dr,burlington,1803-patrick-dr,https://locations.chipotle.com/ky/burlington/1803-patrick-dr
CT,Wethersfield,1084 Silas Deane Hwy,wethersfield,1084-silas-deane-hwy,https://locations.chipotle.com/ct/wethersfield/1084-silas-deane-hwy
CT,Southington,785 Queen St,southington,785-queen-st,https://locations.chipotle.com/ct/southington/785-queen-st
CT,West Hartford,1457 New Britain Ave,west-hartford,1457-new-britain-ave,https://locations.chipotle.com/ct/west-hartford/1457-new-britain-ave
CT,West Hartford,966 Farmington Ave,west-hartford,966-farmington-ave,https://locations.chipotle.com/ct/west-hartford/966-farmington-ave
CT,Manchester,48 Hale Rd,manchester,48-hale-rd,https://locations.chipotle.com/ct/manchester/48-hale-rd
CT,Glastonbury,160 Glastonbury Blvd,glastonbury,160-glastonbury-blvd,https://locations.chipotle.com/ct/glastonbury/160-glastonbury-blvd
CT,Newington,3575 Berlin Tpke,newington,3575-berlin-tpke,https://locations.chipotle.com/ct/newington/3575-berlin-tpke
CT,Canton,110 Albany Tpke,canton,110-albany-tpke,https://locations.chipotle.com/ct/canton/110-albany-tpke
CT,Enfield,7 Hazard Ave,enfield,7-hazard-ave,https://locations.chipotle.com/ct/enfield/7-hazard-ave
FL,Winter Haven,804 Cypress Gardens Blvd,winter-haven,804-cypress-gardens-blvd,https://locations.chipotle.com/fl/winter-haven/804-cypress-gardens-blvd
FL,Lakeland,3434 S Florida Ave,lakeland,3434-s-florida-ave,https://locations.chipotle.com/fl/lakeland/3434-s-florida-ave
FL,Lakeland,4204 Us Hwy 98 N,lakeland,4204-us-hwy-98-n,https://locations.chipotle.com/fl/lakeland/4204-us-hwy-98-n
SC,Anderson,3556 Clemson Blvd,anderson,3556-clemson-blvd,https://locations.chipotle.com/sc/anderson/3556-clemson-blvd
SC,Greenville,4 Market Point Dr,greenville,4-market-point-dr,https://locations.chipotle.com/sc/greenville/4-market-point-dr
SC,Greenville,640 Haywood Rd,greenville,640-haywood-rd,https://locations.chipotle.com/sc/greenville/640-haywood-rd
SC,Spartanburg,1490 Wo Ezell Blvd,spartanburg,1490-wo-ezell-blvd,https://locations.chipotle.com/sc/spartanburg/1490-wo-ezell-blvd
SC,Clemson,393 College Ave,clemson,393-college-ave,https://locations.chipotle.com/sc/clemson/393-college-ave
TN,Sevierville,1713 Parkway,sevierville,1713-parkway,https://locations.chipotle.com/tn/sevierville/1713-parkway
TN,Knoxville,11380 Parkside Dr,knoxville,11380-parkside-dr,https://locations.chipotle.com/tn/knoxville/11380-parkside-dr
TN,Knoxville,204 Advantage Pl,knoxville,204-advantage-pl,https://locations.chipotle.com/tn/knoxville/204-advantage-pl
TN,Knoxville,1701 Cumberland Ave,knoxville,1701-cumberland-ave,https://locations.chipotle.com/tn/knoxville/1701-cumberland-ave
TN,Knoxville,7600 Kingston Pike,knoxville,7600-kingston-pike,https://locations.chipotle.com/tn/knoxville/7600-kingston-pike
TN,Knoxville,4829 N Broadway St,knoxville,4829-n-broadway-st,https://locations.chipotle.com/tn/knoxville/4829-n-broadway-st
TN,Memphis,5865 Poplar Ave,memphis,5865-poplar-ave,https://locations.chipotle.com/tn/memphis/5865-poplar-ave
TN,Memphis,2046 Union Ave,memphis,2046-union-ave,https://locations.chipotle.com/tn/memphis/2046-union-ave
TN,Cordova,695 N Germantown Pkwy,cordova,695-n-germantown-pkwy,https://locations.chipotle.com/tn/cordova/695-n-germantown-pkwy
TX,Greenville,3118 Interstate Highway 30,greenville,3118-interstate-highway-30,https://locations.chipotle.com/tx/greenville/3118-interstate-highway-30
TX,Tyler,4751 S Broadway Ave,tyler,4751-s-broadway-ave,https://locations.chipotle.com/tx/tyler/4751-s-broadway-ave
TX,Longview,415 E Loop 281,longview,415-e-loop-281,https://locations.chipotle.com/tx/longview/415-e-loop-281
TX,Texarkana,2502 Richmond Rd,texarkana,2502-richmond-rd,https://locations.chipotle.com/tx/texarkana/2502-richmond-rd
TX,Sherman,875 Northcreek Dr,sherman,875-northcreek-dr,https://locations.chipotle.com/tx/sherman/875-northcreek-dr
FL,Jacksonville,9395 Atlantic Blvd,jacksonville,9395-atlantic-blvd,https://locations.chipotle.com/fl/jacksonville/9395-atlantic-blvd
FL,Jacksonville Beach,1758 3rd St S,jacksonville-beach,1758-3rd-st-s,https://locations.chipotle.com/fl/jacksonville-beach/1758-3rd-st-s
FL,Jacksonville,790 Skymarks Dr,jacksonville,790-skymarks-dr,https://locations.chipotle.com/fl/jacksonville/790-skymarks-dr
FL,Jacksonville,8635 Blanding Blvd,jacksonville,8635-blanding-blvd,https://locations.chipotle.com/fl/jacksonville/8635-blanding-blvd
FL,Saint Augustine,1753 Us Highway 1 S,saint-augustine,1753-us-highway-1-s,https://locations.chipotle.com/fl/saint-augustine/1753-us-highway-1-s
FL,Jacksonville,11113 San Jose Blvd,jacksonville,11113-san-jose-blvd,https://locations.chipotle.com/fl/jacksonville/11113-san-jose-blvd
FL,Jacksonville,13920 Old Saint Augustine Rd,jacksonville,13920-old-saint-augustine-rd,https://locations.chipotle.com/fl/jacksonville/13920-old-saint-augustine-rd
FL,Jacksonville,13546 Beach Blvd,jacksonville,13546-beach-blvd,https://locations.chipotle.com/fl/jacksonville/13546-beach-blvd
FL,Jacksonville,4865 Town Center Pkwy,jacksonville,4865-town-center-pkwy,https://locations.chipotle.com/fl/jacksonville/4865-town-center-pkwy
NJ,Bridgewater,640 Commons Way,bridgewater,640-commons-way,https://locations.chipotle.com/nj/bridgewater/640-commons-way
NJ,Westfield,117 E Broad St,westfield,117-e-broad-st,https://locations.chipotle.com/nj/westfield/117-e-broad-st
NJ,Hillsborough,649 Us Highway 206,hillsborough,649-us-highway-206,https://locations.chipotle.com/nj/hillsborough/649-us-highway-206
NJ,Watchung,1620 Us Highway 22,watchung,1620-us-highway-22,https://locations.chipotle.com/nj/watchung/1620-us-highway-22
NJ,New Providence,1260 Springfield Ave,new-providence,1260-springfield-ave,https://locations.chipotle.com/nj/new-providence/1260-springfield-ave
NJ,Basking Ridge,25 Mountainview Blvd,basking-ridge,25-mountainview-blvd,https://locations.chipotle.com/nj/basking-ridge/25-mountainview-blvd
NJ,South Plainfield,6850 Hadley Road,south-plainfield,6850-hadley-road,https://locations.chipotle.com/nj/south-plainfield/6850-hadley-road
NJ,Bernardsville,80 Morristown Rd,bernardsville,80-morristown-rd,https://locations.chipotle.com/nj/bernardsville/80-morristown-rd
CA,Redlands,635 Orange St,redlands,635-orange-st,https://locations.chipotle.com/ca/redlands/635-orange-st
CA,Redlands,27511 San Bernardino Ave,redlands,27511-san-bernardino-ave,https://locations.chipotle.com/ca/redlands/27511-san-bernardino-ave
CA,Fontana,16595 Sierra Lakes Pkwy,fontana,16595-sierra-lakes-pkwy,https://locations.chipotle.com/ca/fontana/16595-sierra-lakes-pkwy
CA,Diamond Bar,235 S Diamond Bar Blvd,diamond-bar,235-s-diamond-bar-blvd,https://locations.chipotle.com/ca/diamond-bar/235-s-diamond-bar-blvd
CA,Claremont,885 S Indian Hill Blvd,claremont,885-s-indian-hill-blvd,https://locations.chipotle.com/ca/claremont/885-s-indian-hill-blvd
CA,Rancho Cucamonga,10811 Foothill Blvd,rancho-cucamonga,10811-foothill-blvd,https://locations.chipotle.com/ca/rancho-cucamonga/10811-foothill-blvd
CA,Fontana,10515 Sierra Ave,fontana,10515-sierra-ave,https://locations.chipotle.com/ca/fontana/10515-sierra-ave
CA,Upland,1092 N Mountain Ave,upland,1092-n-mountain-ave,https://locations.chipotle.com/ca/upland/1092-n-mountain-ave
CA,Chino Hills,13920 City Center Dr,chino-hills,13920-city-center-dr,https://locations.chipotle.com/ca/chino-hills/13920-city-center-dr
CA,Chino,12188 Central Ave,chino,12188-central-ave,https://locations.chipotle.com/ca/chino/12188-central-ave
CA,Glendora,1365 E Gladstone St,glendora,1365-e-gladstone-st,https://locations.chipotle.com/ca/glendora/1365-e-gladstone-st
CA,Walnut,21710 Valley Blvd,walnut,21710-valley-blvd,https://locations.chipotle.com/ca/walnut/21710-valley-blvd
CA,La Verne,2298 Foothill Blvd,la-verne,2298-foothill-blvd,https://locations.chipotle.com/ca/la-verne/2298-foothill-blvd
CA,Pomona,785 Rio Rancho Rd,pomona,785-rio-rancho-rd,https://locations.chipotle.com/ca/pomona/785-rio-rancho-rd
CA,Montclair,9177 Central Ave,montclair,9177-central-ave,https://locations.chipotle.com/ca/montclair/9177-central-ave
CA,San Bernardino,1092 E Hospitality Ln,san-bernardino,1092-e-hospitality-ln,https://locations.chipotle.com/ca/san-bernardino/1092-e-hospitality-ln
CA,Rialto,1314 S Riverside Ave,rialto,1314-s-riverside-ave,https://locations.chipotle.com/ca/rialto/1314-s-riverside-ave
CA,Rialto,186 E Easton St,rialto,186-e-easton-st,https://locations.chipotle.com/ca/rialto/186-e-easton-st
CA,Rancho Cucamonga,7879 Monticello Ave,rancho-cucamonga,7879-monticello-ave,https://locations.chipotle.com/ca/rancho-cucamonga/7879-monticello-ave
CA,Ontario,2200 S Grove Ave,ontario,2200-s-grove-ave,https://locations.chipotle.com/ca/ontario/2200-s-grove-ave
CA,Ontario,1 Mills Cir,ontario,1-mills-cir,https://locations.chipotle.com/ca/ontario/1-mills-cir
CA,Upland,1053 E 19th St,upland,1053-e-19th-st,https://locations.chipotle.com/ca/upland/1053-e-19th-st
NC,Wilmington,1525 Fordham Rd,wilmington,1525-fordham-rd,https://locations.chipotle.com/nc/wilmington/1525-fordham-rd
NC,Jacksonville,1345 Western Blvd,jacksonville,1345-western-blvd,https://locations.chipotle.com/nc/jacksonville/1345-western-blvd
NC,Fayetteville,4715 Ramsey St,fayetteville,4715-ramsey-st,https://locations.chipotle.com/nc/fayetteville/4715-ramsey-st
CA,Rancho Cucamonga,11334 4th St,rancho-cucamonga,11334-4th-st,https://locations.chipotle.com/ca/rancho-cucamonga/11334-4th-st
NC,Wilmington,941 International Dr,wilmington,941-international-dr,https://locations.chipotle.com/nc/wilmington/941-international-dr
NC,Fayetteville,1918 Skibo Rd,fayetteville,1918-skibo-rd,https://locations.chipotle.com/nc/fayetteville/1918-skibo-rd
GA,Savannah,318 Mall Blvd,savannah,318-mall-blvd,https://locations.chipotle.com/ga/savannah/318-mall-blvd
GA,Pooler,6 Mill Creek Cir,pooler,6-mill-creek-cir,https://locations.chipotle.com/ga/pooler/6-mill-creek-cir
GA,Savannah,1801 E Victory Dr,savannah,1801-e-victory-dr,https://locations.chipotle.com/ga/savannah/1801-e-victory-dr
KS,Shawnee,11805 Shawnee Mission Parkway,shawnee,11805-shawnee-mission-parkway,https://locations.chipotle.com/ks/shawnee/11805-shawnee-mission-parkway
KS,Mission,6864 Johnson Dr,mission,6864-johnson-dr,https://locations.chipotle.com/ks/mission/6864-johnson-dr
KS,Prairie Village,6920 Mission Rd,prairie-village,6920-mission-rd,https://locations.chipotle.com/ks/prairie-village/6920-mission-rd
KS,Kansas City,1813 Village West Pkwy,kansas-city,1813-village-west-pkwy,https://locations.chipotle.com/ks/kansas-city/1813-village-west-pkwy
KS,Olathe,15100 W 119th St,olathe,15100-w-119th-st,https://locations.chipotle.com/ks/olathe/15100-w-119th-st
KS,Overland Park,8301 W 151st St,overland-park,8301-w-151st-st,https://locations.chipotle.com/ks/overland-park/8301-w-151st-st
KS,Lenexa,12150 W 95th St,lenexa,12150-w-95th-st,https://locations.chipotle.com/ks/lenexa/12150-w-95th-st
KS,Overland Park,9900 College Blvd,overland-park,9900-college-blvd,https://locations.chipotle.com/ks/overland-park/9900-college-blvd
KS,Overland Park,11513 W 95th St,overland-park,11513-w-95th-st,https://locations.chipotle.com/ks/overland-park/11513-w-95th-st
KS,Overland Park,6879 W 91st St,overland-park,6879-w-91st-st,https://locations.chipotle.com/ks/overland-park/6879-w-91st-st
KS,Leawood,5065 W 119th St,leawood,5065-w-119th-st,https://locations.chipotle.com/ks/leawood/5065-w-119th-st
KS,Olathe,20080 W 153rd St,olathe,20080-w-153rd-st,https://locations.chipotle.com/ks/olathe/20080-w-153rd-st
KS,Overland Park,7040 W 135th St,overland-park,7040-w-135th-st,https://locations.chipotle.com/ks/overland-park/7040-w-135th-st
NY,Pelham,798 Pelham Pkwy,pelham,798-pelham-pkwy,https://locations.chipotle.com/ny/pelham/798-pelham-pkwy
NY,Dobbs Ferry,12 Lawrence St,dobbs-ferry,12-lawrence-st,https://locations.chipotle.com/ny/dobbs-ferry/12-lawrence-st
NY,Yonkers,5510 Xavier Dr,yonkers,5510-xavier-dr,https://locations.chipotle.com/ny/yonkers/5510-xavier-dr
NY,Rye Brook,100 S Ridge St,rye-brook,100-s-ridge-st,https://locations.chipotle.com/ny/rye-brook/100-s-ridge-st
NY,White Plains,405 Tarrytown Rd,white-plains,405-tarrytown-rd,https://locations.chipotle.com/ny/white-plains/405-tarrytown-rd
TX,Fort Bliss,1617 Pleasonton Road,fort-bliss,1617-pleasonton-road,https://locations.chipotle.com/tx/fort-bliss/1617-pleasonton-road
NY,White Plains,250 Main St,white-plains,250-main-st,https://locations.chipotle.com/ny/white-plains/250-main-st
TX,El Paso,1355 George Dieter Dr,el-paso,1355-george-dieter-dr,https://locations.chipotle.com/tx/el-paso/1355-george-dieter-dr
TX,El Paso,2900 N Mesa St,el-paso,2900-n-mesa-st,https://locations.chipotle.com/tx/el-paso/2900-n-mesa-st
TX,El Paso,8889 Gateway Blvd W,el-paso,8889-gateway-blvd-w,https://locations.chipotle.com/tx/el-paso/8889-gateway-blvd-w
TX,El Paso,10771 Gateway South Boulevard,el-paso,10771-gateway-south-boulevard,https://locations.chipotle.com/tx/el-paso/10771-gateway-south-boulevard
TX,El Paso,6801 N Mesa St,el-paso,6801-n-mesa-st,https://locations.chipotle.com/tx/el-paso/6801-n-mesa-st
TX,El Paso,6450 N Desert Blvd,el-paso,6450-n-desert-blvd,https://locations.chipotle.com/tx/el-paso/6450-n-desert-blvd
CA,Sacramento,5040 Auburn Blvd,sacramento,5040-auburn-blvd,https://locations.chipotle.com/ca/sacramento/5040-auburn-blvd
CA,Sacramento,1601 Broadway,sacramento,1601-broadway,https://locations.chipotle.com/ca/sacramento/1601-broadway
CA,Sacramento,1831 Capitol Ave,sacramento,1831-capitol-ave,https://locations.chipotle.com/ca/sacramento/1831-capitol-ave
CA,Sacramento,4001 Freeport Blvd,sacramento,4001-freeport-blvd,https://locations.chipotle.com/ca/sacramento/4001-freeport-blvd
CA,Sacramento,5738 Folsom Blvd,sacramento,5738-folsom-blvd,https://locations.chipotle.com/ca/sacramento/5738-folsom-blvd
CA,Elk Grove,4730 Elk Grove Blvd,elk-grove,4730-elk-grove-blvd,https://locations.chipotle.com/ca/elk-grove/4730-elk-grove-blvd
CA,Fair Oaks,5223 Hazel Ave,fair-oaks,5223-hazel-ave,https://locations.chipotle.com/ca/fair-oaks/5223-hazel-ave
CA,Sacramento,3830 Truxel Rd,sacramento,3830-truxel-rd,https://locations.chipotle.com/ca/sacramento/3830-truxel-rd
CA,Sacramento,2800 Del Paso Rd,sacramento,2800-del-paso-rd,https://locations.chipotle.com/ca/sacramento/2800-del-paso-rd
CA,West Sacramento,775 Ikea Ct,west-sacramento,775-ikea-ct,https://locations.chipotle.com/ca/west-sacramento/775-ikea-ct
CA,Sacramento,1729 Howe Ave,sacramento,1729-howe-ave,https://locations.chipotle.com/ca/sacramento/1729-howe-ave
CA,Rocklin,5194 Commons Dr,rocklin,5194-commons-dr,https://locations.chipotle.com/ca/rocklin/5194-commons-dr
CA,Sacramento,8124 Delta Shores Cir S,sacramento,8124-delta-shores-cir-s,https://locations.chipotle.com/ca/sacramento/8124-delta-shores-cir-s
CA,Elk Grove,7440 Laguna Blvd,elk-grove,7440-laguna-blvd,https://locations.chipotle.com/ca/elk-grove/7440-laguna-blvd
CA,Roseville,1136 Galleria Blvd,roseville,1136-galleria-blvd,https://locations.chipotle.com/ca/roseville/1136-galleria-blvd
CA,Roseville,3988 Douglas Blvd,roseville,3988-douglas-blvd,https://locations.chipotle.com/ca/roseville/3988-douglas-blvd
CA,Roseville,781 Pleasant Grove Blvd,roseville,781-pleasant-grove-blvd,https://locations.chipotle.com/ca/roseville/781-pleasant-grove-blvd
CA,Rancho Cordova,2878 Zinfandel Dr,rancho-cordova,2878-zinfandel-dr,https://locations.chipotle.com/ca/rancho-cordova/2878-zinfandel-dr
CA,Folsom,1001 E Bidwell St,folsom,1001-e-bidwell-st,https://locations.chipotle.com/ca/folsom/1001-e-bidwell-st
CA,Gold River,2350 Sunrise Blvd,gold-river,2350-sunrise-blvd,https://locations.chipotle.com/ca/gold-river/2350-sunrise-blvd
CA,Folsom,2379 Iron Point Rd,folsom,2379-iron-point-rd,https://locations.chipotle.com/ca/folsom/2379-iron-point-rd
CA,Citrus Heights,5851 Sunrise Blvd,citrus-heights,5851-sunrise-blvd,https://locations.chipotle.com/ca/citrus-heights/5851-sunrise-blvd
NY,New York,405 Avenue Of The Americas,new-york,405-avenue-of-the-americas,https://locations.chipotle.com/ny/new-york/405-avenue-of-the-americas
OK,Tulsa,5730 E 41st St,tulsa,5730-e-41st-st,https://locations.chipotle.com/ok/tulsa/5730-e-41st-st
OK,Tulsa,10410 S Memorial Dr,tulsa,10410-s-memorial-dr,https://locations.chipotle.com/ok/tulsa/10410-s-memorial-dr
OK,Tulsa,10902 E 71st St,tulsa,10902-e-71st-st,https://locations.chipotle.com/ok/tulsa/10902-e-71st-st
OK,Tulsa,6060 S Yale Ave,tulsa,6060-s-yale-ave,https://locations.chipotle.com/ok/tulsa/6060-s-yale-ave
NC,Cary,204 Crossroads Blvd,cary,204-crossroads-blvd,https://locations.chipotle.com/nc/cary/204-crossroads-blvd
OK,Tulsa,1623 E 15th St,tulsa,1623-e-15th-st,https://locations.chipotle.com/ok/tulsa/1623-e-15th-st
NC,Durham,6910 Fayetteville Rd,durham,6910-fayetteville-rd,https://locations.chipotle.com/nc/durham/6910-fayetteville-rd
NC,Apex,1081 Pine Plaza Dr,apex,1081-pine-plaza-dr,https://locations.chipotle.com/nc/apex/1081-pine-plaza-dr
NC,Durham,2608 Erwin Rd,durham,2608-erwin-rd,https://locations.chipotle.com/nc/durham/2608-erwin-rd
NC,Morrisville,1516 Village Market Pl,morrisville,1516-village-market-pl,https://locations.chipotle.com/nc/morrisville/1516-village-market-pl
NC,Durham,3219 Watkins Rd,durham,3219-watkins-rd,https://locations.chipotle.com/nc/durham/3219-watkins-rd
NC,Cary,100 Wrenn Dr,cary,100-wrenn-dr,https://locations.chipotle.com/nc/cary/100-wrenn-dr
NC,Durham,3800 N Roxboro St,durham,3800-n-roxboro-st,https://locations.chipotle.com/nc/durham/3800-n-roxboro-st
NC,Wake Forest,11700 Retail Dr,wake-forest,11700-retail-dr,https://locations.chipotle.com/nc/wake-forest/11700-retail-dr
NC,Fuquay Varina,1385 N Main St,fuquay-varina,1385-n-main-st,https://locations.chipotle.com/nc/fuquay-varina/1385-n-main-st
NC,Garner,68 Eagle Wing Way,garner,68-eagle-wing-way,https://locations.chipotle.com/nc/garner/68-eagle-wing-way
NC,Goldsboro,501 N Berkeley Blvd,goldsboro,501-n-berkeley-blvd,https://locations.chipotle.com/nc/goldsboro/501-n-berkeley-blvd
NC,Raleigh,4421 Six Forks Rd,raleigh,4421-six-forks-rd,https://locations.chipotle.com/nc/raleigh/4421-six-forks-rd
NC,Raleigh,6602 Glenwood Ave,raleigh,6602-glenwood-ave,https://locations.chipotle.com/nc/raleigh/6602-glenwood-ave
NC,Raleigh,6081 Capital Blvd,raleigh,6081-capital-blvd,https://locations.chipotle.com/nc/raleigh/6081-capital-blvd
NC,Raleigh,2316 Hillsborough St,raleigh,2316-hillsborough-st,https://locations.chipotle.com/nc/raleigh/2316-hillsborough-st
NC,Chapel Hill,1490 Fordham Blvd,chapel-hill,1490-fordham-blvd,https://locations.chipotle.com/nc/chapel-hill/1490-fordham-blvd
NC,Raleigh,6102 Falls Of Neuse Rd,raleigh,6102-falls-of-neuse-rd,https://locations.chipotle.com/nc/raleigh/6102-falls-of-neuse-rd
NC,Chapel Hill,301 W Franklin St,chapel-hill,301-w-franklin-st,https://locations.chipotle.com/nc/chapel-hill/301-w-franklin-st
NC,Raleigh,9504 Strickland Rd,raleigh,9504-strickland-rd,https://locations.chipotle.com/nc/raleigh/9504-strickland-rd
NC,Smithfield,120 S Equity Dr,smithfield,120-s-equity-dr,https://locations.chipotle.com/nc/smithfield/120-s-equity-dr
WI,Ashwaubenon,2388 S Oneida St,ashwaubenon,2388-s-oneida-st,https://locations.chipotle.com/wi/ashwaubenon/2388-s-oneida-st
WI,Appleton,W3198 County Road Kk,appleton,w3198-county-road-kk,https://locations.chipotle.com/wi/appleton/w3198-county-road-kk
WI,Grand Chute,111 N Mall Dr,grand-chute,111-n-mall-dr,https://locations.chipotle.com/wi/grand-chute/111-n-mall-dr
CA,Lafayette,3518 Mt Diablo Blvd,lafayette,3518-mt-diablo-blvd,https://locations.chipotle.com/ca/lafayette/3518-mt-diablo-blvd
CA,Livermore,4691 1st St,livermore,4691-1st-st,https://locations.chipotle.com/ca/livermore/4691-1st-st
CA,Livermore,3238 Livermore Outlets Dr,livermore,3238-livermore-outlets-dr,https://locations.chipotle.com/ca/livermore/3238-livermore-outlets-dr
CA,Dublin,5240 Dublin Blvd,dublin,5240-dublin-blvd,https://locations.chipotle.com/ca/dublin/5240-dublin-blvd
CA,Brentwood,5401 Lone Tree Way,brentwood,5401-lone-tree-way,https://locations.chipotle.com/ca/brentwood/5401-lone-tree-way
CA,Pleasant Hill,552 Contra Costa Blvd,pleasant-hill,552-contra-costa-blvd,https://locations.chipotle.com/ca/pleasant-hill/552-contra-costa-blvd
CA,Pleasant Hill,60 Crescent Dr,pleasant-hill,60-crescent-dr,https://locations.chipotle.com/ca/pleasant-hill/60-crescent-dr
CA,Concord,785 Oak Grove Rd,concord,785-oak-grove-rd,https://locations.chipotle.com/ca/concord/785-oak-grove-rd
CA,Danville,33 Railroad Ave,danville,33-railroad-ave,https://locations.chipotle.com/ca/danville/33-railroad-ave
CA,Pittsburg,4418 Century Blvd,pittsburg,4418-century-blvd,https://locations.chipotle.com/ca/pittsburg/4418-century-blvd
CA,San Ramon,2421 San Ramon Valley Blvd,san-ramon,2421-san-ramon-valley-blvd,https://locations.chipotle.com/ca/san-ramon/2421-san-ramon-valley-blvd
CA,Dublin,7020 Amador Plaza Rd,dublin,7020-amador-plaza-rd,https://locations.chipotle.com/ca/dublin/7020-amador-plaza-rd
CA,Walnut Creek,1158 Locust St,walnut-creek,1158-locust-st,https://locations.chipotle.com/ca/walnut-creek/1158-locust-st
CA,Martinez,1061 Arnold Dr,martinez,1061-arnold-dr,https://locations.chipotle.com/ca/martinez/1061-arnold-dr
AZ,Prescott Valley,5791 E State Route 69,prescott-valley,5791-e-state-route-69,https://locations.chipotle.com/az/prescott-valley/5791-e-state-route-69
AZ,Sedona,361 Forest Rd,sedona,361-forest-rd,https://locations.chipotle.com/az/sedona/361-forest-rd
AZ,Lake Havasu City,55 Lake Havasu Ave S,lake-havasu-city,55-lake-havasu-ave-s,https://locations.chipotle.com/az/lake-havasu-city/55-lake-havasu-ave-s
AZ,Kingman,3455 N Stockton Hill Rd,kingman,3455-n-stockton-hill-rd,https://locations.chipotle.com/az/kingman/3455-n-stockton-hill-rd
AZ,Flagstaff,1111 S Plaza Way,flagstaff,1111-s-plaza-way,https://locations.chipotle.com/az/flagstaff/1111-s-plaza-way
TN,Cookeville,1255 Interstate Dr,cookeville,1255-interstate-dr,https://locations.chipotle.com/tn/cookeville/1255-interstate-dr
TN,Clarksville,625 Kennedy Ln,clarksville,625-kennedy-ln,https://locations.chipotle.com/tn/clarksville/625-kennedy-ln
TX,Huntsville,213 Interstate 45 S,huntsville,213-interstate-45-s,https://locations.chipotle.com/tx/huntsville/213-interstate-45-s
AZ,Yuma,1525 S Yuma Palms Pkwy,yuma,1525-s-yuma-palms-pkwy,https://locations.chipotle.com/az/yuma/1525-s-yuma-palms-pkwy
AZ,Prescott,351 N Montezuma St,prescott,351-n-montezuma-st,https://locations.chipotle.com/az/prescott/351-n-montezuma-st
TX,Conroe,3085 College Park Dr,conroe,3085-college-park-dr,https://locations.chipotle.com/tx/conroe/3085-college-park-dr
TX,Nacogdoches,2111 North St,nacogdoches,2111-north-st,https://locations.chipotle.com/tx/nacogdoches/2111-north-st
TX,Conroe,1301 W Davis St,conroe,1301-w-davis-st,https://locations.chipotle.com/tx/conroe/1301-w-davis-st
OH,Huber Heights,7767 Old Troy Pike,huber-heights,7767-old-troy-pike,https://locations.chipotle.com/oh/huber-heights/7767-old-troy-pike
OH,Kettering,4329 Far Hills Ave,kettering,4329-far-hills-ave,https://locations.chipotle.com/oh/kettering/4329-far-hills-ave
OH,Troy,1934 W Main St,troy,1934-w-main-st,https://locations.chipotle.com/oh/troy/1934-w-main-st
OH,Xenia,1620 W Park Square,xenia,1620-w-park-square,https://locations.chipotle.com/oh/xenia/1620-w-park-square
OH,Springfield,1930 N Bechtle Ave,springfield,1930-n-bechtle-ave,https://locations.chipotle.com/oh/springfield/1930-n-bechtle-ave
OH,Dayton,4473 Walnut St,dayton,4473-walnut-st,https://locations.chipotle.com/oh/dayton/4473-walnut-st
OH,Beavercreek,2544 Zink Rd,beavercreek,2544-zink-rd,https://locations.chipotle.com/oh/beavercreek/2544-zink-rd
OH,Beavercreek,3286 Pentagon Blvd,beavercreek,3286-pentagon-blvd,https://locations.chipotle.com/oh/beavercreek/3286-pentagon-blvd
OH,Washington Township,1051 Miamisburg Centerville Rd,washington-township,1051-miamisburg-centerville-rd,https://locations.chipotle.com/oh/washington-township/1051-miamisburg-centerville-rd
OH,Dayton,1211 Brown St,dayton,1211-brown-st,https://locations.chipotle.com/oh/dayton/1211-brown-st
OH,Sidney,1975 Michigan St,sidney,1975-michigan-st,https://locations.chipotle.com/oh/sidney/1975-michigan-st
OH,Marysville,1089 Delaware Ave,marysville,1089-delaware-ave,https://locations.chipotle.com/oh/marysville/1089-delaware-ave
OH,Springboro,5 Greenwood Ln,springboro,5-greenwood-ln,https://locations.chipotle.com/oh/springboro/5-greenwood-ln
OH,Englewood,9208 N Main St,englewood,9208-n-main-st,https://locations.chipotle.com/oh/englewood/9208-n-main-st
OH,Miamisburg,10671 Innovation Dr,miamisburg,10671-innovation-dr,https://locations.chipotle.com/oh/miamisburg/10671-innovation-dr
OH,Dayton,6000 Wilmington Pike,dayton,6000-wilmington-pike,https://locations.chipotle.com/oh/dayton/6000-wilmington-pike
OH,Dayton,6759 Miller Ln,dayton,6759-miller-ln,https://locations.chipotle.com/oh/dayton/6759-miller-ln
TX,Denton,2735 W University Dr,denton,2735-w-university-dr,https://locations.chipotle.com/tx/denton/2735-w-university-dr
TX,Denton,1800 S Loop 288,denton,1800-s-loop-288,https://locations.chipotle.com/tx/denton/1800-s-loop-288
FL,Sarasota,97 N Cattlemen Rd,sarasota,97-n-cattlemen-rd,https://locations.chipotle.com/fl/sarasota/97-n-cattlemen-rd
FL,Sarasota,5354 Fruitville Rd,sarasota,5354-fruitville-rd,https://locations.chipotle.com/fl/sarasota/5354-fruitville-rd
FL,Sarasota,1707 S Tamiami Trl,sarasota,1707-s-tamiami-trl,https://locations.chipotle.com/fl/sarasota/1707-s-tamiami-trl
TX,Denton,1224 W Hickory St,denton,1224-w-hickory-st,https://locations.chipotle.com/tx/denton/1224-w-hickory-st
TX,Wichita Falls,3910 Wayne Ave,wichita-falls,3910-wayne-ave,https://locations.chipotle.com/tx/wichita-falls/3910-wayne-ave
FL,North Port,17019 Tamiami Trl,north-port,17019-tamiami-trl,https://locations.chipotle.com/fl/north-port/17019-tamiami-trl
FL,Bradenton,1608 Cortez Rd W,bradenton,1608-cortez-rd-w,https://locations.chipotle.com/fl/bradenton/1608-cortez-rd-w
FL,Lakewood Ranch,11715 State Road 70 E,lakewood-ranch,11715-state-road-70-e,https://locations.chipotle.com/fl/lakewood-ranch/11715-state-road-70-e
CA,Newport Beach,1322 Bison Ave,newport-beach,1322-bison-ave,https://locations.chipotle.com/ca/newport-beach/1322-bison-ave
CA,Mission Viejo,Vc10 Shops At Mission Viejo,mission-viejo,vc10-shops-at-mission-viejo,https://locations.chipotle.com/ca/mission-viejo/vc10-shops-at-mission-viejo
CA,Mission Viejo,27750 Crown Valley Pkwy,mission-viejo,27750-crown-valley-pkwy,https://locations.chipotle.com/ca/mission-viejo/27750-crown-valley-pkwy
CA,San Clemente,806 Avenida Pico,san-clemente,806-avenida-pico,https://locations.chipotle.com/ca/san-clemente/806-avenida-pico
CA,Irvine,3966 Barranca Pkwy,irvine,3966-barranca-pkwy,https://locations.chipotle.com/ca/irvine/3966-barranca-pkwy
CA,Laguna Niguel,27221 La Paz Rd,laguna-niguel,27221-la-paz-rd,https://locations.chipotle.com/ca/laguna-niguel/27221-la-paz-rd
CA,Irvine,6424 Irvine Blvd,irvine,6424-irvine-blvd,https://locations.chipotle.com/ca/irvine/6424-irvine-blvd
CA,Rancho Santa Margarita,22245 El Paseo,rancho-santa-margarita,22245-el-paseo,https://locations.chipotle.com/ca/rancho-santa-margarita/22245-el-paseo
CA,Laguna Niguel,32391 Golden Lantern,laguna-niguel,32391-golden-lantern,https://locations.chipotle.com/ca/laguna-niguel/32391-golden-lantern
CA,Mission Viejo,25523 Marguerite Pkwy,mission-viejo,25523-marguerite-pkwy,https://locations.chipotle.com/ca/mission-viejo/25523-marguerite-pkwy
CA,Lake Forest,23645 El Toro Road,lake-forest,23645-el-toro-road,https://locations.chipotle.com/ca/lake-forest/23645-el-toro-road
CA,Costa Mesa,2300 Harbor Blvd,costa-mesa,2300-harbor-blvd,https://locations.chipotle.com/ca/costa-mesa/2300-harbor-blvd
CA,Newport Beach,3101 Newport Blvd,newport-beach,3101-newport-blvd,https://locations.chipotle.com/ca/newport-beach/3101-newport-blvd
CA,Irvine,4255 Campus Dr,irvine,4255-campus-dr,https://locations.chipotle.com/ca/irvine/4255-campus-dr
CA,Irvine,731 Spectrum Center Dr,irvine,731-spectrum-center-dr,https://locations.chipotle.com/ca/irvine/731-spectrum-center-dr
CA,Lake Forest,22379 El Toro Rd,lake-forest,22379-el-toro-rd,https://locations.chipotle.com/ca/lake-forest/22379-el-toro-rd
NC,Durham,5431 Page Rd,durham,5431-page-rd,https://locations.chipotle.com/nc/durham/5431-page-rd
CA,Temecula,26440 Ynez Rd,temecula,26440-ynez-rd,https://locations.chipotle.com/ca/temecula/26440-ynez-rd
CA,Temecula,32195 Temecula Pkwy,temecula,32195-temecula-pkwy,https://locations.chipotle.com/ca/temecula/32195-temecula-pkwy
CA,Eastvale,12411 Limonite Ave,eastvale,12411-limonite-ave,https://locations.chipotle.com/ca/eastvale/12411-limonite-ave
CA,Menifee,30024 Haun Rd,menifee,30024-haun-rd,https://locations.chipotle.com/ca/menifee/30024-haun-rd
CA,Corona,2560 Tuscany St,corona,2560-tuscany-st,https://locations.chipotle.com/ca/corona/2560-tuscany-st
CA,Riverside,3510 Tyler St,riverside,3510-tyler-st,https://locations.chipotle.com/ca/riverside/3510-tyler-st
CA,Riverside,8956 Trautwein Rd,riverside,8956-trautwein-rd,https://locations.chipotle.com/ca/riverside/8956-trautwein-rd
CA,Perris,1870 N Perris Blvd,perris,1870-n-perris-blvd,https://locations.chipotle.com/ca/perris/1870-n-perris-blvd
CA,Murrieta,40940 California Oaks Rd,murrieta,40940-california-oaks-rd,https://locations.chipotle.com/ca/murrieta/40940-california-oaks-rd
CA,Moreno Valley,12625 Frederick St,moreno-valley,12625-frederick-st,https://locations.chipotle.com/ca/moreno-valley/12625-frederick-st
CA,Hemet,2465 W Florida Ave,hemet,2465-w-florida-ave,https://locations.chipotle.com/ca/hemet/2465-w-florida-ave
CA,Corona,1160 E Ontario Ave,corona,1160-e-ontario-ave,https://locations.chipotle.com/ca/corona/1160-e-ontario-ave
CA,Banning,300 S Highland Springs Ave,banning,300-s-highland-springs-ave,https://locations.chipotle.com/ca/banning/300-s-highland-springs-ave
CA,Riverside,3525 Riverside Plaza Dr,riverside,3525-riverside-plaza-dr,https://locations.chipotle.com/ca/riverside/3525-riverside-plaza-dr
CA,Norco,1409 Hamner Ave,norco,1409-hamner-ave,https://locations.chipotle.com/ca/norco/1409-hamner-ave
CA,Cabazon,48557 Morongo Trl,cabazon,48557-morongo-trl,https://locations.chipotle.com/ca/cabazon/48557-morongo-trl
MN,Chanhassen,560 W 79th St,chanhassen,560-w-79th-st,https://locations.chipotle.com/mn/chanhassen/560-w-79th-st
MN,Shakopee,8094 Old Carriage Ct,shakopee,8094-old-carriage-ct,https://locations.chipotle.com/mn/shakopee/8094-old-carriage-ct
MN,Apple Valley,7638 150th St W,apple-valley,7638-150th-st-w,https://locations.chipotle.com/mn/apple-valley/7638-150th-st-w
MN,Wayzata,1313 Wayzata Blvd,wayzata,1313-wayzata-blvd,https://locations.chipotle.com/mn/wayzata/1313-wayzata-blvd
MN,Bloomington,322 S Avenue,bloomington,322-s-avenue,https://locations.chipotle.com/mn/bloomington/322-s-avenue
MN,Bloomington,10629 France Ave S,bloomington,10629-france-ave-s,https://locations.chipotle.com/mn/bloomington/10629-france-ave-s
MN,Lakeville,17599 Kenwood Trl,lakeville,17599-kenwood-trl,https://locations.chipotle.com/mn/lakeville/17599-kenwood-trl
MN,Burnsville,728 County Road 42 W,burnsville,728-county-road-42-w,https://locations.chipotle.com/mn/burnsville/728-county-road-42-w
MN,St Louis Park,5580 Excelsior Blvd,st-louis-park,5580-excelsior-blvd,https://locations.chipotle.com/mn/st-louis-park/5580-excelsior-blvd
MN,Edina,6801 York Ave S,edina,6801-york-ave-s,https://locations.chipotle.com/mn/edina/6801-york-ave-s
MN,Eden Prairie,13250 Technology Dr,eden-prairie,13250-technology-dr,https://locations.chipotle.com/mn/eden-prairie/13250-technology-dr
MN,Minnetonka,4717 County Road 101,minnetonka,4717-county-road-101,https://locations.chipotle.com/mn/minnetonka/4717-county-road-101
FL,Coral Springs,1775 N University Dr,coral-springs,1775-n-university-dr,https://locations.chipotle.com/fl/coral-springs/1775-n-university-dr
FL,Coral Springs,4600 N University Dr,coral-springs,4600-n-university-dr,https://locations.chipotle.com/fl/coral-springs/4600-n-university-dr
FL,Deerfield Beach,777 S Federal Hwy,deerfield-beach,777-s-federal-hwy,https://locations.chipotle.com/fl/deerfield-beach/777-s-federal-hwy
FL,Plantation,1760 N University Dr,plantation,1760-n-university-dr,https://locations.chipotle.com/fl/plantation/1760-n-university-dr
FL,Weston,4477 Weston Rd,weston,4477-weston-rd,https://locations.chipotle.com/fl/weston/4477-weston-rd
FL,Pembroke Pines,15880 Pines Blvd,pembroke-pines,15880-pines-blvd,https://locations.chipotle.com/fl/pembroke-pines/15880-pines-blvd
FL,Miramar,3231 Sw 160th Ave,miramar,3231-sw-160th-ave,https://locations.chipotle.com/fl/miramar/3231-sw-160th-ave
FL,Pembroke Pines,11041 Pines Blvd,pembroke-pines,11041-pines-blvd,https://locations.chipotle.com/fl/pembroke-pines/11041-pines-blvd
FL,Davie,2110 S University Dr,davie,2110-s-university-dr,https://locations.chipotle.com/fl/davie/2110-s-university-dr
FL,Ft Lauderdale,6320 N Andrews Ave,ft-lauderdale,6320-n-andrews-ave,https://locations.chipotle.com/fl/ft-lauderdale/6320-n-andrews-ave
FL,Fort Lauderdale,1515 Se 17th St,fort-lauderdale,1515-se-17th-st,https://locations.chipotle.com/fl/fort-lauderdale/1515-se-17th-st
FL,Fort Lauderdale,1736 N Federal Hwy,fort-lauderdale,1736-n-federal-hwy,https://locations.chipotle.com/fl/fort-lauderdale/1736-n-federal-hwy
FL,Fort Lauderdale,2610 W Broward Blvd,fort-lauderdale,2610-w-broward-blvd,https://locations.chipotle.com/fl/fort-lauderdale/2610-w-broward-blvd
FL,Davie,5796 South University Dr,davie,5796-south-university-dr,https://locations.chipotle.com/fl/davie/5796-south-university-dr
FL,Lauderhill,5435 N University Dr,lauderhill,5435-n-university-dr,https://locations.chipotle.com/fl/lauderhill/5435-n-university-dr
FL,Fort Lauderdale,4850 N Federal Hwy,fort-lauderdale,4850-n-federal-hwy,https://locations.chipotle.com/fl/fort-lauderdale/4850-n-federal-hwy
FL,Pompano Beach,2390 N Federal Hwy,pompano-beach,2390-n-federal-hwy,https://locations.chipotle.com/fl/pompano-beach/2390-n-federal-hwy
FL,Coral Springs,4220 N State Road 7,coral-springs,4220-n-state-road-7,https://locations.chipotle.com/fl/coral-springs/4220-n-state-road-7
FL,Sunrise,12801 W Sunrise Blvd,sunrise,12801-w-sunrise-blvd,https://locations.chipotle.com/fl/sunrise/12801-w-sunrise-blvd
FL,Sunrise,129 Nw 136th Ave A190,sunrise,129-nw-136th-ave-a190,https://locations.chipotle.com/fl/sunrise/129-nw-136th-ave-a190
FL,Hollywood,1774 Sheridan St,hollywood,1774-sheridan-st,https://locations.chipotle.com/fl/hollywood/1774-sheridan-st
FL,Dania Beach,1780 Stirling Rd,dania-beach,1780-stirling-rd,https://locations.chipotle.com/fl/dania-beach/1780-stirling-rd
TX,Harlingen,410 Dixieland Rd,harlingen,410-dixieland-rd,https://locations.chipotle.com/tx/harlingen/410-dixieland-rd
TX,Mcallen,7300 N 10th St,mcallen,7300-n-10th-st,https://locations.chipotle.com/tx/mcallen/7300-n-10th-st
TX,Mcallen,3400 W Expressway 83,mcallen,3400-w-expressway-83,https://locations.chipotle.com/tx/mcallen/3400-w-expressway-83
CO,Greeley,807 17th St,greeley,807-17th-st,https://locations.chipotle.com/co/greeley/807-17th-st
CO,Grand Junction,2504 Highway 6 And 50,grand-junction,2504-highway-6-and-50,https://locations.chipotle.com/co/grand-junction/2504-highway-6-and-50
TX,Pharr,500 N Jackson Rd,pharr,500-n-jackson-rd,https://locations.chipotle.com/tx/pharr/500-n-jackson-rd
CO,Fort Collins,2120 E Harmony Rd,fort-collins,2120-e-harmony-rd,https://locations.chipotle.com/co/fort-collins/2120-e-harmony-rd
TX,Laredo,1211 Del Mar Blvd,laredo,1211-del-mar-blvd,https://locations.chipotle.com/tx/laredo/1211-del-mar-blvd
CO,Fort Collins,649 S College Ave,fort-collins,649-s-college-ave,https://locations.chipotle.com/co/fort-collins/649-s-college-ave
CO,Loveland,1569 Fall River Dr,loveland,1569-fall-river-dr,https://locations.chipotle.com/co/loveland/1569-fall-river-dr
CO,Silverthorne,247 Rainbow Dr,silverthorne,247-rainbow-dr,https://locations.chipotle.com/co/silverthorne/247-rainbow-dr
CO,Loveland,1421 W Eisenhower Blvd,loveland,1421-w-eisenhower-blvd,https://locations.chipotle.com/co/loveland/1421-w-eisenhower-blvd
OR,Portland,1201 Nw Lovejoy St,portland,1201-nw-lovejoy-st,https://locations.chipotle.com/or/portland/1201-nw-lovejoy-st
TX,Dallas,12747 Midway Rd,dallas,12747-midway-rd,https://locations.chipotle.com/tx/dallas/12747-midway-rd
TX,Cedar Hill,398 E Fm 1382,cedar-hill,398-e-fm-1382,https://locations.chipotle.com/tx/cedar-hill/398-e-fm-1382
TX,Plano,340 Coit Rd,plano,340-coit-rd,https://locations.chipotle.com/tx/plano/340-coit-rd
OR,Portland,13535 Nw Cornell Rd,portland,13535-nw-cornell-rd,https://locations.chipotle.com/or/portland/13535-nw-cornell-rd
TX,Lewisville,2605 S Stemmons Fwy,lewisville,2605-s-stemmons-fwy,https://locations.chipotle.com/tx/lewisville/2605-s-stemmons-fwy
TX,Grapevine,2225 E Grapevine Mills Cir,grapevine,2225-e-grapevine-mills-cir,https://locations.chipotle.com/tx/grapevine/2225-e-grapevine-mills-cir
TX,Lewisville,5040 State Highway 121,lewisville,5040-state-highway-121,https://locations.chipotle.com/tx/lewisville/5040-state-highway-121
TX,Plano,500 E Spring Creek Pkwy,plano,500-e-spring-creek-pkwy,https://locations.chipotle.com/tx/plano/500-e-spring-creek-pkwy
TX,Coppell,104 S Denton Tap Rd,coppell,104-s-denton-tap-rd,https://locations.chipotle.com/tx/coppell/104-s-denton-tap-rd
TX,Carrollton,1016 E Hebron Pkwy,carrollton,1016-e-hebron-pkwy,https://locations.chipotle.com/tx/carrollton/1016-e-hebron-pkwy
TX,Plano,5717 Legacy Dr,plano,5717-legacy-dr,https://locations.chipotle.com/tx/plano/5717-legacy-dr
TX,Irving,7717 N Macarthur Blvd,irving,7717-n-macarthur-blvd,https://locations.chipotle.com/tx/irving/7717-n-macarthur-blvd
TX,Grand Prairie,1220 Arkansas Ln,grand-prairie,1220-arkansas-ln,https://locations.chipotle.com/tx/grand-prairie/1220-arkansas-ln
TX,Garland,4170 Lavon Dr,garland,4170-lavon-dr,https://locations.chipotle.com/tx/garland/4170-lavon-dr
TX,Mckinney,2811 Craig Dr,mckinney,2811-craig-dr,https://locations.chipotle.com/tx/mckinney/2811-craig-dr
TX,Mckinney,2014 W University Dr,mckinney,2014-w-university-dr,https://locations.chipotle.com/tx/mckinney/2014-w-university-dr
TX,Terrell,1396 Fm Rr 148,terrell,1396-fm-rr-148,https://locations.chipotle.com/tx/terrell/1396-fm-rr-148
TX,Grand Prairie,4095 S Carrier Pkwy,grand-prairie,4095-s-carrier-pkwy,https://locations.chipotle.com/tx/grand-prairie/4095-s-carrier-pkwy
TX,Mesquite,1715 N Town East Blvd,mesquite,1715-n-town-east-blvd,https://locations.chipotle.com/tx/mesquite/1715-n-town-east-blvd
TX,Plano,1009 N Central Expy,plano,1009-n-central-expy,https://locations.chipotle.com/tx/plano/1009-n-central-expy
TX,Red Oak,100 Sharaf Ave,red-oak,100-sharaf-ave,https://locations.chipotle.com/tx/red-oak/100-sharaf-ave
TX,Frisco,3401 Preston Rd,frisco,3401-preston-rd,https://locations.chipotle.com/tx/frisco/3401-preston-rd
TX,Irving,118 E John Carpenter Fwy,irving,118-e-john-carpenter-fwy,https://locations.chipotle.com/tx/irving/118-e-john-carpenter-fwy
TX,Dallas,39779 Lyndon B Johnson Fwy,dallas,39779-lyndon-b-johnson-fwy,https://locations.chipotle.com/tx/dallas/39779-lyndon-b-johnson-fwy
TX,Dallas,11930 Preston Rd,dallas,11930-preston-rd,https://locations.chipotle.com/tx/dallas/11930-preston-rd
TX,Irving,2800 N Belt Line Rd,irving,2800-n-belt-line-rd,https://locations.chipotle.com/tx/irving/2800-n-belt-line-rd
TX,Flower Mound,6100 Long Prairie Rd,flower-mound,6100-long-prairie-rd,https://locations.chipotle.com/tx/flower-mound/6100-long-prairie-rd
TX,Murphy,121 E Fm 544,murphy,121-e-fm-544,https://locations.chipotle.com/tx/murphy/121-e-fm-544
TX,Richardson,283 W Campbell Rd,richardson,283-w-campbell-rd,https://locations.chipotle.com/tx/richardson/283-w-campbell-rd
TX,Addison,3771 Belt Line Rd,addison,3771-belt-line-rd,https://locations.chipotle.com/tx/addison/3771-belt-line-rd
TX,Irving,8445 N Belt Line Rd,irving,8445-n-belt-line-rd,https://locations.chipotle.com/tx/irving/8445-n-belt-line-rd
TX,Dallas,5290 Belt Line Rd,dallas,5290-belt-line-rd,https://locations.chipotle.com/tx/dallas/5290-belt-line-rd
TX,Waxahachie,1440 N Highway 77,waxahachie,1440-n-highway-77,https://locations.chipotle.com/tx/waxahachie/1440-n-highway-77
TX,Rockwall,951 E Interstate 30,rockwall,951-e-interstate-30,https://locations.chipotle.com/tx/rockwall/951-e-interstate-30
TX,Dallas,18152 Preston Rd,dallas,18152-preston-rd,https://locations.chipotle.com/tx/dallas/18152-preston-rd
NJ,West Caldwell,749 Bloomfield Ave,west-caldwell,749-bloomfield-ave,https://locations.chipotle.com/nj/west-caldwell/749-bloomfield-ave
NJ,Wayne,70 Willowbrook Blvd,wayne,70-willowbrook-blvd,https://locations.chipotle.com/nj/wayne/70-willowbrook-blvd
NJ,Madison,6 Main St,madison,6-main-st,https://locations.chipotle.com/nj/madison/6-main-st
NJ,Parsippany,1131 Us Highway 46,parsippany,1131-us-highway-46,https://locations.chipotle.com/nj/parsippany/1131-us-highway-46
NJ,Springfield,697 Morris Tpke,springfield,697-morris-tpke,https://locations.chipotle.com/nj/springfield/697-morris-tpke
NJ,Springfield,101 Us Highway 22,springfield,101-us-highway-22,https://locations.chipotle.com/nj/springfield/101-us-highway-22
NJ,Rockaway,301 Mt Hope Ave,rockaway,301-mt-hope-ave,https://locations.chipotle.com/nj/rockaway/301-mt-hope-ave
NJ,East Hanover,368 State Route 10,east-hanover,368-state-route-10,https://locations.chipotle.com/nj/east-hanover/368-state-route-10
NJ,Newark,222 Market St,newark,222-market-st,https://locations.chipotle.com/nj/newark/222-market-st
NJ,Morris Plains,1711 State Route 10,morris-plains,1711-state-route-10,https://locations.chipotle.com/nj/morris-plains/1711-state-route-10
NJ,West Orange,235 Prospect Ave,west-orange,235-prospect-ave,https://locations.chipotle.com/nj/west-orange/235-prospect-ave
MA,Chelmsford,65 Drum Hill Rd,chelmsford,65-drum-hill-rd,https://locations.chipotle.com/ma/chelmsford/65-drum-hill-rd
NJ,Clifton,380 State Rt 3,clifton,380-state-rt-3,https://locations.chipotle.com/nj/clifton/380-state-rt-3
NJ,Bloomfield,240 Bloomfield Ave,bloomfield,240-bloomfield-ave,https://locations.chipotle.com/nj/bloomfield/240-bloomfield-ave
MA,Peabody,210 Andover St,peabody,210-andover-st,https://locations.chipotle.com/ma/peabody/210-andover-st
MA,Westford,174 Littleton Rd,westford,174-littleton-rd,https://locations.chipotle.com/ma/westford/174-littleton-rd
MA,Billerica,199 Boston Rd,billerica,199-boston-rd,https://locations.chipotle.com/ma/billerica/199-boston-rd
MA,North Andover,93 Turnpike St,north-andover,93-turnpike-st,https://locations.chipotle.com/ma/north-andover/93-turnpike-st
MA,Methuen,90 Pleasant Valley St,methuen,90-pleasant-valley-st,https://locations.chipotle.com/ma/methuen/90-pleasant-valley-st
MA,Beverly,55 Dodge St,beverly,55-dodge-st,https://locations.chipotle.com/ma/beverly/55-dodge-st
TX,College Station,1505 University Dr E,college-station,1505-university-dr-e,https://locations.chipotle.com/tx/college-station/1505-university-dr-e
TX,College Station,815 University Dr,college-station,815-university-dr,https://locations.chipotle.com/tx/college-station/815-university-dr
LA,Mandeville,3810 Highway 22,mandeville,3810-highway-22,https://locations.chipotle.com/la/mandeville/3810-highway-22
LA,Slidell,400 Town Center Pkwy,slidell,400-town-center-pkwy,https://locations.chipotle.com/la/slidell/400-town-center-pkwy
MI,Mt Pleasant,1720 S Mission St,mt-pleasant,1720-s-mission-st,https://locations.chipotle.com/mi/mt-pleasant/1720-s-mission-st
MI,Saginaw,2721 Tittabawassee Rd,saginaw,2721-tittabawassee-rd,https://locations.chipotle.com/mi/saginaw/2721-tittabawassee-rd
FL,Orlando,2903 E Colonial Dr,orlando,2903-e-colonial-dr,https://locations.chipotle.com/fl/orlando/2903-e-colonial-dr
FL,Orlando,2850 S Kirkman Rd,orlando,2850-s-kirkman-rd,https://locations.chipotle.com/fl/orlando/2850-s-kirkman-rd
FL,Orlando,2610 S Semoran Blvd,orlando,2610-s-semoran-blvd,https://locations.chipotle.com/fl/orlando/2610-s-semoran-blvd
IL,Skokie,5373 Touhy Ave,skokie,5373-touhy-ave,https://locations.chipotle.com/il/skokie/5373-touhy-ave
IL,Oak Park,1128 Lake St,oak-park,1128-lake-st,https://locations.chipotle.com/il/oak-park/1128-lake-st
TX,North Richland Hills,9127 Grapevine Hwy,north-richland-hills,9127-grapevine-hwy,https://locations.chipotle.com/tx/north-richland-hills/9127-grapevine-hwy
TX,Houston,2027 S Shepherd Dr,houston,2027-s-shepherd-dr,https://locations.chipotle.com/tx/houston/2027-s-shepherd-dr
CO,Lone Tree,8515 Park Meadows Center Dr,lone-tree,8515-park-meadows-center-dr,https://locations.chipotle.com/co/lone-tree/8515-park-meadows-center-dr
CO,Denver,2500 E Colfax Ave,denver,2500-e-colfax-ave,https://locations.chipotle.com/co/denver/2500-e-colfax-ave
CA,Sacramento,2517 Fair Oaks Blvd,sacramento,2517-fair-oaks-blvd,https://locations.chipotle.com/ca/sacramento/2517-fair-oaks-blvd
OR,Happy Valley,17015 Se Sunnyside Rd,happy-valley,17015-se-sunnyside-rd,https://locations.chipotle.com/or/happy-valley/17015-se-sunnyside-rd
VA,Mechanicsville,7314 Bell Creek Rd,mechanicsville,7314-bell-creek-rd,https://locations.chipotle.com/va/mechanicsville/7314-bell-creek-rd
MA,Haverhill,89 Plaistow Rd,haverhill,89-plaistow-rd,https://locations.chipotle.com/ma/haverhill/89-plaistow-rd
IN,Crown Point,10715 Broadway,crown-point,10715-broadway,https://locations.chipotle.com/in/crown-point/10715-broadway
NY,Bohemia,5181 Sunrise Hwy,bohemia,5181-sunrise-hwy,https://locations.chipotle.com/ny/bohemia/5181-sunrise-hwy
NY,Brooklyn,774 Broadway,brooklyn,774-broadway,https://locations.chipotle.com/ny/brooklyn/774-broadway
MO,Columbia,2020 W Worley St,columbia,2020-w-worley-st,https://locations.chipotle.com/mo/columbia/2020-w-worley-st
MN,Coon Rapids,2170 Northdale Blvd Nw,coon-rapids,2170-northdale-blvd-nw,https://locations.chipotle.com/mn/coon-rapids/2170-northdale-blvd-nw
FL,Orlando,11513 Regency Village Dr,orlando,11513-regency-village-dr,https://locations.chipotle.com/fl/orlando/11513-regency-village-dr
MA,Worcester,49 Park Ave,worcester,49-park-ave,https://locations.chipotle.com/ma/worcester/49-park-ave
KS,Olathe,14317 W 135th St,olathe,14317-w-135th-st,https://locations.chipotle.com/ks/olathe/14317-w-135th-st
MA,Waltham,1110 Lexington St,waltham,1110-lexington-st,https://locations.chipotle.com/ma/waltham/1110-lexington-st
NY,Brooklyn,474 Fulton St,brooklyn,474-fulton-st,https://locations.chipotle.com/ny/brooklyn/474-fulton-st
GA,Newnan,1200 Highway 34 E,newnan,1200-highway-34-e,https://locations.chipotle.com/ga/newnan/1200-highway-34-e
NJ,Moorestown,1600 Nixon Dr,moorestown,1600-nixon-dr,https://locations.chipotle.com/nj/moorestown/1600-nixon-dr
MN,Brooklyn Park,5901 94th Ave N,brooklyn-park,5901-94th-ave-n,https://locations.chipotle.com/mn/brooklyn-park/5901-94th-ave-n
CA,Concord,2002 Salvio St,concord,2002-salvio-st,https://locations.chipotle.com/ca/concord/2002-salvio-st
DC,Washington,1571 Alabama Ave Se,washington,1571-alabama-ave-se,https://locations.chipotle.com/dc/washington/1571-alabama-ave-se
CA,Aliso Viejo,26661 Aliso Creek Rd,aliso-viejo,26661-aliso-creek-rd,https://locations.chipotle.com/ca/aliso-viejo/26661-aliso-creek-rd
MA,Plymouth,51 Commerce Way,plymouth,51-commerce-way,https://locations.chipotle.com/ma/plymouth/51-commerce-way
MI,Sterling Heights,35394 Van Dyke Ave,sterling-heights,35394-van-dyke-ave,https://locations.chipotle.com/mi/sterling-heights/35394-van-dyke-ave
NC,Burlington,649 Huffman Mill Rd,burlington,649-huffman-mill-rd,https://locations.chipotle.com/nc/burlington/649-huffman-mill-rd
MN,Chaska,1112 Hazeltine Blvd,chaska,1112-hazeltine-blvd,https://locations.chipotle.com/mn/chaska/1112-hazeltine-blvd
CA,Santa Clara,3249 Coronado Pl,santa-clara,3249-coronado-pl,https://locations.chipotle.com/ca/santa-clara/3249-coronado-pl
FL,Daytona Beach,1425 Cornerstone Blvd,daytona-beach,1425-cornerstone-blvd,https://locations.chipotle.com/fl/daytona-beach/1425-cornerstone-blvd
DC,Washington,2430 Market St Ne,washington,2430-market-st-ne,https://locations.chipotle.com/dc/washington/2430-market-st-ne
PA,Philadelphia,1851 S Christopher Columbus Blvd,philadelphia,1851-s-christopher-columbus-blvd,https://locations.chipotle.com/pa/philadelphia/1851-s-christopher-columbus-blvd
CO,Westminster,14452 Orchard Pkwy,westminster,14452-orchard-pkwy,https://locations.chipotle.com/co/westminster/14452-orchard-pkwy
KS,Olathe,197 N Parker St,olathe,197-n-parker-st,https://locations.chipotle.com/ks/olathe/197-n-parker-st
PA,Murrysville,4899 William Penn Hwy,murrysville,4899-william-penn-hwy,https://locations.chipotle.com/pa/murrysville/4899-william-penn-hwy
SC,Columbia,10136 Two Notch Rd,columbia,10136-two-notch-rd,https://locations.chipotle.com/sc/columbia/10136-two-notch-rd
CT,Middletown,808 Washington St,middletown,808-washington-st,https://locations.chipotle.com/ct/middletown/808-washington-st
CA,Pleasanton,6654 Koll Center Pkwy,pleasanton,6654-koll-center-pkwy,https://locations.chipotle.com/ca/pleasanton/6654-koll-center-pkwy
KY,Union,9039 Us Highway 42,union,9039-us-highway-42,https://locations.chipotle.com/ky/union/9039-us-highway-42
NY,Albany,17 New Scotland Ave,albany,17-new-scotland-ave,https://locations.chipotle.com/ny/albany/17-new-scotland-ave
GA,Marietta,3606 Sandy Plains Rd,marietta,3606-sandy-plains-rd,https://locations.chipotle.com/ga/marietta/3606-sandy-plains-rd
VA,Roanoke,4753 Valley View Blvd Nw,roanoke,4753-valley-view-blvd-nw,https://locations.chipotle.com/va/roanoke/4753-valley-view-blvd-nw
FL,New Port Richey,3286 Word Way,new-port-richey,3286-word-way,https://locations.chipotle.com/fl/new-port-richey/3286-word-way
PA,Allison Park,4960 William Flynn Hwy,allison-park,4960-william-flynn-hwy,https://locations.chipotle.com/pa/allison-park/4960-william-flynn-hwy
LA,New Orleans,2801 Magazine St,new-orleans,2801-magazine-st,https://locations.chipotle.com/la/new-orleans/2801-magazine-st
VA,Dulles,22000 Dulles Retail Plz,dulles,22000-dulles-retail-plz,https://locations.chipotle.com/va/dulles/22000-dulles-retail-plz
CA,Porterville,1174 W Henderson Ave,porterville,1174-w-henderson-ave,https://locations.chipotle.com/ca/porterville/1174-w-henderson-ave
CO,Westminster,7303 Federal Blvd,westminster,7303-federal-blvd,https://locations.chipotle.com/co/westminster/7303-federal-blvd
OH,Youngstown,320 Wick Ave,youngstown,320-wick-ave,https://locations.chipotle.com/oh/youngstown/320-wick-ave
PA,Philadelphia,1000 S Broad St,philadelphia,1000-s-broad-st,https://locations.chipotle.com/pa/philadelphia/1000-s-broad-st
NJ,Jersey City,26 Journal Square,jersey-city,26-journal-square,https://locations.chipotle.com/nj/jersey-city/26-journal-square
TX,Roanoke,1347 N Highway 377,roanoke,1347-n-highway-377,https://locations.chipotle.com/tx/roanoke/1347-n-highway-377
PA,Bensalem,2307 Street Rd,bensalem,2307-street-rd,https://locations.chipotle.com/pa/bensalem/2307-street-rd
NY,East Northport,4000 Jericho Tpke,east-northport,4000-jericho-tpke,https://locations.chipotle.com/ny/east-northport/4000-jericho-tpke
NY,Mount Kisco,195 N Bedford Rd,mount-kisco,195-n-bedford-rd,https://locations.chipotle.com/ny/mount-kisco/195-n-bedford-rd
GA,Atlanta,1080 Peachtree St Ne,atlanta,1080-peachtree-st-ne,https://locations.chipotle.com/ga/atlanta/1080-peachtree-st-ne
FL,Palm Beach Gardens,5240 Donald Ross Rd,palm-beach-gardens,5240-donald-ross-rd,https://locations.chipotle.com/fl/palm-beach-gardens/5240-donald-ross-rd
CA,Placentia,1474 N Kraemer Blvd,placentia,1474-n-kraemer-blvd,https://locations.chipotle.com/ca/placentia/1474-n-kraemer-blvd
NY,Elmhurst,40 37 82nd St,elmhurst,40-37-82nd-st,https://locations.chipotle.com/ny/elmhurst/40-37-82nd-st
AZ,Yuma,3080 S 4th Ave,yuma,3080-s-4th-ave,https://locations.chipotle.com/az/yuma/3080-s-4th-ave
NJ,Union,1101 Morris Ave,union,1101-morris-ave,https://locations.chipotle.com/nj/union/1101-morris-ave
TX,Fort Worth,7100 Blue Mound Rd,fort-worth,7100-blue-mound-rd,https://locations.chipotle.com/tx/fort-worth/7100-blue-mound-rd
VA,Norfolk,132 E Little Creek Rd,norfolk,132-e-little-creek-rd,https://locations.chipotle.com/va/norfolk/132-e-little-creek-rd
PA,State College,1850 N Atherton St,state-college,1850-n-atherton-st,https://locations.chipotle.com/pa/state-college/1850-n-atherton-st
OH,Hamilton,1455 Main St,hamilton,1455-main-st,https://locations.chipotle.com/oh/hamilton/1455-main-st
MA,Leominster,252 Mill St,leominster,252-mill-st,https://locations.chipotle.com/ma/leominster/252-mill-st
GA,Hinesville,806 W Oglethorpe Hwy,hinesville,806-w-oglethorpe-hwy,https://locations.chipotle.com/ga/hinesville/806-w-oglethorpe-hwy
CA,City Of Industry,15495 Valley Blvd,city-of-industry,15495-valley-blvd,https://locations.chipotle.com/ca/city-of-industry/15495-valley-blvd
NV,Henderson,9210 S Eastern Ave,henderson,9210-s-eastern-ave,https://locations.chipotle.com/nv/henderson/9210-s-eastern-ave
TX,Mesquite,125 Us 80 E,mesquite,125-us-80-e,https://locations.chipotle.com/tx/mesquite/125-us-80-e
FL,Kissimmee,8124 W Irlo Bronson Hwy,kissimmee,8124-w-irlo-bronson-hwy,https://locations.chipotle.com/fl/kissimmee/8124-w-irlo-bronson-hwy
TX,Fort Worth,4200 Highway 360,fort-worth,4200-highway-360,https://locations.chipotle.com/tx/fort-worth/4200-highway-360
IL,Aurora,1167 N Eola Rd,aurora,1167-n-eola-rd,https://locations.chipotle.com/il/aurora/1167-n-eola-rd
KY,Hebron,2100 Medical Arts Dr,hebron,2100-medical-arts-dr,https://locations.chipotle.com/ky/hebron/2100-medical-arts-dr
CA,Lodi,2601 Reynolds Ranch Pkwy,lodi,2601-reynolds-ranch-pkwy,https://locations.chipotle.com/ca/lodi/2601-reynolds-ranch-pkwy
OH,Uniontown,1840 Franks Pkwy,uniontown,1840-franks-pkwy,https://locations.chipotle.com/oh/uniontown/1840-franks-pkwy
NY,Cicero,7944 Brewerton Rd,cicero,7944-brewerton-rd,https://locations.chipotle.com/ny/cicero/7944-brewerton-rd
MI,Shelby Township,13488 23 Mile Rd,shelby-township,13488-23-mile-rd,https://locations.chipotle.com/mi/shelby-township/13488-23-mile-rd
GA,Austell,3999 Austell Rd,austell,3999-austell-rd,https://locations.chipotle.com/ga/austell/3999-austell-rd
KY,Ft Mitchell,3459 Valley Plaza Pkwy,ft-mitchell,3459-valley-plaza-pkwy,https://locations.chipotle.com/ky/ft-mitchell/3459-valley-plaza-pkwy
IL,Chicago,725 S Seeley St,chicago,725-s-seeley-st,https://locations.chipotle.com/il/chicago/725-s-seeley-st
MN,Baxter,14203 Edgewood Dr,baxter,14203-edgewood-dr,https://locations.chipotle.com/mn/baxter/14203-edgewood-dr
CA,Oroville,325 Oroville Dam Blvd,oroville,325-oroville-dam-blvd,https://locations.chipotle.com/ca/oroville/325-oroville-dam-blvd
AL,Cullman,1821 Cherokee Ave Sw,cullman,1821-cherokee-ave-sw,https://locations.chipotle.com/al/cullman/1821-cherokee-ave-sw
GA,Fayetteville,1135 Highway 85 N,fayetteville,1135-highway-85-n,https://locations.chipotle.com/ga/fayetteville/1135-highway-85-n
FL,Jacksonville,9671 Argyle Forest Blvd,jacksonville,9671-argyle-forest-blvd,https://locations.chipotle.com/fl/jacksonville/9671-argyle-forest-blvd
CA,South Lake Tahoe,3640 A Lake Tahoe Blvd,south-lake-tahoe,3640-a-lake-tahoe-blvd,https://locations.chipotle.com/ca/south-lake-tahoe/3640-a-lake-tahoe-blvd
OH,Ravenna,787 E Main St,ravenna,787-e-main-st,https://locations.chipotle.com/oh/ravenna/787-e-main-st
FL,Davenport,1091 Posner Blvd,davenport,1091-posner-blvd,https://locations.chipotle.com/fl/davenport/1091-posner-blvd
IL,Lockport,16433 W 159th St,lockport,16433-w-159th-st,https://locations.chipotle.com/il/lockport/16433-w-159th-st
TX,Corinth,8201 S Interstate 35 E,corinth,8201-s-interstate-35-e,https://locations.chipotle.com/tx/corinth/8201-s-interstate-35-e
GA,Dawsonville,285 Marketplace Blvd,dawsonville,285-marketplace-blvd,https://locations.chipotle.com/ga/dawsonville/285-marketplace-blvd
PA,Langhorne,2370 E Lincoln Hwy,langhorne,2370-e-lincoln-hwy,https://locations.chipotle.com/pa/langhorne/2370-e-lincoln-hwy
MA,Watertown,69 Bond St,watertown,69-bond-st,https://locations.chipotle.com/ma/watertown/69-bond-st
TX,Friendswood,1705 S Friendswood Dr,friendswood,1705-s-friendswood-dr,https://locations.chipotle.com/tx/friendswood/1705-s-friendswood-dr
TX,Dallas,8018 Park Ln,dallas,8018-park-ln,https://locations.chipotle.com/tx/dallas/8018-park-ln
FL,Tallahassee,699 W Gaines St,tallahassee,699-w-gaines-st,https://locations.chipotle.com/fl/tallahassee/699-w-gaines-st
TX,Richmond,19235 W Bellfort St,richmond,19235-w-bellfort-st,https://locations.chipotle.com/tx/richmond/19235-w-bellfort-st
TX,Austin,1109 E 5th St,austin,1109-e-5th-st,https://locations.chipotle.com/tx/austin/1109-e-5th-st
FL,Miami,110 Nw 42nd Ave,miami,110-nw-42nd-ave,https://locations.chipotle.com/fl/miami/110-nw-42nd-ave
WA,Wenatchee,1121 N Mission St,wenatchee,1121-n-mission-st,https://locations.chipotle.com/wa/wenatchee/1121-n-mission-st
NM,Santa Fe,1001 S Saint Francis Dr,santa-fe,1001-s-saint-francis-dr,https://locations.chipotle.com/nm/santa-fe/1001-s-saint-francis-dr
NC,Charlotte,316 S Tryon St,charlotte,316-s-tryon-st,https://locations.chipotle.com/nc/charlotte/316-s-tryon-st
WV,Morgantown,461 High St,morgantown,461-high-st,https://locations.chipotle.com/wv/morgantown/461-high-st
AZ,Green Valley,18725 S Nogales Hwy,green-valley,18725-s-nogales-hwy,https://locations.chipotle.com/az/green-valley/18725-s-nogales-hwy
TX,Spring,4053 Riley Fuzzel Rd,spring,4053-riley-fuzzel-rd,https://locations.chipotle.com/tx/spring/4053-riley-fuzzel-rd
FL,Miami,10600 N Kendall Dr,miami,10600-n-kendall-dr,https://locations.chipotle.com/fl/miami/10600-n-kendall-dr
OH,Painesville,7 W Jackson St,painesville,7-w-jackson-st,https://locations.chipotle.com/oh/painesville/7-w-jackson-st
NJ,Lawrenceville,3371 Us Highway 1,lawrenceville,3371-us-highway-1,https://locations.chipotle.com/nj/lawrenceville/3371-us-highway-1
OH,Akron,1289 George Washington Blvd,akron,1289-george-washington-blvd,https://locations.chipotle.com/oh/akron/1289-george-washington-blvd
TX,Dallas,2401 Victory Park Ln,dallas,2401-victory-park-ln,https://locations.chipotle.com/tx/dallas/2401-victory-park-ln
GA,Peachtree City,101 City Cir,peachtree-city,101-city-cir,https://locations.chipotle.com/ga/peachtree-city/101-city-cir
FL,Delray Beach,4789 W Atlantic Ave,delray-beach,4789-w-atlantic-ave,https://locations.chipotle.com/fl/delray-beach/4789-w-atlantic-ave
OH,Cambridge,61690 Southgate Rd,cambridge,61690-southgate-rd,https://locations.chipotle.com/oh/cambridge/61690-southgate-rd
CA,Sacramento,615 David J Stern Walk,sacramento,615-david-j-stern-walk,https://locations.chipotle.com/ca/sacramento/615-david-j-stern-walk
MI,Taylor,23111 Eureka Rd,taylor,23111-eureka-rd,https://locations.chipotle.com/mi/taylor/23111-eureka-rd
MN,Roseville,2720 Lincoln Dr,roseville,2720-lincoln-dr,https://locations.chipotle.com/mn/roseville/2720-lincoln-dr
KS,Wichita,2121 N Amidon Ave,wichita,2121-n-amidon-ave,https://locations.chipotle.com/ks/wichita/2121-n-amidon-ave
OH,Ashtabula,2911 N Ridge Rd E,ashtabula,2911-n-ridge-rd-e,https://locations.chipotle.com/oh/ashtabula/2911-n-ridge-rd-e
NJ,Manahawkin,385 Martin Truex Jr Blvd,manahawkin,385-martin-truex-jr-blvd,https://locations.chipotle.com/nj/manahawkin/385-martin-truex-jr-blvd
TX,Spring,8675 Spring Cypress Rd,spring,8675-spring-cypress-rd,https://locations.chipotle.com/tx/spring/8675-spring-cypress-rd
IL,Chicago,1027 W Addison St,chicago,1027-w-addison-st,https://locations.chipotle.com/il/chicago/1027-w-addison-st
ND,Fargo,1204 19th Ave N,fargo,1204-19th-ave-n,https://locations.chipotle.com/nd/fargo/1204-19th-ave-n
IL,Elgin,2500 N Randall Rd,elgin,2500-n-randall-rd,https://locations.chipotle.com/il/elgin/2500-n-randall-rd
TX,Flower Mound,1900 Long Prairie Rd,flower-mound,1900-long-prairie-rd,https://locations.chipotle.com/tx/flower-mound/1900-long-prairie-rd
OH,West Chester,7903 Crossings Of Beckett Dr,west-chester,7903-crossings-of-beckett-dr,https://locations.chipotle.com/oh/west-chester/7903-crossings-of-beckett-dr
OH,Lancaster,1248 E Main St,lancaster,1248-e-main-st,https://locations.chipotle.com/oh/lancaster/1248-e-main-st
TN,Chattanooga,2122 Gunbarrel Rd,chattanooga,2122-gunbarrel-rd,https://locations.chipotle.com/tn/chattanooga/2122-gunbarrel-rd
FL,Boynton Beach,1620 S Federal Hwy,boynton-beach,1620-s-federal-hwy,https://locations.chipotle.com/fl/boynton-beach/1620-s-federal-hwy
IL,Decatur,4165 N Water St,decatur,4165-n-water-st,https://locations.chipotle.com/il/decatur/4165-n-water-st
IN,Fishers,9760 E 116th St,fishers,9760-e-116th-st,https://locations.chipotle.com/in/fishers/9760-e-116th-st
TX,Houston,15710 North Fwy,houston,15710-north-fwy,https://locations.chipotle.com/tx/houston/15710-north-fwy
MD,Baltimore,600 E Pratt St,baltimore,600-e-pratt-st,https://locations.chipotle.com/md/baltimore/600-e-pratt-st
CO,Highlands Ranch,9579 S University Blvd,highlands-ranch,9579-s-university-blvd,https://locations.chipotle.com/co/highlands-ranch/9579-s-university-blvd
FL,Miami,1700 Nw 117th Pl,miami,1700-nw-117th-pl,https://locations.chipotle.com/fl/miami/1700-nw-117th-pl
OH,Columbus,4782 W Broad St,columbus,4782-w-broad-st,https://locations.chipotle.com/oh/columbus/4782-w-broad-st
DE,Wilmington,2209 Concord Pike,wilmington,2209-concord-pike,https://locations.chipotle.com/de/wilmington/2209-concord-pike
TX,Dallas,9291 Garland Rd,dallas,9291-garland-rd,https://locations.chipotle.com/tx/dallas/9291-garland-rd
OH,Bellefontaine,1551 S Main St,bellefontaine,1551-s-main-st,https://locations.chipotle.com/oh/bellefontaine/1551-s-main-st
TX,Houston,5706 San Felipe St,houston,5706-san-felipe-st,https://locations.chipotle.com/tx/houston/5706-san-felipe-st
TX,San Antonio,407 W Loop 1604 S,san-antonio,407-w-loop-1604-s,https://locations.chipotle.com/tx/san-antonio/407-w-loop-1604-s
AZ,Tempe,1655 W Elliot Rd,tempe,1655-w-elliot-rd,https://locations.chipotle.com/az/tempe/1655-w-elliot-rd
IL,Chicago,1142 S Wabash Ave,chicago,1142-s-wabash-ave,https://locations.chipotle.com/il/chicago/1142-s-wabash-ave
AZ,Phoenix,1818 W Bethany Home Rd,phoenix,1818-w-bethany-home-rd,https://locations.chipotle.com/az/phoenix/1818-w-bethany-home-rd
WI,Madison,7066 Sligo Dr,madison,7066-sligo-dr,https://locations.chipotle.com/wi/madison/7066-sligo-dr
KS,Lenexa,16101 W 87th St Pkwy,lenexa,16101-w-87th-st-pkwy,https://locations.chipotle.com/ks/lenexa/16101-w-87th-st-pkwy
PA,Newtown,2940 S Eagle Rd,newtown,2940-s-eagle-rd,https://locations.chipotle.com/pa/newtown/2940-s-eagle-rd
NV,Henderson,246 E Lake Mead Pkwy,henderson,246-e-lake-mead-pkwy,https://locations.chipotle.com/nv/henderson/246-e-lake-mead-pkwy
AZ,Cave Creek,5355 E Carefree Hwy,cave-creek,5355-e-carefree-hwy,https://locations.chipotle.com/az/cave-creek/5355-e-carefree-hwy
CA,San Ramon,132 Sunset Dr,san-ramon,132-sunset-dr,https://locations.chipotle.com/ca/san-ramon/132-sunset-dr
TN,Hendersonville,214 Indian Lake Blvd,hendersonville,214-indian-lake-blvd,https://locations.chipotle.com/tn/hendersonville/214-indian-lake-blvd
CA,Pasadena,1687 E Colorado Blvd,pasadena,1687-e-colorado-blvd,https://locations.chipotle.com/ca/pasadena/1687-e-colorado-blvd
MI,Lansing,5805 W Saginaw Hwy,lansing,5805-w-saginaw-hwy,https://locations.chipotle.com/mi/lansing/5805-w-saginaw-hwy
NY,Bronx,35 Westchester Square,bronx,35-westchester-square,https://locations.chipotle.com/ny/bronx/35-westchester-square
OH,Sheffield Village,5252 Detroit Rd,sheffield-village,5252-detroit-rd,https://locations.chipotle.com/oh/sheffield-village/5252-detroit-rd
NY,Astoria,3173 Steinway St,astoria,3173-steinway-st,https://locations.chipotle.com/ny/astoria/3173-steinway-st
GA,Loganville,4112 Atlanta Hwy,loganville,4112-atlanta-hwy,https://locations.chipotle.com/ga/loganville/4112-atlanta-hwy
MD,Baltimore,501 Bayview Blvd,baltimore,501-bayview-blvd,https://locations.chipotle.com/md/baltimore/501-bayview-blvd
MN,Forest Lake,107 12th St Sw,forest-lake,107-12th-st-sw,https://locations.chipotle.com/mn/forest-lake/107-12th-st-sw
NY,Mohegan Lake,3144 E Main St,mohegan-lake,3144-e-main-st,https://locations.chipotle.com/ny/mohegan-lake/3144-e-main-st
MN,Savage,14008 Highway 13 S,savage,14008-highway-13-s,https://locations.chipotle.com/mn/savage/14008-highway-13-s
FL,Miami,15221 Sw 127th Ave,miami,15221-sw-127th-ave,https://locations.chipotle.com/fl/miami/15221-sw-127th-ave
CA,Eureka,2626 Broadway,eureka,2626-broadway,https://locations.chipotle.com/ca/eureka/2626-broadway
NY,Lake Ronkonkoma,601 Portion Rd,lake-ronkonkoma,601-portion-rd,https://locations.chipotle.com/ny/lake-ronkonkoma/601-portion-rd
VT,Rutland,37 N Main St,rutland,37-n-main-st,https://locations.chipotle.com/vt/rutland/37-n-main-st
IN,Westfield,829 E State Road 32,westfield,829-e-state-road-32,https://locations.chipotle.com/in/westfield/829-e-state-road-32
PA,Philadelphia,701 E Cathedral Rd,philadelphia,701-e-cathedral-rd,https://locations.chipotle.com/pa/philadelphia/701-e-cathedral-rd
MN,Minnetonka,10995 Red Circle Dr,minnetonka,10995-red-circle-dr,https://locations.chipotle.com/mn/minnetonka/10995-red-circle-dr
WA,Richland,2673 Queensgate Dr,richland,2673-queensgate-dr,https://locations.chipotle.com/wa/richland/2673-queensgate-dr
FL,Temple Terrace,5114 E Fowler Ave,temple-terrace,5114-e-fowler-ave,https://locations.chipotle.com/fl/temple-terrace/5114-e-fowler-ave
TX,Desoto,1001 North Interstate 35e Service Rd,desoto,1001-north-interstate-35e-service-rd,https://locations.chipotle.com/tx/desoto/1001-north-interstate-35e-service-rd
CA,Costa Mesa,260 Bristol St,costa-mesa,260-bristol-st,https://locations.chipotle.com/ca/costa-mesa/260-bristol-st
TN,Murfreesboro,2113 Memorial Blvd,murfreesboro,2113-memorial-blvd,https://locations.chipotle.com/tn/murfreesboro/2113-memorial-blvd
IN,West Lafayette,2400 N Salisbury St,west-lafayette,2400-n-salisbury-st,https://locations.chipotle.com/in/west-lafayette/2400-n-salisbury-st
TN,Nashville,2032 Rosa L Parks Blvd,nashville,2032-rosa-l-parks-blvd,https://locations.chipotle.com/tn/nashville/2032-rosa-l-parks-blvd
CO,Brighton,2046 Prairie Center Pkwy,brighton,2046-prairie-center-pkwy,https://locations.chipotle.com/co/brighton/2046-prairie-center-pkwy
MS,Southaven,50 Goodman Rd W,southaven,50-goodman-rd-w,https://locations.chipotle.com/ms/southaven/50-goodman-rd-w
WA,Bellevue,376 116th Ave Ne,bellevue,376-116th-ave-ne,https://locations.chipotle.com/wa/bellevue/376-116th-ave-ne
TX,Farmers Branch,2427 Valley View Ln,farmers-branch,2427-valley-view-ln,https://locations.chipotle.com/tx/farmers-branch/2427-valley-view-ln
CA,Inglewood,3421 W Century Blvd,inglewood,3421-w-century-blvd,https://locations.chipotle.com/ca/inglewood/3421-w-century-blvd
FL,Jacksonville,50 Riverside Ave,jacksonville,50-riverside-ave,https://locations.chipotle.com/fl/jacksonville/50-riverside-ave
OR,Bend,20524 Robal Ln,bend,20524-robal-ln,https://locations.chipotle.com/or/bend/20524-robal-ln
VA,Norfolk,4712 Hampton Blvd,norfolk,4712-hampton-blvd,https://locations.chipotle.com/va/norfolk/4712-hampton-blvd
NE,Omaha,333 N Saddle Creek Rd,omaha,333-n-saddle-creek-rd,https://locations.chipotle.com/ne/omaha/333-n-saddle-creek-rd
NC,Raleigh,4203 Fayetteville Rd,raleigh,4203-fayetteville-rd,https://locations.chipotle.com/nc/raleigh/4203-fayetteville-rd
MD,Baltimore,2588 Quarry Lake Dr,baltimore,2588-quarry-lake-dr,https://locations.chipotle.com/md/baltimore/2588-quarry-lake-dr
FL,Pensacola,1674 E Nine Mile Rd,pensacola,1674-e-nine-mile-rd,https://locations.chipotle.com/fl/pensacola/1674-e-nine-mile-rd
IL,Chicago,2400 N Lincoln Ave,chicago,2400-n-lincoln-ave,https://locations.chipotle.com/il/chicago/2400-n-lincoln-ave
CA,Moorpark,806 E Los Angeles Ave,moorpark,806-e-los-angeles-ave,https://locations.chipotle.com/ca/moorpark/806-e-los-angeles-ave
GA,Douglasville,9380 The Landing Dr,douglasville,9380-the-landing-dr,https://locations.chipotle.com/ga/douglasville/9380-the-landing-dr
TX,Austin,5000 W Slaughter Ln,austin,5000-w-slaughter-ln,https://locations.chipotle.com/tx/austin/5000-w-slaughter-ln
TX,Austin,7710 N Fm 620 Rd,austin,7710-n-fm-620-rd,https://locations.chipotle.com/tx/austin/7710-n-fm-620-rd
VA,Chesterfield,9873 Iron Bridge Rd,chesterfield,9873-iron-bridge-rd,https://locations.chipotle.com/va/chesterfield/9873-iron-bridge-rd
CA,Costa Mesa,468 E 17th St,costa-mesa,468-e-17th-st,https://locations.chipotle.com/ca/costa-mesa/468-e-17th-st
CO,Parker,18400 Cottonwood Dr,parker,18400-cottonwood-dr,https://locations.chipotle.com/co/parker/18400-cottonwood-dr
CA,Northridge,9160 Reseda Blvd,northridge,9160-reseda-blvd,https://locations.chipotle.com/ca/northridge/9160-reseda-blvd
NJ,Paramus,545 Nj 17,paramus,545-nj-17,https://locations.chipotle.com/nj/paramus/545-nj-17
RI,East Greenwich,1200 Quaker Ln,east-greenwich,1200-quaker-ln,https://locations.chipotle.com/ri/east-greenwich/1200-quaker-ln
MD,Oxon Hill,6201 Livingston Rd,oxon-hill,6201-livingston-rd,https://locations.chipotle.com/md/oxon-hill/6201-livingston-rd
PA,Temple,4300 5th Street Hwy,temple,4300-5th-street-hwy,https://locations.chipotle.com/pa/temple/4300-5th-street-hwy
WA,Bonney Lake,20416 98th St E,bonney-lake,20416-98th-st-e,https://locations.chipotle.com/wa/bonney-lake/20416-98th-st-e
TX,Allen,1985 Central Expy N,allen,1985-central-expy-n,https://locations.chipotle.com/tx/allen/1985-central-expy-n
FL,Miami,891 S Miami Ave,miami,891-s-miami-ave,https://locations.chipotle.com/fl/miami/891-s-miami-ave
CA,Chico,962 East Ave,chico,962-east-ave,https://locations.chipotle.com/ca/chico/962-east-ave
OH,Canton,3232 Cleveland Ave Nw,canton,3232-cleveland-ave-nw,https://locations.chipotle.com/oh/canton/3232-cleveland-ave-nw
SC,Lexington,5594 Sunset Blvd,lexington,5594-sunset-blvd,https://locations.chipotle.com/sc/lexington/5594-sunset-blvd
WA,Bothell,21135 Bothell Everett Hwy,bothell,21135-bothell-everett-hwy,https://locations.chipotle.com/wa/bothell/21135-bothell-everett-hwy
OH,Sunbury,7162 Longhorn Dr,sunbury,7162-longhorn-dr,https://locations.chipotle.com/oh/sunbury/7162-longhorn-dr
NH,Portsmouth,2422 Lafayette Road,portsmouth,2422-lafayette-road,https://locations.chipotle.com/nh/portsmouth/2422-lafayette-road
TX,Frisco,4770 Eldorado Pkwy,frisco,4770-eldorado-pkwy,https://locations.chipotle.com/tx/frisco/4770-eldorado-pkwy
VA,Chesapeake,100 Coastal Way,chesapeake,100-coastal-way,https://locations.chipotle.com/va/chesapeake/100-coastal-way
CA,Hollister,1250 E Park St,hollister,1250-e-park-st,https://locations.chipotle.com/ca/hollister/1250-e-park-st
CA,Coronado,1360 Orange Ave,coronado,1360-orange-ave,https://locations.chipotle.com/ca/coronado/1360-orange-ave
OH,Middletown,3479 Towne Blvd,middletown,3479-towne-blvd,https://locations.chipotle.com/oh/middletown/3479-towne-blvd
NY,Lindenhurst,96 Sunrise Hwy,lindenhurst,96-sunrise-hwy,https://locations.chipotle.com/ny/lindenhurst/96-sunrise-hwy
CA,Upland,2057 W Baseline Rd,upland,2057-w-baseline-rd,https://locations.chipotle.com/ca/upland/2057-w-baseline-rd
TX,Houston,9319 Highway 6 S,houston,9319-highway-6-s,https://locations.chipotle.com/tx/houston/9319-highway-6-s
TX,Austin,1616 E Oltorf St,austin,1616-e-oltorf-st,https://locations.chipotle.com/tx/austin/1616-e-oltorf-st
IL,Mundelein,520 Townline Rd,mundelein,520-townline-rd,https://locations.chipotle.com/il/mundelein/520-townline-rd
LA,Hammond,1934 Hammond Square Dr,hammond,1934-hammond-square-dr,https://locations.chipotle.com/la/hammond/1934-hammond-square-dr
WV,Triadelphia,225 Cabela Dr,triadelphia,225-cabela-dr,https://locations.chipotle.com/wv/triadelphia/225-cabela-dr
NE,Omaha,808 N 102nd St,omaha,808-n-102nd-st,https://locations.chipotle.com/ne/omaha/808-n-102nd-st
CA,Anaheim,2085 E Katella Ave,anaheim,2085-e-katella-ave,https://locations.chipotle.com/ca/anaheim/2085-e-katella-ave
IL,Woodstock,161 South Eastwood Dr,woodstock,161-south-eastwood-dr,https://locations.chipotle.com/il/woodstock/161-south-eastwood-dr
CT,Groton,258 Route 12,groton,258-route-12,https://locations.chipotle.com/ct/groton/258-route-12
TX,Arlington,4401 Little Rd,arlington,4401-little-rd,https://locations.chipotle.com/tx/arlington/4401-little-rd
FL,West Palm Beach,7000 Okeechobee Blvd,west-palm-beach,7000-okeechobee-blvd,https://locations.chipotle.com/fl/west-palm-beach/7000-okeechobee-blvd
AL,Hoover,1051 Amber Dr,hoover,1051-amber-dr,https://locations.chipotle.com/al/hoover/1051-amber-dr
NJ,Somers Point,210 New Rd,somers-point,210-new-rd,https://locations.chipotle.com/nj/somers-point/210-new-rd
NJ,Sewell,415 Egg Harbor Rd,sewell,415-egg-harbor-rd,https://locations.chipotle.com/nj/sewell/415-egg-harbor-rd
FL,Pensacola,5100 N 9th Ave,pensacola,5100-n-9th-ave,https://locations.chipotle.com/fl/pensacola/5100-n-9th-ave
VA,Virginia Beach,5399 Kempsriver Dr,virginia-beach,5399-kempsriver-dr,https://locations.chipotle.com/va/virginia-beach/5399-kempsriver-dr
GA,Hiram,4500 Jimmy Lee Smith Pkwy,hiram,4500-jimmy-lee-smith-pkwy,https://locations.chipotle.com/ga/hiram/4500-jimmy-lee-smith-pkwy
GA,Atlanta,2810 Paces Ferry Rd Se,atlanta,2810-paces-ferry-rd-se,https://locations.chipotle.com/ga/atlanta/2810-paces-ferry-rd-se
MI,Okemos,2085 W Grand River Ave,okemos,2085-w-grand-river-ave,https://locations.chipotle.com/mi/okemos/2085-w-grand-river-ave
TX,Ft Worth,5425 Mcpherson Blvd,ft-worth,5425-mcpherson-blvd,https://locations.chipotle.com/tx/ft-worth/5425-mcpherson-blvd
NY,New York,885 10th Ave,new-york,885-10th-ave,https://locations.chipotle.com/ny/new-york/885-10th-ave
KY,Alexandria,7105 Alexandria Pike,alexandria,7105-alexandria-pike,https://locations.chipotle.com/ky/alexandria/7105-alexandria-pike
VA,Christiansburg,2545 Market St,christiansburg,2545-market-st,https://locations.chipotle.com/va/christiansburg/2545-market-st
OH,Columbus,3566 S High St,columbus,3566-s-high-st,https://locations.chipotle.com/oh/columbus/3566-s-high-st
MI,Ferndale,23123 Woodward Ave,ferndale,23123-woodward-ave,https://locations.chipotle.com/mi/ferndale/23123-woodward-ave
FL,Clermont,610 Cagan View Rd,clermont,610-cagan-view-rd,https://locations.chipotle.com/fl/clermont/610-cagan-view-rd
MO,Kansas City,949 N 84th Ter,kansas-city,949-n-84th-ter,https://locations.chipotle.com/mo/kansas-city/949-n-84th-ter
GA,Rome,1415 Turner Mccall Blvd Se,rome,1415-turner-mccall-blvd-se,https://locations.chipotle.com/ga/rome/1415-turner-mccall-blvd-se
CA,South Pasadena,901 Fair Oaks Ave,south-pasadena,901-fair-oaks-ave,https://locations.chipotle.com/ca/south-pasadena/901-fair-oaks-ave
NY,Elmhurst,8801 Queens Blvd,elmhurst,8801-queens-blvd,https://locations.chipotle.com/ny/elmhurst/8801-queens-blvd
NY,Mamaroneck,805 Mamaroneck Ave,mamaroneck,805-mamaroneck-ave,https://locations.chipotle.com/ny/mamaroneck/805-mamaroneck-ave
CA,Lake Forest,26592 Towne Centre Dr,lake-forest,26592-towne-centre-dr,https://locations.chipotle.com/ca/lake-forest/26592-towne-centre-dr
GA,Carrollton,814 S Park St,carrollton,814-s-park-st,https://locations.chipotle.com/ga/carrollton/814-s-park-st
AL,Decatur,1109 Beltline Rd Se,decatur,1109-beltline-rd-se,https://locations.chipotle.com/al/decatur/1109-beltline-rd-se
TX,Forney,825 E Us Highway 80,forney,825-e-us-highway-80,https://locations.chipotle.com/tx/forney/825-e-us-highway-80
FL,Leesburg,10450 Us Highway 441,leesburg,10450-us-highway-441,https://locations.chipotle.com/fl/leesburg/10450-us-highway-441
OH,Groveport,3870 S Hamilton Rd,groveport,3870-s-hamilton-rd,https://locations.chipotle.com/oh/groveport/3870-s-hamilton-rd
GA,Woodstock,9480 Hwy 92,woodstock,9480-hwy-92,https://locations.chipotle.com/ga/woodstock/9480-hwy-92
WA,Longview,923 Ocean Beach Hwy,longview,923-ocean-beach-hwy,https://locations.chipotle.com/wa/longview/923-ocean-beach-hwy
NJ,Edison,901 Us 1,edison,901-us-1,https://locations.chipotle.com/nj/edison/901-us-1
SC,West Columbia,2871 Sunset Blvd,west-columbia,2871-sunset-blvd,https://locations.chipotle.com/sc/west-columbia/2871-sunset-blvd
FL,Lake City,3017 W Us Highway 90,lake-city,3017-w-us-highway-90,https://locations.chipotle.com/fl/lake-city/3017-w-us-highway-90
SC,Easley,6099 Calhoun Memorial Hwy,easley,6099-calhoun-memorial-hwy,https://locations.chipotle.com/sc/easley/6099-calhoun-memorial-hwy
TX,League City,2760 Gulf Fwy S,league-city,2760-gulf-fwy-s,https://locations.chipotle.com/tx/league-city/2760-gulf-fwy-s
CT,Stratford,100 E Main St,stratford,100-e-main-st,https://locations.chipotle.com/ct/stratford/100-e-main-st
NY,Highland Falls,521a Main St,highland-falls,521a-main-st,https://locations.chipotle.com/ny/highland-falls/521a-main-st
OR,Beaverton,9375 Sw Beaverton Hillsdale Hwy,beaverton,9375-sw-beaverton-hillsdale-hwy,https://locations.chipotle.com/or/beaverton/9375-sw-beaverton-hillsdale-hwy
TX,Dallas,2242 Fort Worth Ave,dallas,2242-fort-worth-ave,https://locations.chipotle.com/tx/dallas/2242-fort-worth-ave
TX,Richardson,1420 E Belt Line Rd,richardson,1420-e-belt-line-rd,https://locations.chipotle.com/tx/richardson/1420-e-belt-line-rd
CA,West Sacramento,2155 Town Center Plz,west-sacramento,2155-town-center-plz,https://locations.chipotle.com/ca/west-sacramento/2155-town-center-plz
OH,Salem,2203 E State St,salem,2203-e-state-st,https://locations.chipotle.com/oh/salem/2203-e-state-st
NY,Scarsdale,913 Central Park Ave,scarsdale,913-central-park-ave,https://locations.chipotle.com/ny/scarsdale/913-central-park-ave
PA,Greensburg,5250 State Route 30,greensburg,5250-state-route-30,https://locations.chipotle.com/pa/greensburg/5250-state-route-30
NM,Albuquerque,4331 San Mateo Blvd Ne,albuquerque,4331-san-mateo-blvd-ne,https://locations.chipotle.com/nm/albuquerque/4331-san-mateo-blvd-ne
VA,Salem,1122 W Main St,salem,1122-w-main-st,https://locations.chipotle.com/va/salem/1122-w-main-st
GA,Stockbridge,1580 Hudson Bridge Rd,stockbridge,1580-hudson-bridge-rd,https://locations.chipotle.com/ga/stockbridge/1580-hudson-bridge-rd
NJ,North Bergen,2199 74th St,north-bergen,2199-74th-st,https://locations.chipotle.com/nj/north-bergen/2199-74th-st
OH,Mentor,7787 Reynolds Rd,mentor,7787-reynolds-rd,https://locations.chipotle.com/oh/mentor/7787-reynolds-rd
OH,Aurora,7020 Aurora Rd,aurora,7020-aurora-rd,https://locations.chipotle.com/oh/aurora/7020-aurora-rd
NY,Nanuet,79 Rockland Plaza,nanuet,79-rockland-plaza,https://locations.chipotle.com/ny/nanuet/79-rockland-plaza
TX,Rosenberg,24004 Southwest Fwy,rosenberg,24004-southwest-fwy,https://locations.chipotle.com/tx/rosenberg/24004-southwest-fwy
IL,Chicago,4701 W Foster Ave,chicago,4701-w-foster-ave,https://locations.chipotle.com/il/chicago/4701-w-foster-ave
SD,Sioux Falls,4035 W 41st St,sioux-falls,4035-w-41st-st,https://locations.chipotle.com/sd/sioux-falls/4035-w-41st-st
IL,Chicago,5533 S Harlem Ave,chicago,5533-s-harlem-ave,https://locations.chipotle.com/il/chicago/5533-s-harlem-ave
CA,Indio,42213 Jackson St,indio,42213-jackson-st,https://locations.chipotle.com/ca/indio/42213-jackson-st
RI,Providence,66 Branch Ave,providence,66-branch-ave,https://locations.chipotle.com/ri/providence/66-branch-ave
CA,Lathrop,16542 Golden Valley Pkwy,lathrop,16542-golden-valley-pkwy,https://locations.chipotle.com/ca/lathrop/16542-golden-valley-pkwy
NY,New York,3781 Broadway,new-york,3781-broadway,https://locations.chipotle.com/ny/new-york/3781-broadway
IL,Saint Charles,815 S Randall Rd,saint-charles,815-s-randall-rd,https://locations.chipotle.com/il/saint-charles/815-s-randall-rd
TX,New Caney,21360 Us Highway 59,new-caney,21360-us-highway-59,https://locations.chipotle.com/tx/new-caney/21360-us-highway-59
NJ,Chester,537 Us Hwy 206,chester,537-us-hwy-206,https://locations.chipotle.com/nj/chester/537-us-hwy-206
NY,Canandaigua,282 Eastern Blvd,canandaigua,282-eastern-blvd,https://locations.chipotle.com/ny/canandaigua/282-eastern-blvd
WA,Spokane,9602 N Newport Hwy,spokane,9602-n-newport-hwy,https://locations.chipotle.com/wa/spokane/9602-n-newport-hwy
NC,Charlotte,9030 Albemarle Rd,charlotte,9030-albemarle-rd,https://locations.chipotle.com/nc/charlotte/9030-albemarle-rd
TX,San Antonio,17202 Bulverde Rd,san-antonio,17202-bulverde-rd,https://locations.chipotle.com/tx/san-antonio/17202-bulverde-rd
FL,Doral,5875 Nw 105th Ct,doral,5875-nw-105th-ct,https://locations.chipotle.com/fl/doral/5875-nw-105th-ct
SC,Greenville,3645 Pelham Rd,greenville,3645-pelham-rd,https://locations.chipotle.com/sc/greenville/3645-pelham-rd
OR,Mcminnville,2696 Ne Highway 99w,mcminnville,2696-ne-highway-99w,https://locations.chipotle.com/or/mcminnville/2696-ne-highway-99w
TX,Mckinney,5151 W University Dr,mckinney,5151-w-university-dr,https://locations.chipotle.com/tx/mckinney/5151-w-university-dr
VA,Front Royal,145 Riverton Commons Dr,front-royal,145-riverton-commons-dr,https://locations.chipotle.com/va/front-royal/145-riverton-commons-dr
TX,Montgomery,20165 Eva St,montgomery,20165-eva-st,https://locations.chipotle.com/tx/montgomery/20165-eva-st
PA,Upper Darby,109 S 69th St,upper-darby,109-s-69th-st,https://locations.chipotle.com/pa/upper-darby/109-s-69th-st
ME,Auburn,410 Center St,auburn,410-center-st,https://locations.chipotle.com/me/auburn/410-center-st
CT,Norwich,30 Salem Tpke,norwich,30-salem-tpke,https://locations.chipotle.com/ct/norwich/30-salem-tpke
FL,Palm Beach Gardens,11608 Us Highway 1,palm-beach-gardens,11608-us-highway-1,https://locations.chipotle.com/fl/palm-beach-gardens/11608-us-highway-1
MA,Newburyport,47 Storey Ave,newburyport,47-storey-ave,https://locations.chipotle.com/ma/newburyport/47-storey-ave
CA,Kerman,15215 W Whitesbridge Ave,kerman,15215-w-whitesbridge-ave,https://locations.chipotle.com/ca/kerman/15215-w-whitesbridge-ave
TX,Amarillo,5802 S Coulter St,amarillo,5802-s-coulter-st,https://locations.chipotle.com/tx/amarillo/5802-s-coulter-st
TX,Cleburne,703 W Henderson St,cleburne,703-w-henderson-st,https://locations.chipotle.com/tx/cleburne/703-w-henderson-st
GA,Jasper,11 James Dr,jasper,11-james-dr,https://locations.chipotle.com/ga/jasper/11-james-dr
WI,Wausau,225407 Rib Mountain Dr,wausau,225407-rib-mountain-dr,https://locations.chipotle.com/wi/wausau/225407-rib-mountain-dr
AZ,Surprise,13610 N Litchfield Rd,surprise,13610-n-litchfield-rd,https://locations.chipotle.com/az/surprise/13610-n-litchfield-rd
NY,New York,600 3rd Ave,new-york,600-3rd-ave,https://locations.chipotle.com/ny/new-york/600-3rd-ave
FL,Tampa,2708 W Dr Martin Luther King Jr Blvd,tampa,2708-w-dr-martin-luther-king-jr-blvd,https://locations.chipotle.com/fl/tampa/2708-w-dr-martin-luther-king-jr-blvd
AZ,Phoenix,2975 W Dove Valley Rd,phoenix,2975-w-dove-valley-rd,https://locations.chipotle.com/az/phoenix/2975-w-dove-valley-rd
TX,Carrollton,4825 N Josey Ln,carrollton,4825-n-josey-ln,https://locations.chipotle.com/tx/carrollton/4825-n-josey-ln
FL,Belleview,10356 Se Us Highway 441,belleview,10356-se-us-highway-441,https://locations.chipotle.com/fl/belleview/10356-se-us-highway-441
NY,Rome,1736 Black River Blvd N,rome,1736-black-river-blvd-n,https://locations.chipotle.com/ny/rome/1736-black-river-blvd-n
MA,Framingham,573 Worcester Rd,framingham,573-worcester-rd,https://locations.chipotle.com/ma/framingham/573-worcester-rd
TX,Arlington,1537 W Randol Mill Rd,arlington,1537-w-randol-mill-rd,https://locations.chipotle.com/tx/arlington/1537-w-randol-mill-rd
FL,Tampa,1055 E Cumberland Ave,tampa,1055-e-cumberland-ave,https://locations.chipotle.com/fl/tampa/1055-e-cumberland-ave
CA,Modesto,4620 Dale Road,modesto,4620-dale-road,https://locations.chipotle.com/ca/modesto/4620-dale-road
CA,Stockton,4450 E Waterloo Rd,stockton,4450-e-waterloo-rd,https://locations.chipotle.com/ca/stockton/4450-e-waterloo-rd
TN,Clarksville,1806 Ft Campbell Blvd,clarksville,1806-ft-campbell-blvd,https://locations.chipotle.com/tn/clarksville/1806-ft-campbell-blvd
OR,Pendleton,1701 Sw Court Ave,pendleton,1701-sw-court-ave,https://locations.chipotle.com/or/pendleton/1701-sw-court-ave
FL,Kissimmee,2308 E Irlo Bronson Memorial Hwy,kissimmee,2308-e-irlo-bronson-memorial-hwy,https://locations.chipotle.com/fl/kissimmee/2308-e-irlo-bronson-memorial-hwy
PA,Mt Pleasant,200 Bessemer Rd,mt-pleasant,200-bessemer-rd,https://locations.chipotle.com/pa/mt-pleasant/200-bessemer-rd
SC,Summerville,2463 N Main St,summerville,2463-n-main-st,https://locations.chipotle.com/sc/summerville/2463-n-main-st
MN,Winona,1545 Gilmore Ave,winona,1545-gilmore-ave,https://locations.chipotle.com/mn/winona/1545-gilmore-ave
MO,Springfield,2456 E Sunshine St,springfield,2456-e-sunshine-st,https://locations.chipotle.com/mo/springfield/2456-e-sunshine-st
MO,Lake St Louis,8270 Old Hwy N,lake-st-louis,8270-old-hwy-n,https://locations.chipotle.com/mo/lake-st-louis/8270-old-hwy-n
MA,Gloucester,370 Gloucester Crossing Rd,gloucester,370-gloucester-crossing-rd,https://locations.chipotle.com/ma/gloucester/370-gloucester-crossing-rd
FL,Jacksonville,7960 Normandy Blvd,jacksonville,7960-normandy-blvd,https://locations.chipotle.com/fl/jacksonville/7960-normandy-blvd
MI,Saginaw,5709 State St,saginaw,5709-state-st,https://locations.chipotle.com/mi/saginaw/5709-state-st
TX,Cypress,7022 Elyson Exchange Way,cypress,7022-elyson-exchange-way,https://locations.chipotle.com/tx/cypress/7022-elyson-exchange-way
CA,North Highlands,4801 Watt Ave,north-highlands,4801-watt-ave,https://locations.chipotle.com/ca/north-highlands/4801-watt-ave
NJ,Mercerville,249 Highway 33,mercerville,249-highway-33,https://locations.chipotle.com/nj/mercerville/249-highway-33
AZ,Glendale,5110 N 83rd Ave,glendale,5110-n-83rd-ave,https://locations.chipotle.com/az/glendale/5110-n-83rd-ave
TX,Fate,4930 E Interstate 30,fate,4930-e-interstate-30,https://locations.chipotle.com/tx/fate/4930-e-interstate-30
DE,Claymont,3603 Philadelphia Pike,claymont,3603-philadelphia-pike,https://locations.chipotle.com/de/claymont/3603-philadelphia-pike
NY,Brooklyn,1681 Pitkin Ave,brooklyn,1681-pitkin-ave,https://locations.chipotle.com/ny/brooklyn/1681-pitkin-ave
CA,Hayward,26201 Mission Blvd,hayward,26201-mission-blvd,https://locations.chipotle.com/ca/hayward/26201-mission-blvd
MO,Kansas City,5720 E Bannister Rd,kansas-city,5720-e-bannister-rd,https://locations.chipotle.com/mo/kansas-city/5720-e-bannister-rd
SC,North Charleston,8601 Dorchester Road,north-charleston,8601-dorchester-road,https://locations.chipotle.com/sc/north-charleston/8601-dorchester-road
TX,Houston,10555 Pearland Pkwy,houston,10555-pearland-pkwy,https://locations.chipotle.com/tx/houston/10555-pearland-pkwy
GA,Monroe,1001 Pavillion Pkwy,monroe,1001-pavillion-pkwy,https://locations.chipotle.com/ga/monroe/1001-pavillion-pkwy
NY,Long Beach,181 E Park Ave,long-beach,181-e-park-ave,https://locations.chipotle.com/ny/long-beach/181-e-park-ave
TN,La Vergne,5349 Murfreesboro Road,la-vergne,5349-murfreesboro-road,https://locations.chipotle.com/tn/la-vergne/5349-murfreesboro-road
MD,Cumberland,218 Williams St,cumberland,218-williams-st,https://locations.chipotle.com/md/cumberland/218-williams-st
MD,Baltimore,1991 E Joppa Rd,baltimore,1991-e-joppa-rd,https://locations.chipotle.com/md/baltimore/1991-e-joppa-rd
CA,Oakley,990 Laurel Rd,oakley,990-laurel-rd,https://locations.chipotle.com/ca/oakley/990-laurel-rd
GA,Villa Rica,147 Commerce Dr,villa-rica,147-commerce-dr,https://locations.chipotle.com/ga/villa-rica/147-commerce-dr
TX,Alvin,1269 Fm 1462,alvin,1269-fm-1462,https://locations.chipotle.com/tx/alvin/1269-fm-1462
PA,Merion Station,229 City Ave,merion-station,229-city-ave,https://locations.chipotle.com/pa/merion-station/229-city-ave
TN,Smyrna,650 Almaville Rd,smyrna,650-almaville-rd,https://locations.chipotle.com/tn/smyrna/650-almaville-rd
GA,Winder,34 Wilson Ave,winder,34-wilson-ave,https://locations.chipotle.com/ga/winder/34-wilson-ave
NY,Brooklyn,431 Knickerbocker Ave,brooklyn,431-knickerbocker-ave,https://locations.chipotle.com/ny/brooklyn/431-knickerbocker-ave
CT,Simsbury,1263 Hopmeadow St,simsbury,1263-hopmeadow-st,https://locations.chipotle.com/ct/simsbury/1263-hopmeadow-st
CA,Moreno Valley,12831 Moreno Beach Dr,moreno-valley,12831-moreno-beach-dr,https://locations.chipotle.com/ca/moreno-valley/12831-moreno-beach-dr
OR,Cornelius,2700 Baseline St,cornelius,2700-baseline-st,https://locations.chipotle.com/or/cornelius/2700-baseline-st
PA,Doylestown,1705 S Easton Road,doylestown,1705-s-easton-road,https://locations.chipotle.com/pa/doylestown/1705-s-easton-road
OH,Willoughby Hills,28151 Chardon Rd,willoughby-hills,28151-chardon-rd,https://locations.chipotle.com/oh/willoughby-hills/28151-chardon-rd
CA,Santa Clarita,16388 Village Way,santa-clarita,16388-village-way,https://locations.chipotle.com/ca/santa-clarita/16388-village-way
TX,Little Elm,2663 Little Elm Pkwy,little-elm,2663-little-elm-pkwy,https://locations.chipotle.com/tx/little-elm/2663-little-elm-pkwy
FL,Windermere,6527 Old Brick Rd,windermere,6527-old-brick-rd,https://locations.chipotle.com/fl/windermere/6527-old-brick-rd
TN,Springfield,410 Shops Ave,springfield,410-shops-ave,https://locations.chipotle.com/tn/springfield/410-shops-ave
NC,Morehead City,4937 Arendell St,morehead-city,4937-arendell-st,https://locations.chipotle.com/nc/morehead-city/4937-arendell-st
CT,Killingly,1089 Killingly Commons Dr,killingly,1089-killingly-commons-dr,https://locations.chipotle.com/ct/killingly/1089-killingly-commons-dr
NY,Brooklyn,219 Havemeyer St,brooklyn,219-havemeyer-st,https://locations.chipotle.com/ny/brooklyn/219-havemeyer-st
IL,Hanover Park,1720 Lake Street,hanover-park,1720-lake-street,https://locations.chipotle.com/il/hanover-park/1720-lake-street
CT,Colchester,131 Linwood Ave,colchester,131-linwood-ave,https://locations.chipotle.com/ct/colchester/131-linwood-ave
CO,Frederick,6160 Silverstone Drive,frederick,6160-silverstone-drive,https://locations.chipotle.com/co/frederick/6160-silverstone-drive
TX,Crowley,900 S Crowley Rd,crowley,900-s-crowley-rd,https://locations.chipotle.com/tx/crowley/900-s-crowley-rd
CA,Sacramento,2795 Fulton Ave,sacramento,2795-fulton-ave,https://locations.chipotle.com/ca/sacramento/2795-fulton-ave
KY,Nicholasville,661 Keene Centre Dr,nicholasville,661-keene-centre-dr,https://locations.chipotle.com/ky/nicholasville/661-keene-centre-dr
PA,Philadelphia,2425 Aramingo Ave,philadelphia,2425-aramingo-ave,https://locations.chipotle.com/pa/philadelphia/2425-aramingo-ave
CA,Menifee,28830 Mccall Blvd,menifee,28830-mccall-blvd,https://locations.chipotle.com/ca/menifee/28830-mccall-blvd
NJ,Turnersville,5700 Route 42,turnersville,5700-route-42,https://locations.chipotle.com/nj/turnersville/5700-route-42
CA,Scotts Valley,266 Mount Hermon Rd,scotts-valley,266-mount-hermon-rd,https://locations.chipotle.com/ca/scotts-valley/266-mount-hermon-rd
MA,Concord,766 Elm St,concord,766-elm-st,https://locations.chipotle.com/ma/concord/766-elm-st
IN,Terre Haute,2499 S State Road 46,terre-haute,2499-s-state-road-46,https://locations.chipotle.com/in/terre-haute/2499-s-state-road-46
CO,Denver,2005 S Federal Blvd,denver,2005-s-federal-blvd,https://locations.chipotle.com/co/denver/2005-s-federal-blvd
NC,Charlotte,13415 Rigsby Road,charlotte,13415-rigsby-road,https://locations.chipotle.com/nc/charlotte/13415-rigsby-road
WA,Tacoma,2303 N Pearl St,tacoma,2303-n-pearl-st,https://locations.chipotle.com/wa/tacoma/2303-n-pearl-st
TX,Laredo,10819 International Blvd,laredo,10819-international-blvd,https://locations.chipotle.com/tx/laredo/10819-international-blvd
NY,Saratoga Springs,12 Ballston Ave,saratoga-springs,12-ballston-ave,https://locations.chipotle.com/ny/saratoga-springs/12-ballston-ave
GA,Buford,4996 Lanier Islands Pkwy,buford,4996-lanier-islands-pkwy,https://locations.chipotle.com/ga/buford/4996-lanier-islands-pkwy
TX,Houston,4135 Gessner Rd,houston,4135-gessner-rd,https://locations.chipotle.com/tx/houston/4135-gessner-rd
OH,Steubenville,4109 Mall Dr,steubenville,4109-mall-dr,https://locations.chipotle.com/oh/steubenville/4109-mall-dr
PA,Lansdale,1758 Allentown Rd,lansdale,1758-allentown-rd,https://locations.chipotle.com/pa/lansdale/1758-allentown-rd
TX,Rowlett,8151 Lakeview Pkwy,rowlett,8151-lakeview-pkwy,https://locations.chipotle.com/tx/rowlett/8151-lakeview-pkwy
OH,Piqua,902 Scott Dr,piqua,902-scott-dr,https://locations.chipotle.com/oh/piqua/902-scott-dr
IL,Carol Stream,114 S Schmale Rd,carol-stream,114-s-schmale-rd,https://locations.chipotle.com/il/carol-stream/114-s-schmale-rd
FL,New Port Richey,5208 Us 19 N,new-port-richey,5208-us-19-n,https://locations.chipotle.com/fl/new-port-richey/5208-us-19-n
AR,Springdale,5761 W Sunset Ave,springdale,5761-w-sunset-ave,https://locations.chipotle.com/ar/springdale/5761-w-sunset-ave
IA,Clive,10001 University Ave,clive,10001-university-ave,https://locations.chipotle.com/ia/clive/10001-university-ave
MD,Ellicott City,5715 Richards Valley Rd,ellicott-city,5715-richards-valley-rd,https://locations.chipotle.com/md/ellicott-city/5715-richards-valley-rd
TX,La Porte,1010 W Fairmont Pkwy,la-porte,1010-w-fairmont-pkwy,https://locations.chipotle.com/tx/la-porte/1010-w-fairmont-pkwy
MI,Livonia,19055 Middlebelt Rd,livonia,19055-middlebelt-rd,https://locations.chipotle.com/mi/livonia/19055-middlebelt-rd
TX,Rosenberg,3536 Sh 36 S,rosenberg,3536-sh-36-s,https://locations.chipotle.com/tx/rosenberg/3536-sh-36-s
IN,Avon,7518 E Us Highway 36,avon,7518-e-us-highway-36,https://locations.chipotle.com/in/avon/7518-e-us-highway-36
CO,Fort Collins,2539 S College Ave,fort-collins,2539-s-college-ave,https://locations.chipotle.com/co/fort-collins/2539-s-college-ave
OH,Geneva,1800 S Broadway,geneva,1800-s-broadway,https://locations.chipotle.com/oh/geneva/1800-s-broadway
KY,Winchester,550 Bullion Blvd,winchester,550-bullion-blvd,https://locations.chipotle.com/ky/winchester/550-bullion-blvd
OH,Chardon,414 Water St,chardon,414-water-st,https://locations.chipotle.com/oh/chardon/414-water-st
NH,Concord,10 Whitney Road,concord,10-whitney-road,https://locations.chipotle.com/nh/concord/10-whitney-road
TX,Manor,11930 Us Highway 290 E,manor,11930-us-highway-290-e,https://locations.chipotle.com/tx/manor/11930-us-highway-290-e
TX,Garland,550 I 30 Frontage Rd,garland,550-i-30-frontage-rd,https://locations.chipotle.com/tx/garland/550-i-30-frontage-rd
TX,Katy,128 Cane Island Pkwy,katy,128-cane-island-pkwy,https://locations.chipotle.com/tx/katy/128-cane-island-pkwy
AZ,Anthem,4115 W Anthem Way,anthem,4115-w-anthem-way,https://locations.chipotle.com/az/anthem/4115-w-anthem-way
NV,Minden,1661 Hwy 88,minden,1661-hwy-88,https://locations.chipotle.com/nv/minden/1661-hwy-88
GA,Marietta,1298 Powers Ferry Road Se,marietta,1298-powers-ferry-road-se,https://locations.chipotle.com/ga/marietta/1298-powers-ferry-road-se
CT,Cheshire,2061 Highland Ave,cheshire,2061-highland-ave,https://locations.chipotle.com/ct/cheshire/2061-highland-ave
TN,Dyersburg,2455 Lake Rd,dyersburg,2455-lake-rd,https://locations.chipotle.com/tn/dyersburg/2455-lake-rd
NY,Poughkeepsie,718 Dutchess Tpke,poughkeepsie,718-dutchess-tpke,https://locations.chipotle.com/ny/poughkeepsie/718-dutchess-tpke
CA,Dinuba,153 W El Monte Way,dinuba,153-w-el-monte-way,https://locations.chipotle.com/ca/dinuba/153-w-el-monte-way
NY,Brooklyn,1628 Shore Pkwy,brooklyn,1628-shore-pkwy,https://locations.chipotle.com/ny/brooklyn/1628-shore-pkwy
NC,Raleigh,1 Glenwood Ave Suite 141,raleigh,1-glenwood-ave-suite-141,https://locations.chipotle.com/nc/raleigh/1-glenwood-ave-suite-141
TX,Schertz,5498 Cibolo Valley Drive,schertz,5498-cibolo-valley-drive,https://locations.chipotle.com/tx/schertz/5498-cibolo-valley-drive
PA,Aston,4443 Pennell Rd,aston,4443-pennell-rd,https://locations.chipotle.com/pa/aston/4443-pennell-rd
FL,Lake Wales,23250 Us Hwy 27,lake-wales,23250-us-hwy-27,https://locations.chipotle.com/fl/lake-wales/23250-us-hwy-27
KY,Louisville,10415 Preston Highway,louisville,10415-preston-highway,https://locations.chipotle.com/ky/louisville/10415-preston-highway
OH,Brooklyn,7320 Northcliff Ave,brooklyn,7320-northcliff-ave,https://locations.chipotle.com/oh/brooklyn/7320-northcliff-ave
CT,Berlin,1073 Farmington Ave,berlin,1073-farmington-ave,https://locations.chipotle.com/ct/berlin/1073-farmington-ave
MA,Brighton,462 Washington St,brighton,462-washington-st,https://locations.chipotle.com/ma/brighton/462-washington-st
CA,El Dorado Hills,3389 Bass Lake Rd,el-dorado-hills,3389-bass-lake-rd,https://locations.chipotle.com/ca/el-dorado-hills/3389-bass-lake-rd
FL,Bradenton,7745 State Road 64 E,bradenton,7745-state-road-64-e,https://locations.chipotle.com/fl/bradenton/7745-state-road-64-e
MS,Horn Lake,4354 Goodman Rd,horn-lake,4354-goodman-rd,https://locations.chipotle.com/ms/horn-lake/4354-goodman-rd
FL,New Port Richey,8004 Little Road,new-port-richey,8004-little-road,https://locations.chipotle.com/fl/new-port-richey/8004-little-road
FL,Miami,2447 Nw 2 Ave,miami,2447-nw-2-ave,https://locations.chipotle.com/fl/miami/2447-nw-2-ave
IL,Pekin,3440 Court St,pekin,3440-court-st,https://locations.chipotle.com/il/pekin/3440-court-st
IL,Saint Charles,3790 E Main St,saint-charles,3790-e-main-st,https://locations.chipotle.com/il/saint-charles/3790-e-main-st
FL,Naples,8710 Addison Place Dr,naples,8710-addison-place-dr,https://locations.chipotle.com/fl/naples/8710-addison-place-dr
GA,Augusta,2999 Washington Rd,augusta,2999-washington-rd,https://locations.chipotle.com/ga/augusta/2999-washington-rd
KY,Lexington,2325 Remington Way,lexington,2325-remington-way,https://locations.chipotle.com/ky/lexington/2325-remington-way
KS,Andover,520 E Cloud Ave,andover,520-e-cloud-ave,https://locations.chipotle.com/ks/andover/520-e-cloud-ave
MA,Canton,4 Washington St,canton,4-washington-st,https://locations.chipotle.com/ma/canton/4-washington-st
IL,Lincolnshire,225 Aptakisic Rd,lincolnshire,225-aptakisic-rd,https://locations.chipotle.com/il/lincolnshire/225-aptakisic-rd
FL,Neptune Beach,628 Atlantic Blvd,neptune-beach,628-atlantic-blvd,https://locations.chipotle.com/fl/neptune-beach/628-atlantic-blvd
TN,Germantown,2110 West St,germantown,2110-west-st,https://locations.chipotle.com/tn/germantown/2110-west-st
TX,Missouri City,10010 Highway 6,missouri-city,10010-highway-6,https://locations.chipotle.com/tx/missouri-city/10010-highway-6
NC,Clayton,29 District Way,clayton,29-district-way,https://locations.chipotle.com/nc/clayton/29-district-way
NJ,Hammonton,65 S White Horse Pike,hammonton,65-s-white-horse-pike,https://locations.chipotle.com/nj/hammonton/65-s-white-horse-pike
FL,Davenport,905 Workman Way,davenport,905-workman-way,https://locations.chipotle.com/fl/davenport/905-workman-way
TX,Mckinney,8751 W University Dr,mckinney,8751-w-university-dr,https://locations.chipotle.com/tx/mckinney/8751-w-university-dr
AZ,Goodyear,15600 W Mcdowell Rd,goodyear,15600-w-mcdowell-rd,https://locations.chipotle.com/az/goodyear/15600-w-mcdowell-rd
PA,Easton,2445 Butler St,easton,2445-butler-st,https://locations.chipotle.com/pa/easton/2445-butler-st
CA,Reedley,1441 W Manning Ave,reedley,1441-w-manning-ave,https://locations.chipotle.com/ca/reedley/1441-w-manning-ave
CA,Ontario,4210 E Ontario Ranch Rd,ontario,4210-e-ontario-ranch-rd,https://locations.chipotle.com/ca/ontario/4210-e-ontario-ranch-rd
FL,Dunedin,1688 Main St,dunedin,1688-main-st,https://locations.chipotle.com/fl/dunedin/1688-main-st
TX,Hutto,2260 Muirfield Bend Dr,hutto,2260-muirfield-bend-dr,https://locations.chipotle.com/tx/hutto/2260-muirfield-bend-dr
PA,Yardley,900 Antique Aly,yardley,900-antique-aly,https://locations.chipotle.com/pa/yardley/900-antique-aly
NV,N. Las Vegas,6151 N Lamb Blvd,n.-las-vegas,6151-n-lamb-blvd,https://locations.chipotle.com/nv/n.-las-vegas/6151-n-lamb-blvd
WI,River Falls,125 Quarry Rd,river-falls,125-quarry-rd,https://locations.chipotle.com/wi/river-falls/125-quarry-rd
CA,Lancaster,43559 30th Street W,lancaster,43559-30th-street-w,https://locations.chipotle.com/ca/lancaster/43559-30th-street-w
VA,Wytheville,1245 Tazewell St,wytheville,1245-tazewell-st,https://locations.chipotle.com/va/wytheville/1245-tazewell-st
SC,Lake Wylie,5001 Charlotte Hwy,lake-wylie,5001-charlotte-hwy,https://locations.chipotle.com/sc/lake-wylie/5001-charlotte-hwy
NY,Rochester,400 E Henrietta Rd,rochester,400-e-henrietta-rd,https://locations.chipotle.com/ny/rochester/400-e-henrietta-rd
VA,Suffolk,3090 Godwin Blvd,suffolk,3090-godwin-blvd,https://locations.chipotle.com/va/suffolk/3090-godwin-blvd
IA,Cedar Rapids,3425 Westdale Parkway Sw,cedar-rapids,3425-westdale-parkway-sw,https://locations.chipotle.com/ia/cedar-rapids/3425-westdale-parkway-sw
TX,Mckinney,8201 Eldorado Pkwy,mckinney,8201-eldorado-pkwy,https://locations.chipotle.com/tx/mckinney/8201-eldorado-pkwy
KY,Georgetown,98 Osborne Way,georgetown,98-osborne-way,https://locations.chipotle.com/ky/georgetown/98-osborne-way
TX,Humble,15906 Woodland Hills Dr,humble,15906-woodland-hills-dr,https://locations.chipotle.com/tx/humble/15906-woodland-hills-dr
SC,Greenwood,438 Bypass 72 Northwest,greenwood,438-bypass-72-northwest,https://locations.chipotle.com/sc/greenwood/438-bypass-72-northwest
TX,Corpus Christi,6226 Saratoga Blvd,corpus-christi,6226-saratoga-blvd,https://locations.chipotle.com/tx/corpus-christi/6226-saratoga-blvd
NC,Raleigh,3905 Capital Boulevard,raleigh,3905-capital-boulevard,https://locations.chipotle.com/nc/raleigh/3905-capital-boulevard
NE,Norfolk,1911 Center Dr,norfolk,1911-center-dr,https://locations.chipotle.com/ne/norfolk/1911-center-dr
OR,Hermiston,1885 N 1st St,hermiston,1885-n-1st-st,https://locations.chipotle.com/or/hermiston/1885-n-1st-st
PA,Beaver Falls,2737 Constitution Blvd,beaver-falls,2737-constitution-blvd,https://locations.chipotle.com/pa/beaver-falls/2737-constitution-blvd
VA,Haymarket,14921 Heathcote Blvd,haymarket,14921-heathcote-blvd,https://locations.chipotle.com/va/haymarket/14921-heathcote-blvd
OH,Sharonville,12154 Lebanon Rd,sharonville,12154-lebanon-rd,https://locations.chipotle.com/oh/sharonville/12154-lebanon-rd
MD,Waldorf,4576 Fairway Village Pl,waldorf,4576-fairway-village-pl,https://locations.chipotle.com/md/waldorf/4576-fairway-village-pl
TX,San Antonio,8121 Ranch View West,san-antonio,8121-ranch-view-west,https://locations.chipotle.com/tx/san-antonio/8121-ranch-view-west
FL,Deltona,3280 Howland Blvd,deltona,3280-howland-blvd,https://locations.chipotle.com/fl/deltona/3280-howland-blvd
CA,Eastvale,7208 Hamner Ave,eastvale,7208-hamner-ave,https://locations.chipotle.com/ca/eastvale/7208-hamner-ave
MA,Palmer,1186 Thorndike St,palmer,1186-thorndike-st,https://locations.chipotle.com/ma/palmer/1186-thorndike-st
CA,Hawthorne,5119 W El Segundo Blvd,hawthorne,5119-w-el-segundo-blvd,https://locations.chipotle.com/ca/hawthorne/5119-w-el-segundo-blvd
MD,Annapolis,2557 Riva Rd,annapolis,2557-riva-rd,https://locations.chipotle.com/md/annapolis/2557-riva-rd
AL,Mobile,5344 Highway 90 W,mobile,5344-highway-90-w,https://locations.chipotle.com/al/mobile/5344-highway-90-w
OH,Massillon,5439 Wales Ave,massillon,5439-wales-ave,https://locations.chipotle.com/oh/massillon/5439-wales-ave
FL,Bradenton,5320 33rd St E,bradenton,5320-33rd-st-e,https://locations.chipotle.com/fl/bradenton/5320-33rd-st-e
FL,Middleburg,1680 Blanding Blvd,middleburg,1680-blanding-blvd,https://locations.chipotle.com/fl/middleburg/1680-blanding-blvd
PA,Pittsburgh,112 Josephs Ln,pittsburgh,112-josephs-ln,https://locations.chipotle.com/pa/pittsburgh/112-josephs-ln
TN,Morristown,4130 Roberts Ln,morristown,4130-roberts-ln,https://locations.chipotle.com/tn/morristown/4130-roberts-ln
MD,Ijamsville,10152 Old National Pike,ijamsville,10152-old-national-pike,https://locations.chipotle.com/md/ijamsville/10152-old-national-pike
PA,Erie,5000 W Ridge Rd,erie,5000-w-ridge-rd,https://locations.chipotle.com/pa/erie/5000-w-ridge-rd
ND,Fargo,3971 53rd Avenue S,fargo,3971-53rd-avenue-s,https://locations.chipotle.com/nd/fargo/3971-53rd-avenue-s
NV,North Las Vegas,2188 North Rancho Drive,north-las-vegas,2188-north-rancho-drive,https://locations.chipotle.com/nv/north-las-vegas/2188-north-rancho-drive
GA,Fairburn,5365 Highway 92,fairburn,5365-highway-92,https://locations.chipotle.com/ga/fairburn/5365-highway-92
TN,Bartlett,6610 Stage Road,bartlett,6610-stage-road,https://locations.chipotle.com/tn/bartlett/6610-stage-road
NC,Durham,2115 E Nc 54,durham,2115-e-nc-54,https://locations.chipotle.com/nc/durham/2115-e-nc-54
PA,Carbondale,99 Brooklyn St,carbondale,99-brooklyn-st,https://locations.chipotle.com/pa/carbondale/99-brooklyn-st
PA,Ebensburg,4580 Admiral Peary Hwy,ebensburg,4580-admiral-peary-hwy,https://locations.chipotle.com/pa/ebensburg/4580-admiral-peary-hwy
CA,Stockton,743 Carolyn Weston Blvd,stockton,743-carolyn-weston-blvd,https://locations.chipotle.com/ca/stockton/743-carolyn-weston-blvd
FL,Bradenton,6016 Manatee Ave W,bradenton,6016-manatee-ave-w,https://locations.chipotle.com/fl/bradenton/6016-manatee-ave-w
CA,Palmdale,3854 W Rancho Vista Blvd,palmdale,3854-w-rancho-vista-blvd,https://locations.chipotle.com/ca/palmdale/3854-w-rancho-vista-blvd
TN,Mt Juliet,1217 Rutland Dr,mt-juliet,1217-rutland-dr,https://locations.chipotle.com/tn/mt-juliet/1217-rutland-dr
FL,Lutz,17995 N Dale Mabry Hwy,lutz,17995-n-dale-mabry-hwy,https://locations.chipotle.com/fl/lutz/17995-n-dale-mabry-hwy
TN,Lebanon,451 Highway 109 N,lebanon,451-highway-109-n,https://locations.chipotle.com/tn/lebanon/451-highway-109-n
NY,Brooklyn,4101 4th Ave,brooklyn,4101-4th-ave,https://locations.chipotle.com/ny/brooklyn/4101-4th-ave
AL,Madison,8294 Highway 72 W,madison,8294-highway-72-w,https://locations.chipotle.com/al/madison/8294-highway-72-w
NY,Astoria,2206 31st St,astoria,2206-31st-st,https://locations.chipotle.com/ny/astoria/2206-31st-st
TX,Fort Worth,3460 Highway 114,fort-worth,3460-highway-114,https://locations.chipotle.com/tx/fort-worth/3460-highway-114
TX,Houston,9406 Gaylord Dr,houston,9406-gaylord-dr,https://locations.chipotle.com/tx/houston/9406-gaylord-dr
LA,New Orleans,5001 Freret St,new-orleans,5001-freret-st,https://locations.chipotle.com/la/new-orleans/5001-freret-st
FL,Pensacola,3240 W Michigan Ave,pensacola,3240-w-michigan-ave,https://locations.chipotle.com/fl/pensacola/3240-w-michigan-ave
MA,Springfield,1655 Boston Rd,springfield,1655-boston-rd,https://locations.chipotle.com/ma/springfield/1655-boston-rd
IN,Noblesville,5985 Promenade Shops Blvd,noblesville,5985-promenade-shops-blvd,https://locations.chipotle.com/in/noblesville/5985-promenade-shops-blvd
WA,Lynden,8083 Guide Meridian Rd,lynden,8083-guide-meridian-rd,https://locations.chipotle.com/wa/lynden/8083-guide-meridian-rd
OH,Cleveland,1889 W 25th St,cleveland,1889-w-25th-st,https://locations.chipotle.com/oh/cleveland/1889-w-25th-st
OR,Grants Pass,1000 Ne E St,grants-pass,1000-ne-e-st,https://locations.chipotle.com/or/grants-pass/1000-ne-e-st
FL,Largo,13677 Walsingham Rd,largo,13677-walsingham-rd,https://locations.chipotle.com/fl/largo/13677-walsingham-rd
OH,Brunswick,1729 Pearl Rd,brunswick,1729-pearl-rd,https://locations.chipotle.com/oh/brunswick/1729-pearl-rd
CA,Camarillo,710 Arneill Rd,camarillo,710-arneill-rd,https://locations.chipotle.com/ca/camarillo/710-arneill-rd
OH,Milford,200 Chamber Dr,milford,200-chamber-dr,https://locations.chipotle.com/oh/milford/200-chamber-dr
LA,Baton Rouge,801 Frogmore Dr,baton-rouge,801-frogmore-dr,https://locations.chipotle.com/la/baton-rouge/801-frogmore-dr
GA,Newnan,2909 Highway 34 E,newnan,2909-highway-34-e,https://locations.chipotle.com/ga/newnan/2909-highway-34-e
FL,Riverview,10417 Gibsonton Dr,riverview,10417-gibsonton-dr,https://locations.chipotle.com/fl/riverview/10417-gibsonton-dr
KS,Manhattan,818 Tuttle Creek Blvd,manhattan,818-tuttle-creek-blvd,https://locations.chipotle.com/ks/manhattan/818-tuttle-creek-blvd
NC,Belmont,6400 Wilkinson Blvd,belmont,6400-wilkinson-blvd,https://locations.chipotle.com/nc/belmont/6400-wilkinson-blvd
TN,Franklin,2009 Columbia Ave,franklin,2009-columbia-ave,https://locations.chipotle.com/tn/franklin/2009-columbia-ave
FL,Cutler Bay,20901 Old Cutler Rd,cutler-bay,20901-old-cutler-rd,https://locations.chipotle.com/fl/cutler-bay/20901-old-cutler-rd
WA,Camas,19530 Se Brady Rd,camas,19530-se-brady-rd,https://locations.chipotle.com/wa/camas/19530-se-brady-rd
FL,Plant City,201 W Alexander St,plant-city,201-w-alexander-st,https://locations.chipotle.com/fl/plant-city/201-w-alexander-st
TN,Nolensville,7344 Nolensville Rd,nolensville,7344-nolensville-rd,https://locations.chipotle.com/tn/nolensville/7344-nolensville-rd
FL,Saint Augustine,4285 Us Highway 1 S,saint-augustine,4285-us-highway-1-s,https://locations.chipotle.com/fl/saint-augustine/4285-us-highway-1-s
NY,Corning,372 Pulteney St,corning,372-pulteney-st,https://locations.chipotle.com/ny/corning/372-pulteney-st
FL,Oldsmar,3134 Tampa Rd,oldsmar,3134-tampa-rd,https://locations.chipotle.com/fl/oldsmar/3134-tampa-rd
CA,Simi Valley,2902 Tapo Canyon Rd,simi-valley,2902-tapo-canyon-rd,https://locations.chipotle.com/ca/simi-valley/2902-tapo-canyon-rd
OH,Medina,5864 Wooster Pike,medina,5864-wooster-pike,https://locations.chipotle.com/oh/medina/5864-wooster-pike
WA,Tumwater,6208 Littlerock Rd Sw,tumwater,6208-littlerock-rd-sw,https://locations.chipotle.com/wa/tumwater/6208-littlerock-rd-sw
CA,Escondido,507 West Mission Avenue,escondido,507-west-mission-avenue,https://locations.chipotle.com/ca/escondido/507-west-mission-avenue
CT,Darien,330 Heights Rd,darien,330-heights-rd,https://locations.chipotle.com/ct/darien/330-heights-rd
CA,Mountain House,18011 W Grant Line Rd,mountain-house,18011-w-grant-line-rd,https://locations.chipotle.com/ca/mountain-house/18011-w-grant-line-rd
MN,Lexington,9185 South Highway Drive,lexington,9185-south-highway-drive,https://locations.chipotle.com/mn/lexington/9185-south-highway-drive
TX,League City,1603 W League City Pkwy,league-city,1603-w-league-city-pkwy,https://locations.chipotle.com/tx/league-city/1603-w-league-city-pkwy
DE,Middletown,520 Ernst Way,middletown,520-ernst-way,https://locations.chipotle.com/de/middletown/520-ernst-way
MO,Kansas City,8420 N Indiana Ave,kansas-city,8420-n-indiana-ave,https://locations.chipotle.com/mo/kansas-city/8420-n-indiana-ave
TX,Spring,760 Sawdust Rd,spring,760-sawdust-rd,https://locations.chipotle.com/tx/spring/760-sawdust-rd
GA,Dacula,862 Harbins Rd,dacula,862-harbins-rd,https://locations.chipotle.com/ga/dacula/862-harbins-rd
IL,Joliet,1351 Shale Rd,joliet,1351-shale-rd,https://locations.chipotle.com/il/joliet/1351-shale-rd
GA,Acworth,8970 Dallas Acworth Hwy,acworth,8970-dallas-acworth-hwy,https://locations.chipotle.com/ga/acworth/8970-dallas-acworth-hwy
NC,Durham,737 9th St,durham,737-9th-st,https://locations.chipotle.com/nc/durham/737-9th-st
NY,Lakewood,314 E Fairmount Ave,lakewood,314-e-fairmount-ave,https://locations.chipotle.com/ny/lakewood/314-e-fairmount-ave
CO,Colorado Springs,99 Spectrum Loop,colorado-springs,99-spectrum-loop,https://locations.chipotle.com/co/colorado-springs/99-spectrum-loop
FL,Clermont,3001 S Us Hwy 27,clermont,3001-s-us-hwy-27,https://locations.chipotle.com/fl/clermont/3001-s-us-hwy-27
KY,Paducah,3175 James Sanders Blvd,paducah,3175-james-sanders-blvd,https://locations.chipotle.com/ky/paducah/3175-james-sanders-blvd
VA,Martinsville,249 Commonwealth Blvd W,martinsville,249-commonwealth-blvd-w,https://locations.chipotle.com/va/martinsville/249-commonwealth-blvd-w
MI,Fenton,3409 Owen Rd,fenton,3409-owen-rd,https://locations.chipotle.com/mi/fenton/3409-owen-rd
IL,Belvidere,1940 N State St,belvidere,1940-n-state-st,https://locations.chipotle.com/il/belvidere/1940-n-state-st
MS,Ocean Springs,3419 Bienville Blvd,ocean-springs,3419-bienville-blvd,https://locations.chipotle.com/ms/ocean-springs/3419-bienville-blvd
WA,Renton,17803 108th Ave Se,renton,17803-108th-ave-se,https://locations.chipotle.com/wa/renton/17803-108th-ave-se
SC,Ladson,3676 Ladson Rd,ladson,3676-ladson-rd,https://locations.chipotle.com/sc/ladson/3676-ladson-rd
TN,Franklin,1711 Galleria Blvd,franklin,1711-galleria-blvd,https://locations.chipotle.com/tn/franklin/1711-galleria-blvd
GA,Cumming,3115 Ronald Reagan Blvd,cumming,3115-ronald-reagan-blvd,https://locations.chipotle.com/ga/cumming/3115-ronald-reagan-blvd
TX,Melissa,1220 Melissa Crossing Ct,melissa,1220-melissa-crossing-ct,https://locations.chipotle.com/tx/melissa/1220-melissa-crossing-ct
NY,Henrietta,4775 W Henrietta Rd,henrietta,4775-w-henrietta-rd,https://locations.chipotle.com/ny/henrietta/4775-w-henrietta-rd
TX,Killeen,500 W Stan Schlueter Loop,killeen,500-w-stan-schlueter-loop,https://locations.chipotle.com/tx/killeen/500-w-stan-schlueter-loop
CA,Los Angeles,4531 Hollywood Blvd,los-angeles,4531-hollywood-blvd,https://locations.chipotle.com/ca/los-angeles/4531-hollywood-blvd
NC,Charlotte,12715 Albemarle Rd,charlotte,12715-albemarle-rd,https://locations.chipotle.com/nc/charlotte/12715-albemarle-rd
PA,Levittown,165 Levittown Pkwy,levittown,165-levittown-pkwy,https://locations.chipotle.com/pa/levittown/165-levittown-pkwy
SC,Irmo,1069 Dutch Fork Rd,irmo,1069-dutch-fork-rd,https://locations.chipotle.com/sc/irmo/1069-dutch-fork-rd
VA,Richmond,6935 Forest Hill Ave,richmond,6935-forest-hill-ave,https://locations.chipotle.com/va/richmond/6935-forest-hill-ave
MN,Ramsey,14701 Armstrong Blvd Nw,ramsey,14701-armstrong-blvd-nw,https://locations.chipotle.com/mn/ramsey/14701-armstrong-blvd-nw
FL,Palm City,3150 Sw Martin Downs Blvd,palm-city,3150-sw-martin-downs-blvd,https://locations.chipotle.com/fl/palm-city/3150-sw-martin-downs-blvd
WA,Enumclaw,1040 Stevenson Ave,enumclaw,1040-stevenson-ave,https://locations.chipotle.com/wa/enumclaw/1040-stevenson-ave
VA,Richmond,4071 Concord Creek Place,richmond,4071-concord-creek-place,https://locations.chipotle.com/va/richmond/4071-concord-creek-place
IA,Altoona,3053 8th St Sw,altoona,3053-8th-st-sw,https://locations.chipotle.com/ia/altoona/3053-8th-st-sw
IL,Chicago,1825 W Lawrence Ave,chicago,1825-w-lawrence-ave,https://locations.chipotle.com/il/chicago/1825-w-lawrence-ave
NY,Troy,735 Hoosick Rd,troy,735-hoosick-rd,https://locations.chipotle.com/ny/troy/735-hoosick-rd
MI,Dearborn Heights,4345 S Telegraph Rd,dearborn-heights,4345-s-telegraph-rd,https://locations.chipotle.com/mi/dearborn-heights/4345-s-telegraph-rd
CA,Lemoore,223 W Hanford Armona Rd,lemoore,223-w-hanford-armona-rd,https://locations.chipotle.com/ca/lemoore/223-w-hanford-armona-rd
TN,White House,803 Highway 76,white-house,803-highway-76,https://locations.chipotle.com/tn/white-house/803-highway-76
CA,Davis,4823 Chiles Rd,davis,4823-chiles-rd,https://locations.chipotle.com/ca/davis/4823-chiles-rd
LA,Shreveport,9517 Mansfield Road,shreveport,9517-mansfield-road,https://locations.chipotle.com/la/shreveport/9517-mansfield-road
MN,Fergus Falls,528 Western Ave,fergus-falls,528-western-ave,https://locations.chipotle.com/mn/fergus-falls/528-western-ave
NY,Hempstead,154 Fulton Ave,hempstead,154-fulton-ave,https://locations.chipotle.com/ny/hempstead/154-fulton-ave
AR,Fayetteville,3702 W Wedington Dr,fayetteville,3702-w-wedington-dr,https://locations.chipotle.com/ar/fayetteville/3702-w-wedington-dr
NJ,Belleville,11 Franklin Ave,belleville,11-franklin-ave,https://locations.chipotle.com/nj/belleville/11-franklin-ave
MD,Lanham,10611 Greenbelt Rd,lanham,10611-greenbelt-rd,https://locations.chipotle.com/md/lanham/10611-greenbelt-rd
MA,Wilmington,208 Main St,wilmington,208-main-st,https://locations.chipotle.com/ma/wilmington/208-main-st
NC,Durham,4730 Guess Road,durham,4730-guess-road,https://locations.chipotle.com/nc/durham/4730-guess-road
PA,State College,1880 S Atherton St,state-college,1880-s-atherton-st,https://locations.chipotle.com/pa/state-college/1880-s-atherton-st
OK,Norman,3170 Classen Blvd,norman,3170-classen-blvd,https://locations.chipotle.com/ok/norman/3170-classen-blvd
IA,Iowa City,21 Sturgis Corner Dr,iowa-city,21-sturgis-corner-dr,https://locations.chipotle.com/ia/iowa-city/21-sturgis-corner-dr
MA,New Bedford,950 Kings Hwy,new-bedford,950-kings-hwy,https://locations.chipotle.com/ma/new-bedford/950-kings-hwy
FL,Punta Gorda,26180 Jones Loop Rd,punta-gorda,26180-jones-loop-rd,https://locations.chipotle.com/fl/punta-gorda/26180-jones-loop-rd
NY,Lancaster,6727 Transit Rd,lancaster,6727-transit-rd,https://locations.chipotle.com/ny/lancaster/6727-transit-rd
SC,Taylors,5004 Old Spartanburg Rd,taylors,5004-old-spartanburg-rd,https://locations.chipotle.com/sc/taylors/5004-old-spartanburg-rd
MI,Grand Rapids,2420 Burton St Se,grand-rapids,2420-burton-st-se,https://locations.chipotle.com/mi/grand-rapids/2420-burton-st-se
PA,Kennett Square,804 E Baltimore Pike,kennett-square,804-e-baltimore-pike,https://locations.chipotle.com/pa/kennett-square/804-e-baltimore-pike
NY,Rochester,2130 Chili Ave,rochester,2130-chili-ave,https://locations.chipotle.com/ny/rochester/2130-chili-ave
NC,Sanford,3221 Nc 87 Hwy,sanford,3221-nc-87-hwy,https://locations.chipotle.com/nc/sanford/3221-nc-87-hwy
FL,Orlando,14229 Nona North Road,orlando,14229-nona-north-road,https://locations.chipotle.com/fl/orlando/14229-nona-north-road
NY,Malta,4 Kelch Dr,malta,4-kelch-dr,https://locations.chipotle.com/ny/malta/4-kelch-dr
IL,Champaign,2037 S Neil St,champaign,2037-s-neil-st,https://locations.chipotle.com/il/champaign/2037-s-neil-st
CA,San Bernardino,696 W 5th St,san-bernardino,696-w-5th-st,https://locations.chipotle.com/ca/san-bernardino/696-w-5th-st
MI,Waterford,4207 Highland Rd,waterford,4207-highland-rd,https://locations.chipotle.com/mi/waterford/4207-highland-rd
FL,Pensacola,8870 Boesch Ln,pensacola,8870-boesch-ln,https://locations.chipotle.com/fl/pensacola/8870-boesch-ln
TX,Edinburg,4112 S Business Highway 281,edinburg,4112-s-business-highway-281,https://locations.chipotle.com/tx/edinburg/4112-s-business-highway-281
NY,New York,500 W 33rd Street,new-york,500-w-33rd-street,https://locations.chipotle.com/ny/new-york/500-w-33rd-street
FL,West Melbourne,4521 Andromeda Rd,west-melbourne,4521-andromeda-rd,https://locations.chipotle.com/fl/west-melbourne/4521-andromeda-rd
ID,Idaho Falls,2310 E 17th St,idaho-falls,2310-e-17th-st,https://locations.chipotle.com/id/idaho-falls/2310-e-17th-st
GA,Holly Springs,1120 Heights Pkwy,holly-springs,1120-heights-pkwy,https://locations.chipotle.com/ga/holly-springs/1120-heights-pkwy
TX,Odessa,8009 Hwy 191 Sr Wb,odessa,8009-hwy-191-sr-wb,https://locations.chipotle.com/tx/odessa/8009-hwy-191-sr-wb
IL,Rockford,5521 E State Street,rockford,5521-e-state-street,https://locations.chipotle.com/il/rockford/5521-e-state-street
MI,Southgate,16200 Fort Street,southgate,16200-fort-street,https://locations.chipotle.com/mi/southgate/16200-fort-street
MN,Oakdale,3480 Highpoint Dr N,oakdale,3480-highpoint-dr-n,https://locations.chipotle.com/mn/oakdale/3480-highpoint-dr-n
MN,Alexandria,4409 Highway 29 S,alexandria,4409-highway-29-s,https://locations.chipotle.com/mn/alexandria/4409-highway-29-s
TX,Austin,7112 Ed Bluestein Blvd,austin,7112-ed-bluestein-blvd,https://locations.chipotle.com/tx/austin/7112-ed-bluestein-blvd
FL,Wesley Chapel,34120 Wesley Chapel Blvd,wesley-chapel,34120-wesley-chapel-blvd,https://locations.chipotle.com/fl/wesley-chapel/34120-wesley-chapel-blvd
WI,Oconomowoc,1299 Olympia Fields Drive,oconomowoc,1299-olympia-fields-drive,https://locations.chipotle.com/wi/oconomowoc/1299-olympia-fields-drive
CA,Marysville,1150 N Beale Rd,marysville,1150-n-beale-rd,https://locations.chipotle.com/ca/marysville/1150-n-beale-rd
GA,Norcross,6905 Jimmy Carter Blvd,norcross,6905-jimmy-carter-blvd,https://locations.chipotle.com/ga/norcross/6905-jimmy-carter-blvd
GA,Duluth,4235 Pleasant Hill Rd,duluth,4235-pleasant-hill-rd,https://locations.chipotle.com/ga/duluth/4235-pleasant-hill-rd
MA,North Easton,696 Depot St,north-easton,696-depot-st,https://locations.chipotle.com/ma/north-easton/696-depot-st
VA,Ashburn,42385 Ryan Rd,ashburn,42385-ryan-rd,https://locations.chipotle.com/va/ashburn/42385-ryan-rd
OH,Perrysburg,5200 Brockway Dr,perrysburg,5200-brockway-dr,https://locations.chipotle.com/oh/perrysburg/5200-brockway-dr
FL,Odessa,12382 State Road 54,odessa,12382-state-road-54,https://locations.chipotle.com/fl/odessa/12382-state-road-54
WA,Centralia,1161 Harrison Ave,centralia,1161-harrison-ave,https://locations.chipotle.com/wa/centralia/1161-harrison-ave
PA,Bellefonte,2673 Benner Pike,bellefonte,2673-benner-pike,https://locations.chipotle.com/pa/bellefonte/2673-benner-pike
FL,Wimauma,4914 State Road 674,wimauma,4914-state-road-674,https://locations.chipotle.com/fl/wimauma/4914-state-road-674
CO,Colorado Springs,7351 Central Rail Point,colorado-springs,7351-central-rail-point,https://locations.chipotle.com/co/colorado-springs/7351-central-rail-point
VA,Farmville,2004 S Main St,farmville,2004-s-main-st,https://locations.chipotle.com/va/farmville/2004-s-main-st
CA,Poway,13504 Poway Rd,poway,13504-poway-rd,https://locations.chipotle.com/ca/poway/13504-poway-rd
NC,Fletcher,500 New Airport Road,fletcher,500-new-airport-road,https://locations.chipotle.com/nc/fletcher/500-new-airport-road
TN,Chattanooga,20 Cherokee Blvd,chattanooga,20-cherokee-blvd,https://locations.chipotle.com/tn/chattanooga/20-cherokee-blvd
SC,Spartanburg,1855 E Main St,spartanburg,1855-e-main-st,https://locations.chipotle.com/sc/spartanburg/1855-e-main-st
MI,Detroit,4444 Radnor St,detroit,4444-radnor-st,https://locations.chipotle.com/mi/detroit/4444-radnor-st
NV,Las Vegas,1910 Village Center Cir,las-vegas,1910-village-center-cir,https://locations.chipotle.com/nv/las-vegas/1910-village-center-cir
GA,Warner Robins,781 Georgia Highway 96,warner-robins,781-georgia-highway-96,https://locations.chipotle.com/ga/warner-robins/781-georgia-highway-96
KS,Shawnee,15830 Shawnee Mission Pkwy,shawnee,15830-shawnee-mission-pkwy,https://locations.chipotle.com/ks/shawnee/15830-shawnee-mission-pkwy
AZ,Tucson,7101 E 22nd St,tucson,7101-e-22nd-st,https://locations.chipotle.com/az/tucson/7101-e-22nd-st
KY,Bellevue,52 Donnermeyer Dr,bellevue,52-donnermeyer-dr,https://locations.chipotle.com/ky/bellevue/52-donnermeyer-dr
MO,Cape Girardeau,3265 William St,cape-girardeau,3265-william-st,https://locations.chipotle.com/mo/cape-girardeau/3265-william-st
NE,Columbus,3344 23rd St,columbus,3344-23rd-st,https://locations.chipotle.com/ne/columbus/3344-23rd-st
TX,Katy,5830 Fry Rd,katy,5830-fry-rd,https://locations.chipotle.com/tx/katy/5830-fry-rd
TN,Murfreesboro,230 N Rutherford Blvd,murfreesboro,230-n-rutherford-blvd,https://locations.chipotle.com/tn/murfreesboro/230-n-rutherford-blvd
FL,Pinellas Park,7100 Park Blvd N,pinellas-park,7100-park-blvd-n,https://locations.chipotle.com/fl/pinellas-park/7100-park-blvd-n
TX,Boerne,34674 Ih 10 W,boerne,34674-ih-10-w,https://locations.chipotle.com/tx/boerne/34674-ih-10-w
NC,Shelby,1317 E Dixon Blvd,shelby,1317-e-dixon-blvd,https://locations.chipotle.com/nc/shelby/1317-e-dixon-blvd
IL,Montgomery,1971 Us Route 30,montgomery,1971-us-route-30,https://locations.chipotle.com/il/montgomery/1971-us-route-30
CA,Tulare,2258 E Bardsley Ave,tulare,2258-e-bardsley-ave,https://locations.chipotle.com/ca/tulare/2258-e-bardsley-ave
FL,Saint Johns,480 Durbin Pavilion Dr,saint-johns,480-durbin-pavilion-dr,https://locations.chipotle.com/fl/saint-johns/480-durbin-pavilion-dr
IN,Whitestown,6080 Heartland Dr,whitestown,6080-heartland-dr,https://locations.chipotle.com/in/whitestown/6080-heartland-dr
TX,Dallas,5456 E Mockingbird Ln,dallas,5456-e-mockingbird-ln,https://locations.chipotle.com/tx/dallas/5456-e-mockingbird-ln
FL,Palm Coast,4920 Belle Terre Pkwy,palm-coast,4920-belle-terre-pkwy,https://locations.chipotle.com/fl/palm-coast/4920-belle-terre-pkwy
NY,Ridgewood,60 18 Metropolitan Avenue,ridgewood,60-18-metropolitan-avenue,https://locations.chipotle.com/ny/ridgewood/60-18-metropolitan-avenue
AZ,Phoenix,9820 W Indian School Rd,phoenix,9820-w-indian-school-rd,https://locations.chipotle.com/az/phoenix/9820-w-indian-school-rd
MA,Mashpee,55 South St,mashpee,55-south-st,https://locations.chipotle.com/ma/mashpee/55-south-st
ID,Pocatello,298 E Alameda Rd,pocatello,298-e-alameda-rd,https://locations.chipotle.com/id/pocatello/298-e-alameda-rd
GA,Lawrenceville,3530 Sugarloaf Pkwy,lawrenceville,3530-sugarloaf-pkwy,https://locations.chipotle.com/ga/lawrenceville/3530-sugarloaf-pkwy
TX,Celina,3520 S Preston,celina,3520-s-preston,https://locations.chipotle.com/tx/celina/3520-s-preston
FL,Fort Pierce,2035 S Us Hwy 1,fort-pierce,2035-s-us-hwy-1,https://locations.chipotle.com/fl/fort-pierce/2035-s-us-hwy-1
NY,West Haverstraw,32 S Route 9w,west-haverstraw,32-s-route-9w,https://locations.chipotle.com/ny/west-haverstraw/32-s-route-9w
TX,Midlothian,150 Nicolette Creek Rd,midlothian,150-nicolette-creek-rd,https://locations.chipotle.com/tx/midlothian/150-nicolette-creek-rd
VA,Gainesville,8148 Stonewall Shops Square,gainesville,8148-stonewall-shops-square,https://locations.chipotle.com/va/gainesville/8148-stonewall-shops-square
GA,Roswell,890 Woodstock Rd,roswell,890-woodstock-rd,https://locations.chipotle.com/ga/roswell/890-woodstock-rd
TX,Mission,100 N Shary Road,mission,100-n-shary-road,https://locations.chipotle.com/tx/mission/100-n-shary-road
CA,South San Francisco,190a El Camino Real,south-san-francisco,190a-el-camino-real,https://locations.chipotle.com/ca/south-san-francisco/190a-el-camino-real
AL,Huntsville,400 Governors Dr Sw,huntsville,400-governors-dr-sw,https://locations.chipotle.com/al/huntsville/400-governors-dr-sw
AL,Alabaster,725 1st St S,alabaster,725-1st-st-s,https://locations.chipotle.com/al/alabaster/725-1st-st-s
KY,Richmond,863 Eastern Bypass,richmond,863-eastern-bypass,https://locations.chipotle.com/ky/richmond/863-eastern-bypass
MA,Worcester,105 Stafford St,worcester,105-stafford-st,https://locations.chipotle.com/ma/worcester/105-stafford-st
MN,Minnetonka,1807 Plymouth Road,minnetonka,1807-plymouth-road,https://locations.chipotle.com/mn/minnetonka/1807-plymouth-road
MD,Hampstead,2309 Hanover Pike,hampstead,2309-hanover-pike,https://locations.chipotle.com/md/hampstead/2309-hanover-pike
AR,Bentonville,1701 Se 8th St,bentonville,1701-se-8th-st,https://locations.chipotle.com/ar/bentonville/1701-se-8th-st
KY,Louisville,4910 Us Highway 42,louisville,4910-us-highway-42,https://locations.chipotle.com/ky/louisville/4910-us-highway-42
MN,St. Louis Park,8528 State Hwy 7,st.-louis-park,8528-state-hwy-7,https://locations.chipotle.com/mn/st.-louis-park/8528-state-hwy-7
NC,Charlotte,13855 Conlan Cir,charlotte,13855-conlan-cir,https://locations.chipotle.com/nc/charlotte/13855-conlan-cir
CO,Fountain,6250 Timber Rail Pt,fountain,6250-timber-rail-pt,https://locations.chipotle.com/co/fountain/6250-timber-rail-pt
SC,Summerville,1275 Nexton Pkwy,summerville,1275-nexton-pkwy,https://locations.chipotle.com/sc/summerville/1275-nexton-pkwy
FL,St. Cloud,2000 Nolte Road,st.-cloud,2000-nolte-road,https://locations.chipotle.com/fl/st.-cloud/2000-nolte-road
CA,Manteca,270 W Atherton Drive,manteca,270-w-atherton-drive,https://locations.chipotle.com/ca/manteca/270-w-atherton-drive
NY,Newburgh,1433 Ny 300,newburgh,1433-ny-300,https://locations.chipotle.com/ny/newburgh/1433-ny-300
GA,Lawrenceville,641 Buford Dr,lawrenceville,641-buford-dr,https://locations.chipotle.com/ga/lawrenceville/641-buford-dr
MN,Excelsior,23570 Highway 7,excelsior,23570-highway-7,https://locations.chipotle.com/mn/excelsior/23570-highway-7
FL,Clearwater,3335 Ulmerton Rd,clearwater,3335-ulmerton-rd,https://locations.chipotle.com/fl/clearwater/3335-ulmerton-rd
FL,North Miami,12571 Biscayne Blvd,north-miami,12571-biscayne-blvd,https://locations.chipotle.com/fl/north-miami/12571-biscayne-blvd
AZ,Gilbert,4733 E Germann Rd,gilbert,4733-e-germann-rd,https://locations.chipotle.com/az/gilbert/4733-e-germann-rd
TX,Georgetown,1312 W University Ave,georgetown,1312-w-university-ave,https://locations.chipotle.com/tx/georgetown/1312-w-university-ave
NV,Las Vegas,4300 N Rancho Dr,las-vegas,4300-n-rancho-dr,https://locations.chipotle.com/nv/las-vegas/4300-n-rancho-dr
NC,Concord,4035 Concord Pkwy S,concord,4035-concord-pkwy-s,https://locations.chipotle.com/nc/concord/4035-concord-pkwy-s
KY,Frankfort,100 Dg Parsons Drive,frankfort,100-dg-parsons-drive,https://locations.chipotle.com/ky/frankfort/100-dg-parsons-drive
FL,Hudson,8784 State Road 52,hudson,8784-state-road-52,https://locations.chipotle.com/fl/hudson/8784-state-road-52
TX,Lumberton,118 South Lhs Dr,lumberton,118-south-lhs-dr,https://locations.chipotle.com/tx/lumberton/118-south-lhs-dr
NC,Charlotte,3081 Pineville Matthews Rd,charlotte,3081-pineville-matthews-rd,https://locations.chipotle.com/nc/charlotte/3081-pineville-matthews-rd
FL,Brooksville,1185 S Broad St,brooksville,1185-s-broad-st,https://locations.chipotle.com/fl/brooksville/1185-s-broad-st
MN,Lino Lakes,7701 Lake Dr,lino-lakes,7701-lake-dr,https://locations.chipotle.com/mn/lino-lakes/7701-lake-dr
CA,Rocklin,920 Univeristy Ave,rocklin,920-univeristy-ave,https://locations.chipotle.com/ca/rocklin/920-univeristy-ave
MI,Washington,7863 26 Mile Rd,washington,7863-26-mile-rd,https://locations.chipotle.com/mi/washington/7863-26-mile-rd
MA,Braintree,165 Pearl St,braintree,165-pearl-st,https://locations.chipotle.com/ma/braintree/165-pearl-st
RI,Westerly,143 Franklin St,westerly,143-franklin-st,https://locations.chipotle.com/ri/westerly/143-franklin-st
IL,Chicago,11211 S Corliss Ave,chicago,11211-s-corliss-ave,https://locations.chipotle.com/il/chicago/11211-s-corliss-ave
NY,Bronx,2190 White Plains Rd,bronx,2190-white-plains-rd,https://locations.chipotle.com/ny/bronx/2190-white-plains-rd
MN,Saint Paul,2133 Old Hudson Rd,saint-paul,2133-old-hudson-rd,https://locations.chipotle.com/mn/saint-paul/2133-old-hudson-rd
MO,Saint Peters,300 Mid Rivers Mall Dr,saint-peters,300-mid-rivers-mall-dr,https://locations.chipotle.com/mo/saint-peters/300-mid-rivers-mall-dr
AZ,Tucson,4746 E Sunrise Dr,tucson,4746-e-sunrise-dr,https://locations.chipotle.com/az/tucson/4746-e-sunrise-dr
SC,Florence,2037 S Irby St,florence,2037-s-irby-st,https://locations.chipotle.com/sc/florence/2037-s-irby-st
NY,Smithtown,80 E Main St,smithtown,80-e-main-st,https://locations.chipotle.com/ny/smithtown/80-e-main-st
KS,Wichita,13333 W Maple St,wichita,13333-w-maple-st,https://locations.chipotle.com/ks/wichita/13333-w-maple-st
DC,Washington,901 W St Nw,washington,901-w-st-nw,https://locations.chipotle.com/dc/washington/901-w-st-nw
FL,Spring Hill,4685 Commercial Way,spring-hill,4685-commercial-way,https://locations.chipotle.com/fl/spring-hill/4685-commercial-way
FL,Lithia,16509 Fishhawk Blvd,lithia,16509-fishhawk-blvd,https://locations.chipotle.com/fl/lithia/16509-fishhawk-blvd
TX,Garland,4680 N Shiloh Rd,garland,4680-n-shiloh-rd,https://locations.chipotle.com/tx/garland/4680-n-shiloh-rd
TX,Tyler,1555 S Sw Loop 323,tyler,1555-s-sw-loop-323,https://locations.chipotle.com/tx/tyler/1555-s-sw-loop-323
NY,Grand Island,2178 Grand Island Blvd,grand-island,2178-grand-island-blvd,https://locations.chipotle.com/ny/grand-island/2178-grand-island-blvd
PA,Mechanicsburg,215 Gettysburg Pike,mechanicsburg,215-gettysburg-pike,https://locations.chipotle.com/pa/mechanicsburg/215-gettysburg-pike
MD,Bowie,3520 Saint Lola Ln,bowie,3520-saint-lola-ln,https://locations.chipotle.com/md/bowie/3520-saint-lola-ln
CA,San Leandro,1232 Fairmont Dr,san-leandro,1232-fairmont-dr,https://locations.chipotle.com/ca/san-leandro/1232-fairmont-dr
WA,Cheney,2844 1st St,cheney,2844-1st-st,https://locations.chipotle.com/wa/cheney/2844-1st-st
FL,Okeechobee,2655 Us Highway 441 S,okeechobee,2655-us-highway-441-s,https://locations.chipotle.com/fl/okeechobee/2655-us-highway-441-s
TX,Tomball,25545 State Highway 249,tomball,25545-state-highway-249,https://locations.chipotle.com/tx/tomball/25545-state-highway-249
FL,West Palm Beach,1703 Palm Beach Lakes Blvd,west-palm-beach,1703-palm-beach-lakes-blvd,https://locations.chipotle.com/fl/west-palm-beach/1703-palm-beach-lakes-blvd
NC,Greensboro,303 Pisgah Church Rd,greensboro,303-pisgah-church-rd,https://locations.chipotle.com/nc/greensboro/303-pisgah-church-rd
NY,Brooklyn,445 5th Ave,brooklyn,445-5th-ave,https://locations.chipotle.com/ny/brooklyn/445-5th-ave
TX,Cedar Park,1521 Juliette Way,cedar-park,1521-juliette-way,https://locations.chipotle.com/tx/cedar-park/1521-juliette-way
SC,Murrells Inlet,300 Mall Drive,murrells-inlet,300-mall-drive,https://locations.chipotle.com/sc/murrells-inlet/300-mall-drive
AL,Huntsville,11606 Memorial Pkwy Sw,huntsville,11606-memorial-pkwy-sw,https://locations.chipotle.com/al/huntsville/11606-memorial-pkwy-sw
NH,Durham,7 Mill Rd,durham,7-mill-rd,https://locations.chipotle.com/nh/durham/7-mill-rd
VT,Berlin,25 Eclipse Circle,berlin,25-eclipse-circle,https://locations.chipotle.com/vt/berlin/25-eclipse-circle
FL,Bradenton,16680 E State Road 64,bradenton,16680-e-state-road-64,https://locations.chipotle.com/fl/bradenton/16680-e-state-road-64
MN,Bloomington,9304 Lyndale Ave S,bloomington,9304-lyndale-ave-s,https://locations.chipotle.com/mn/bloomington/9304-lyndale-ave-s
CA,San Francisco,365 Toni Stone Xing,san-francisco,365-toni-stone-xing,https://locations.chipotle.com/ca/san-francisco/365-toni-stone-xing
CA,Chula Vista,2010 Birch Rd,chula-vista,2010-birch-rd,https://locations.chipotle.com/ca/chula-vista/2010-birch-rd
TX,Dallas,3407 Canyon Bluff Blvd,dallas,3407-canyon-bluff-blvd,https://locations.chipotle.com/tx/dallas/3407-canyon-bluff-blvd
VA,Madison Heights,4780 S Amherst Hwy,madison-heights,4780-s-amherst-hwy,https://locations.chipotle.com/va/madison-heights/4780-s-amherst-hwy
NC,Rolesville,725 S Main St,rolesville,725-s-main-st,https://locations.chipotle.com/nc/rolesville/725-s-main-st
TX,New Braunfels,323 Creekside Curv,new-braunfels,323-creekside-curv,https://locations.chipotle.com/tx/new-braunfels/323-creekside-curv
NY,Shirley,800 Montauk Hwy,shirley,800-montauk-hwy,https://locations.chipotle.com/ny/shirley/800-montauk-hwy
TX,Spring,1400 Lake Plaza Drive,spring,1400-lake-plaza-drive,https://locations.chipotle.com/tx/spring/1400-lake-plaza-drive
NE,Grand Island,3440 W State St,grand-island,3440-w-state-st,https://locations.chipotle.com/ne/grand-island/3440-w-state-st
TX,Plano,6917 Independence Pkwy,plano,6917-independence-pkwy,https://locations.chipotle.com/tx/plano/6917-independence-pkwy
MI,Livonia,13900 Middlebelt Road,livonia,13900-middlebelt-road,https://locations.chipotle.com/mi/livonia/13900-middlebelt-road
GA,Buford,2925 Buford Dr,buford,2925-buford-dr,https://locations.chipotle.com/ga/buford/2925-buford-dr
SC,Charleston,975 Savannah Hwy,charleston,975-savannah-hwy,https://locations.chipotle.com/sc/charleston/975-savannah-hwy
FL,Miami,5600 Waterford District Dr,miami,5600-waterford-district-dr,https://locations.chipotle.com/fl/miami/5600-waterford-district-dr
NY,Corona,3747 Junction Blvd,corona,3747-junction-blvd,https://locations.chipotle.com/ny/corona/3747-junction-blvd
NH,Stratham,18 Portsmouth Ave,stratham,18-portsmouth-ave,https://locations.chipotle.com/nh/stratham/18-portsmouth-ave
AL,Athens,1289 Us Highway 72 E,athens,1289-us-highway-72-e,https://locations.chipotle.com/al/athens/1289-us-highway-72-e
TX,Burleson,12621 South Fwy,burleson,12621-south-fwy,https://locations.chipotle.com/tx/burleson/12621-south-fwy
NC,Wilson,2304 Forest Hills Rd W,wilson,2304-forest-hills-rd-w,https://locations.chipotle.com/nc/wilson/2304-forest-hills-rd-w
NH,Salem,12 S Village Dr,salem,12-s-village-dr,https://locations.chipotle.com/nh/salem/12-s-village-dr
NJ,Cherry Hill,3 Marlton Pike E,cherry-hill,3-marlton-pike-e,https://locations.chipotle.com/nj/cherry-hill/3-marlton-pike-e
NJ,Ledgewood,461 Rte 10,ledgewood,461-rte-10,https://locations.chipotle.com/nj/ledgewood/461-rte-10
CT,New Milford,169 Danbury Rd,new-milford,169-danbury-rd,https://locations.chipotle.com/ct/new-milford/169-danbury-rd
WA,Pullman,485 Se Brelsford Dr,pullman,485-se-brelsford-dr,https://locations.chipotle.com/wa/pullman/485-se-brelsford-dr
CT,Danbury,81 Newtown Rd,danbury,81-newtown-rd,https://locations.chipotle.com/ct/danbury/81-newtown-rd
MI,Ann Arbor,2295 West Stadium Boulevard,ann-arbor,2295-west-stadium-boulevard,https://locations.chipotle.com/mi/ann-arbor/2295-west-stadium-boulevard
MD,Elkton,722 E Pulaski Hwy,elkton,722-e-pulaski-hwy,https://locations.chipotle.com/md/elkton/722-e-pulaski-hwy
PA,Ephrata,823 E Main St,ephrata,823-e-main-st,https://locations.chipotle.com/pa/ephrata/823-e-main-st
TN,Spring Hill,2098 Wall St,spring-hill,2098-wall-st,https://locations.chipotle.com/tn/spring-hill/2098-wall-st
OH,Defiance,1796 N Clinton St,defiance,1796-n-clinton-st,https://locations.chipotle.com/oh/defiance/1796-n-clinton-st
FL,Jacksonville,4495 Roosevelt Blvd,jacksonville,4495-roosevelt-blvd,https://locations.chipotle.com/fl/jacksonville/4495-roosevelt-blvd
TN,Johnson City,2013 N Roan St,johnson-city,2013-n-roan-st,https://locations.chipotle.com/tn/johnson-city/2013-n-roan-st
OH,South Lebanon,674 Corwin Nixon Blvd,south-lebanon,674-corwin-nixon-blvd,https://locations.chipotle.com/oh/south-lebanon/674-corwin-nixon-blvd
CA,El Dorado Hills,4520 Post St,el-dorado-hills,4520-post-st,https://locations.chipotle.com/ca/el-dorado-hills/4520-post-st
CA,Los Banos,1420 E Pacheco Blvd,los-banos,1420-e-pacheco-blvd,https://locations.chipotle.com/ca/los-banos/1420-e-pacheco-blvd
MI,Dearborn Heights,26670 Ford Road,dearborn-heights,26670-ford-road,https://locations.chipotle.com/mi/dearborn-heights/26670-ford-road
TX,Round Rock,17100 N Rm 620 Rd,round-rock,17100-n-rm-620-rd,https://locations.chipotle.com/tx/round-rock/17100-n-rm-620-rd
IN,Indianapolis,4645 S Emerson Ave,indianapolis,4645-s-emerson-ave,https://locations.chipotle.com/in/indianapolis/4645-s-emerson-ave
PA,Harrisburg,2330 Linglestown Rd,harrisburg,2330-linglestown-rd,https://locations.chipotle.com/pa/harrisburg/2330-linglestown-rd
OK,Broken Arrow,750 E Kenosha St,broken-arrow,750-e-kenosha-st,https://locations.chipotle.com/ok/broken-arrow/750-e-kenosha-st
MD,Reisterstown,11907 Reisterstown Rd,reisterstown,11907-reisterstown-rd,https://locations.chipotle.com/md/reisterstown/11907-reisterstown-rd
NJ,Glassboro,789 Delsea Dr N,glassboro,789-delsea-dr-n,https://locations.chipotle.com/nj/glassboro/789-delsea-dr-n
IL,Edwardsville,2200 Troy Rd,edwardsville,2200-troy-rd,https://locations.chipotle.com/il/edwardsville/2200-troy-rd
TX,El Paso,12101 Eastlake Blvd,el-paso,12101-eastlake-blvd,https://locations.chipotle.com/tx/el-paso/12101-eastlake-blvd
TX,Magnolia,6538 Fm 1488,magnolia,6538-fm-1488,https://locations.chipotle.com/tx/magnolia/6538-fm-1488
NJ,Rio Grande,1705 Nj 47 South,rio-grande,1705-nj-47-south,https://locations.chipotle.com/nj/rio-grande/1705-nj-47-south
MA,Hanover,1773 Washington St,hanover,1773-washington-st,https://locations.chipotle.com/ma/hanover/1773-washington-st
TX,Frisco,1525 Us Highway 380,frisco,1525-us-highway-380,https://locations.chipotle.com/tx/frisco/1525-us-highway-380
CO,Superior,1940 Coalton Rd,superior,1940-coalton-rd,https://locations.chipotle.com/co/superior/1940-coalton-rd
WA,Puyallup,10115 167th St Ct E,puyallup,10115-167th-st-ct-e,https://locations.chipotle.com/wa/puyallup/10115-167th-st-ct-e
FL,Miami,14401 Sw 42nd St,miami,14401-sw-42nd-st,https://locations.chipotle.com/fl/miami/14401-sw-42nd-st
TX,Lucas,2650 W Lucas Rd,lucas,2650-w-lucas-rd,https://locations.chipotle.com/tx/lucas/2650-w-lucas-rd
NY,Fairport,6720 Pittsford Palmyra Rd,fairport,6720-pittsford-palmyra-rd,https://locations.chipotle.com/ny/fairport/6720-pittsford-palmyra-rd
OH,Fremont,851 Sean Dr,fremont,851-sean-dr,https://locations.chipotle.com/oh/fremont/851-sean-dr
MD,Frederick,3278 Bennett Creek Ave,frederick,3278-bennett-creek-ave,https://locations.chipotle.com/md/frederick/3278-bennett-creek-ave
CT,Torrington,1313 E Main St,torrington,1313-e-main-st,https://locations.chipotle.com/ct/torrington/1313-e-main-st
OH,Cincinnati,9430 Fields Ertel Rd,cincinnati,9430-fields-ertel-rd,https://locations.chipotle.com/oh/cincinnati/9430-fields-ertel-rd
PA,Hummelstown,1198 Mae Street,hummelstown,1198-mae-street,https://locations.chipotle.com/pa/hummelstown/1198-mae-street
OH,Cleveland Heights,12401 Cedar Rd,cleveland-heights,12401-cedar-rd,https://locations.chipotle.com/oh/cleveland-heights/12401-cedar-rd
AZ,Tucson,1903 E Speedway Blvd,tucson,1903-e-speedway-blvd,https://locations.chipotle.com/az/tucson/1903-e-speedway-blvd
TX,Fort Worth,5745 S Hulen St,fort-worth,5745-s-hulen-st,https://locations.chipotle.com/tx/fort-worth/5745-s-hulen-st
SC,Indian Land,10092 Charlotte Hwy,indian-land,10092-charlotte-hwy,https://locations.chipotle.com/sc/indian-land/10092-charlotte-hwy
AZ,Glendale,9405 W Glendale Ave,glendale,9405-w-glendale-ave,https://locations.chipotle.com/az/glendale/9405-w-glendale-ave
TX,Kingwood,4554 Kingwood Dr,kingwood,4554-kingwood-dr,https://locations.chipotle.com/tx/kingwood/4554-kingwood-dr
MO,Saint Louis,3547 Hampton Ave,saint-louis,3547-hampton-ave,https://locations.chipotle.com/mo/saint-louis/3547-hampton-ave
MA,Lynnfield,425 Market St,lynnfield,425-market-st,https://locations.chipotle.com/ma/lynnfield/425-market-st
TN,Madison,1806 Gallatin Pike N,madison,1806-gallatin-pike-n,https://locations.chipotle.com/tn/madison/1806-gallatin-pike-n
WI,Onalaska,9415 East 16 Frontage Rd,onalaska,9415-east-16-frontage-rd,https://locations.chipotle.com/wi/onalaska/9415-east-16-frontage-rd
CA,Porter Ranch,20111 Rinaldi St,porter-ranch,20111-rinaldi-st,https://locations.chipotle.com/ca/porter-ranch/20111-rinaldi-st
FL,Fort Walton Beach,227 Carol Ave Nw,fort-walton-beach,227-carol-ave-nw,https://locations.chipotle.com/fl/fort-walton-beach/227-carol-ave-nw
MD,Hagerstown,1739 Dual Highway,hagerstown,1739-dual-highway,https://locations.chipotle.com/md/hagerstown/1739-dual-highway
FL,Yulee,463913 State Road 200,yulee,463913-state-road-200,https://locations.chipotle.com/fl/yulee/463913-state-road-200
MN,Shakopee,1120 Vierling Dr E,shakopee,1120-vierling-dr-e,https://locations.chipotle.com/mn/shakopee/1120-vierling-dr-e
TN,Hixson,5248 Highway 153,hixson,5248-highway-153,https://locations.chipotle.com/tn/hixson/5248-highway-153
WA,Lacey,5116 Yelm Hwy Se,lacey,5116-yelm-hwy-se,https://locations.chipotle.com/wa/lacey/5116-yelm-hwy-se
FL,West Melbourne,125 Palm Bay Rd Ne,west-melbourne,125-palm-bay-rd-ne,https://locations.chipotle.com/fl/west-melbourne/125-palm-bay-rd-ne
SC,Sumter,1286 Broad St,sumter,1286-broad-st,https://locations.chipotle.com/sc/sumter/1286-broad-st
NE,Lincoln,7133 Pioneers Blvd,lincoln,7133-pioneers-blvd,https://locations.chipotle.com/ne/lincoln/7133-pioneers-blvd
NY,Brooklyn,2076 86th St,brooklyn,2076-86th-st,https://locations.chipotle.com/ny/brooklyn/2076-86th-st
FL,North Miami Beach,886 N Miami Beach Blvd,north-miami-beach,886-n-miami-beach-blvd,https://locations.chipotle.com/fl/north-miami-beach/886-n-miami-beach-blvd
FL,Kissimmee,4450 Pleasant Hill Rd,kissimmee,4450-pleasant-hill-rd,https://locations.chipotle.com/fl/kissimmee/4450-pleasant-hill-rd
NY,New York,4240 Broadway,new-york,4240-broadway,https://locations.chipotle.com/ny/new-york/4240-broadway
NC,Winston Salem,5414 University Pkwy,winston-salem,5414-university-pkwy,https://locations.chipotle.com/nc/winston-salem/5414-university-pkwy
FL,Palm Beach Gardens,3539 Northlake Blvd,palm-beach-gardens,3539-northlake-blvd,https://locations.chipotle.com/fl/palm-beach-gardens/3539-northlake-blvd
AL,Oxford,30 Commons Way,oxford,30-commons-way,https://locations.chipotle.com/al/oxford/30-commons-way
TN,Hermitage,5000b Old Hickory Blvd,hermitage,5000b-old-hickory-blvd,https://locations.chipotle.com/tn/hermitage/5000b-old-hickory-blvd
MI,Troy,5322 Crooks Rd,troy,5322-crooks-rd,https://locations.chipotle.com/mi/troy/5322-crooks-rd
OR,Newberg,3105 E Portland Rd,newberg,3105-e-portland-rd,https://locations.chipotle.com/or/newberg/3105-e-portland-rd
CA,Roseville,4200 Thrive Dr,roseville,4200-thrive-dr,https://locations.chipotle.com/ca/roseville/4200-thrive-dr
FL,Orange Park,1607 County Road 220,orange-park,1607-county-road-220,https://locations.chipotle.com/fl/orange-park/1607-county-road-220
CT,Southbury,100 Main St N,southbury,100-main-st-n,https://locations.chipotle.com/ct/southbury/100-main-st-n
MD,Hyattsville,1461 University Blvd E,hyattsville,1461-university-blvd-e,https://locations.chipotle.com/md/hyattsville/1461-university-blvd-e
NJ,Egg Harbor Township,6813 Tilton Rd,egg-harbor-township,6813-tilton-rd,https://locations.chipotle.com/nj/egg-harbor-township/6813-tilton-rd
AZ,Surprise,16810 W Waddell Rd,surprise,16810-w-waddell-rd,https://locations.chipotle.com/az/surprise/16810-w-waddell-rd
TX,League City,2555 E League City Pkwy,league-city,2555-e-league-city-pkwy,https://locations.chipotle.com/tx/league-city/2555-e-league-city-pkwy
UT,Cedar City,1351 S Providence Center Dr,cedar-city,1351-s-providence-center-dr,https://locations.chipotle.com/ut/cedar-city/1351-s-providence-center-dr
NV,Henderson,3588 Saint Rose Pkwy,henderson,3588-saint-rose-pkwy,https://locations.chipotle.com/nv/henderson/3588-saint-rose-pkwy
OH,Vandalia,275 E National Rd,vandalia,275-e-national-rd,https://locations.chipotle.com/oh/vandalia/275-e-national-rd
PA,Warrington,385 Easton Rd,warrington,385-easton-rd,https://locations.chipotle.com/pa/warrington/385-easton-rd
AZ,Chandler,1055 W Chandler Blvd,chandler,1055-w-chandler-blvd,https://locations.chipotle.com/az/chandler/1055-w-chandler-blvd
CA,Norwalk,12539 Imperial Hwy,norwalk,12539-imperial-hwy,https://locations.chipotle.com/ca/norwalk/12539-imperial-hwy
PA,Lancaster,2232 Lincoln Hwy E,lancaster,2232-lincoln-hwy-e,https://locations.chipotle.com/pa/lancaster/2232-lincoln-hwy-e
TX,Richmond,25226 Farm To Market 1093,richmond,25226-farm-to-market-1093,https://locations.chipotle.com/tx/richmond/25226-farm-to-market-1093
OH,Moraine,1925 W Dorothy Ln,moraine,1925-w-dorothy-ln,https://locations.chipotle.com/oh/moraine/1925-w-dorothy-ln
IL,Morton Grove,6861 Dempster St,morton-grove,6861-dempster-st,https://locations.chipotle.com/il/morton-grove/6861-dempster-st
MD,Ocean City,12601 Coastal Hwy,ocean-city,12601-coastal-hwy,https://locations.chipotle.com/md/ocean-city/12601-coastal-hwy
OH,Akron,454 E Waterloo Rd,akron,454-e-waterloo-rd,https://locations.chipotle.com/oh/akron/454-e-waterloo-rd
NY,Brooklyn,6502 18th Ave,brooklyn,6502-18th-ave,https://locations.chipotle.com/ny/brooklyn/6502-18th-ave
FL,Orlando,13935 Landstar Blvd,orlando,13935-landstar-blvd,https://locations.chipotle.com/fl/orlando/13935-landstar-blvd
NJ,Jersey City,30 Montgomery St,jersey-city,30-montgomery-st,https://locations.chipotle.com/nj/jersey-city/30-montgomery-st
NH,North Conway,1549 White Mountain Hwy,north-conway,1549-white-mountain-hwy,https://locations.chipotle.com/nh/north-conway/1549-white-mountain-hwy
NY,Jamaica,14740 Archer Ave,jamaica,14740-archer-ave,https://locations.chipotle.com/ny/jamaica/14740-archer-ave
NJ,Forked River,246 North Main Street,forked-river,246-north-main-street,https://locations.chipotle.com/nj/forked-river/246-north-main-street
CT,Stamford,1207 High Ridge Rd,stamford,1207-high-ridge-rd,https://locations.chipotle.com/ct/stamford/1207-high-ridge-rd
OH,Hamilton,1510 S Erie Hwy,hamilton,1510-s-erie-hwy,https://locations.chipotle.com/oh/hamilton/1510-s-erie-hwy
UT,Provo,1284 N University Ave,provo,1284-n-university-ave,https://locations.chipotle.com/ut/provo/1284-n-university-ave
SC,Fort Mill,1852 Highway 160 W,fort-mill,1852-highway-160-w,https://locations.chipotle.com/sc/fort-mill/1852-highway-160-w
NC,Hendersonville,59 Highlands Square Dr,hendersonville,59-highlands-square-dr,https://locations.chipotle.com/nc/hendersonville/59-highlands-square-dr
IL,Loves Park,7190 E Riverside Blvd,loves-park,7190-e-riverside-blvd,https://locations.chipotle.com/il/loves-park/7190-e-riverside-blvd
TX,Fort Worth,5252 Golden Triangle Blvd,fort-worth,5252-golden-triangle-blvd,https://locations.chipotle.com/tx/fort-worth/5252-golden-triangle-blvd
TX,Saginaw,1424 Old Decatur Rd,saginaw,1424-old-decatur-rd,https://locations.chipotle.com/tx/saginaw/1424-old-decatur-rd
NY,Bronx,22 E 170th St,bronx,22-e-170th-st,https://locations.chipotle.com/ny/bronx/22-e-170th-st
DC,Washington,1300 Connecticut Ave Nw,washington,1300-connecticut-ave-nw,https://locations.chipotle.com/dc/washington/1300-connecticut-ave-nw
KS,Wichita,2608 N Greenwich Ct,wichita,2608-n-greenwich-ct,https://locations.chipotle.com/ks/wichita/2608-n-greenwich-ct
GA,Cartersville,405 E Main St,cartersville,405-e-main-st,https://locations.chipotle.com/ga/cartersville/405-e-main-st
TN,Clarksville,2296 Madison St,clarksville,2296-madison-st,https://locations.chipotle.com/tn/clarksville/2296-madison-st
NC,Kannapolis,580 Kannapolis Parkway,kannapolis,580-kannapolis-parkway,https://locations.chipotle.com/nc/kannapolis/580-kannapolis-parkway
TN,Jackson,883 Vann Dr,jackson,883-vann-dr,https://locations.chipotle.com/tn/jackson/883-vann-dr
IL,Orland Park,15071 S La Grange Rd,orland-park,15071-s-la-grange-rd,https://locations.chipotle.com/il/orland-park/15071-s-la-grange-rd
MI,Royal Oak,305 W 11 Mile Rd,royal-oak,305-w-11-mile-rd,https://locations.chipotle.com/mi/royal-oak/305-w-11-mile-rd
PA,Coraopolis,927 Brodhead Rd,coraopolis,927-brodhead-rd,https://locations.chipotle.com/pa/coraopolis/927-brodhead-rd
TX,San Antonio,2741 Sw Military Dr,san-antonio,2741-sw-military-dr,https://locations.chipotle.com/tx/san-antonio/2741-sw-military-dr
TX,Houston,3943 Little York Rd,houston,3943-little-york-rd,https://locations.chipotle.com/tx/houston/3943-little-york-rd
OH,Findlay,1107 Trenton Ave,findlay,1107-trenton-ave,https://locations.chipotle.com/oh/findlay/1107-trenton-ave
WI,Eau Claire,941 W Clairemont Ave,eau-claire,941-w-clairemont-ave,https://locations.chipotle.com/wi/eau-claire/941-w-clairemont-ave
KS,Olathe,18016 W 119th St,olathe,18016-w-119th-st,https://locations.chipotle.com/ks/olathe/18016-w-119th-st
SC,Columbia,451 Killian Rd,columbia,451-killian-rd,https://locations.chipotle.com/sc/columbia/451-killian-rd
AL,Dothan,3473 Ross Clark Drive,dothan,3473-ross-clark-drive,https://locations.chipotle.com/al/dothan/3473-ross-clark-drive
IL,Tinley Park,7226 191st St,tinley-park,7226-191st-st,https://locations.chipotle.com/il/tinley-park/7226-191st-st
WA,Spokane Valley,209 N Sullivan Rd,spokane-valley,209-n-sullivan-rd,https://locations.chipotle.com/wa/spokane-valley/209-n-sullivan-rd
TX,Mansfield,3040 E Broad St,mansfield,3040-e-broad-st,https://locations.chipotle.com/tx/mansfield/3040-e-broad-st
OR,Portland,3582 Se Powell Blvd,portland,3582-se-powell-blvd,https://locations.chipotle.com/or/portland/3582-se-powell-blvd
GA,Acworth,3359 Cobb Pkwy Nw,acworth,3359-cobb-pkwy-nw,https://locations.chipotle.com/ga/acworth/3359-cobb-pkwy-nw
NY,Flushing,13661 Roosevelt Ave,flushing,13661-roosevelt-ave,https://locations.chipotle.com/ny/flushing/13661-roosevelt-ave
MD,Baltimore,1507 Havenwood Drive,baltimore,1507-havenwood-drive,https://locations.chipotle.com/md/baltimore/1507-havenwood-drive
IL,Chicago,160 E Huron St,chicago,160-e-huron-st,https://locations.chipotle.com/il/chicago/160-e-huron-st
PA,Quakertown,79 N West End Blvd,quakertown,79-n-west-end-blvd,https://locations.chipotle.com/pa/quakertown/79-n-west-end-blvd
GA,Statesboro,170 Brampton Ave,statesboro,170-brampton-ave,https://locations.chipotle.com/ga/statesboro/170-brampton-ave
FL,Zephyrhills,7646 Gall Blvd,zephyrhills,7646-gall-blvd,https://locations.chipotle.com/fl/zephyrhills/7646-gall-blvd
FL,Odessa,16118 Preserve Marketplace Blvd,odessa,16118-preserve-marketplace-blvd,https://locations.chipotle.com/fl/odessa/16118-preserve-marketplace-blvd
OH,Canton,6410 Market Ave N,canton,6410-market-ave-n,https://locations.chipotle.com/oh/canton/6410-market-ave-n
IL,Melrose Park,500 W North Ave,melrose-park,500-w-north-ave,https://locations.chipotle.com/il/melrose-park/500-w-north-ave
TX,San Antonio,6302 Fm 78,san-antonio,6302-fm-78,https://locations.chipotle.com/tx/san-antonio/6302-fm-78
FL,Orlando,11291 E Colonial Dr,orlando,11291-e-colonial-dr,https://locations.chipotle.com/fl/orlando/11291-e-colonial-dr
NY,Batavia,4230 Veterans Memorial Dr,batavia,4230-veterans-memorial-dr,https://locations.chipotle.com/ny/batavia/4230-veterans-memorial-dr
CA,Irvine,6500 Irvine Center Dr,irvine,6500-irvine-center-dr,https://locations.chipotle.com/ca/irvine/6500-irvine-center-dr
PA,Souderton,715a Route 113,souderton,715a-route-113,https://locations.chipotle.com/pa/souderton/715a-route-113
WV,Vienna,615 Grand Central Ave,vienna,615-grand-central-ave,https://locations.chipotle.com/wv/vienna/615-grand-central-ave
NJ,Bellmawr,2 N Black Horse Pike,bellmawr,2-n-black-horse-pike,https://locations.chipotle.com/nj/bellmawr/2-n-black-horse-pike
GA,Gainesville,604 White Sulphur Rd,gainesville,604-white-sulphur-rd,https://locations.chipotle.com/ga/gainesville/604-white-sulphur-rd
GA,Fairburn,8045 Senoia Rd,fairburn,8045-senoia-rd,https://locations.chipotle.com/ga/fairburn/8045-senoia-rd
OH,Willowick,30482 Lake Shore Blvd,willowick,30482-lake-shore-blvd,https://locations.chipotle.com/oh/willowick/30482-lake-shore-blvd
PA,Easton,3704 Easton Nazareth Hwy,easton,3704-easton-nazareth-hwy,https://locations.chipotle.com/pa/easton/3704-easton-nazareth-hwy
TX,San Antonio,3155 Se Military Dr,san-antonio,3155-se-military-dr,https://locations.chipotle.com/tx/san-antonio/3155-se-military-dr
NC,Holly Springs,601 Village Walk Dr,holly-springs,601-village-walk-dr,https://locations.chipotle.com/nc/holly-springs/601-village-walk-dr
PA,Butler,200 Benevan Square,butler,200-benevan-square,https://locations.chipotle.com/pa/butler/200-benevan-square
GA,Valdosta,1108 N Saint Augustine Rd,valdosta,1108-n-saint-augustine-rd,https://locations.chipotle.com/ga/valdosta/1108-n-saint-augustine-rd
GA,Decatur,2474 Wesley Chapel Rd,decatur,2474-wesley-chapel-rd,https://locations.chipotle.com/ga/decatur/2474-wesley-chapel-rd
FL,Miami,3201 N Miami Ave,miami,3201-n-miami-ave,https://locations.chipotle.com/fl/miami/3201-n-miami-ave
CA,Lake Elsinore,18492 Dexter Ave,lake-elsinore,18492-dexter-ave,https://locations.chipotle.com/ca/lake-elsinore/18492-dexter-ave
WA,Battle Ground,1201 Sw Scotton Way,battle-ground,1201-sw-scotton-way,https://locations.chipotle.com/wa/battle-ground/1201-sw-scotton-way
CA,Santa Clarita,26543 Bouquet Canyon Rd,santa-clarita,26543-bouquet-canyon-rd,https://locations.chipotle.com/ca/santa-clarita/26543-bouquet-canyon-rd
GA,Covington,3147 Us 278 Nw,covington,3147-us-278-nw,https://locations.chipotle.com/ga/covington/3147-us-278-nw
RI,Greenville,473 Putnam Pike,greenville,473-putnam-pike,https://locations.chipotle.com/ri/greenville/473-putnam-pike
IN,Muncie,720 W Mcgalliard Rd,muncie,720-w-mcgalliard-rd,https://locations.chipotle.com/in/muncie/720-w-mcgalliard-rd
DE,Camden,30 East St,camden,30-east-st,https://locations.chipotle.com/de/camden/30-east-st
NY,New York,350 5th Ave,new-york,350-5th-ave,https://locations.chipotle.com/ny/new-york/350-5th-ave
FL,Jacksonville,3860 University Blvd W,jacksonville,3860-university-blvd-w,https://locations.chipotle.com/fl/jacksonville/3860-university-blvd-w
NC,Fayetteville,3101 Raeford Rd,fayetteville,3101-raeford-rd,https://locations.chipotle.com/nc/fayetteville/3101-raeford-rd
WA,Kennewick,3631 Plaza Way,kennewick,3631-plaza-way,https://locations.chipotle.com/wa/kennewick/3631-plaza-way
CA,Palmdale,38207 47th Street East,palmdale,38207-47th-street-east,https://locations.chipotle.com/ca/palmdale/38207-47th-street-east
TX,College Station,1437 Wellborn Rd,college-station,1437-wellborn-rd,https://locations.chipotle.com/tx/college-station/1437-wellborn-rd
MS,Tupelo,897 Sawmill Dr,tupelo,897-sawmill-dr,https://locations.chipotle.com/ms/tupelo/897-sawmill-dr
AR,Jonesboro,1737 S Caraway Rd,jonesboro,1737-s-caraway-rd,https://locations.chipotle.com/ar/jonesboro/1737-s-caraway-rd
MO,Des Peres,13307 Manchester Rd,des-peres,13307-manchester-rd,https://locations.chipotle.com/mo/des-peres/13307-manchester-rd
IN,Dyer,935 Richard Road,dyer,935-richard-road,https://locations.chipotle.com/in/dyer/935-richard-road
IL,Naperville,1315 S Naper Blvd,naperville,1315-s-naper-blvd,https://locations.chipotle.com/il/naperville/1315-s-naper-blvd
VA,Roanoke,4464 Electric Rd,roanoke,4464-electric-rd,https://locations.chipotle.com/va/roanoke/4464-electric-rd
OR,Albany,1961 14th Ave Se,albany,1961-14th-ave-se,https://locations.chipotle.com/or/albany/1961-14th-ave-se
NY,Glenville,231 Saratoga Rd,glenville,231-saratoga-rd,https://locations.chipotle.com/ny/glenville/231-saratoga-rd
MA,Fall River,575 Newton St,fall-river,575-newton-st,https://locations.chipotle.com/ma/fall-river/575-newton-st
CA,Los Angeles,2200 Trojan Way,los-angeles,2200-trojan-way,https://locations.chipotle.com/ca/los-angeles/2200-trojan-way
NV,North Las Vegas,1920 W Craig Rd,north-las-vegas,1920-w-craig-rd,https://locations.chipotle.com/nv/north-las-vegas/1920-w-craig-rd
MI,Clinton Township,40287 S Groesbeck Hwy,clinton-township,40287-s-groesbeck-hwy,https://locations.chipotle.com/mi/clinton-township/40287-s-groesbeck-hwy
FL,Lady Lake,508 Us 27441,lady-lake,508-us-27441,https://locations.chipotle.com/fl/lady-lake/508-us-27441
KS,Wichita,2439 S Seneca St,wichita,2439-s-seneca-st,https://locations.chipotle.com/ks/wichita/2439-s-seneca-st
VA,Staunton,102 Crossing Way,staunton,102-crossing-way,https://locations.chipotle.com/va/staunton/102-crossing-way
MA,Wareham,1 Seth F Tobey Rd,wareham,1-seth-f-tobey-rd,https://locations.chipotle.com/ma/wareham/1-seth-f-tobey-rd
NJ,Flemington,287 Us 202,flemington,287-us-202,https://locations.chipotle.com/nj/flemington/287-us-202
DC,Washington,710 7th St Nw,washington,710-7th-st-nw,https://locations.chipotle.com/dc/washington/710-7th-st-nw
NY,Williamsville,5712 Main St,williamsville,5712-main-st,https://locations.chipotle.com/ny/williamsville/5712-main-st
NY,Webster,1838 Empire Blvd,webster,1838-empire-blvd,https://locations.chipotle.com/ny/webster/1838-empire-blvd
MA,Newton,847 Washington St,newton,847-washington-st,https://locations.chipotle.com/ma/newton/847-washington-st
ME,Windham,799 Roosevelt Trl,windham,799-roosevelt-trl,https://locations.chipotle.com/me/windham/799-roosevelt-trl
NY,Maspeth,5901 Maurice Ave,maspeth,5901-maurice-ave,https://locations.chipotle.com/ny/maspeth/5901-maurice-ave
IL,Skokie,3654 Touhy Ave,skokie,3654-touhy-ave,https://locations.chipotle.com/il/skokie/3654-touhy-ave
CA,Los Angeles,2595 S Hoover St,los-angeles,2595-s-hoover-st,https://locations.chipotle.com/ca/los-angeles/2595-s-hoover-st
MD,Fallston,2209 Bel Air Rd,fallston,2209-bel-air-rd,https://locations.chipotle.com/md/fallston/2209-bel-air-rd
FL,Port St Lucie,10830 Sw Tradition Pkwy,port-st-lucie,10830-sw-tradition-pkwy,https://locations.chipotle.com/fl/port-st-lucie/10830-sw-tradition-pkwy
OH,Cuyahoga Falls,994 Graham Rd,cuyahoga-falls,994-graham-rd,https://locations.chipotle.com/oh/cuyahoga-falls/994-graham-rd
PA,Erie,4165 Buffalo Rd,erie,4165-buffalo-rd,https://locations.chipotle.com/pa/erie/4165-buffalo-rd
CA,Concord,5434 Ygnacio Valley Rd,concord,5434-ygnacio-valley-rd,https://locations.chipotle.com/ca/concord/5434-ygnacio-valley-rd
ID,Boise,702 E Boise Ave,boise,702-e-boise-ave,https://locations.chipotle.com/id/boise/702-e-boise-ave
CA,Corona Del Mar,3050 E Coast Hwy,corona-del-mar,3050-e-coast-hwy,https://locations.chipotle.com/ca/corona-del-mar/3050-e-coast-hwy
FL,Titusville,2560 S Washington Ave,titusville,2560-s-washington-ave,https://locations.chipotle.com/fl/titusville/2560-s-washington-ave
FL,New Smyrna Beach,1796 Sr 44,new-smyrna-beach,1796-sr-44,https://locations.chipotle.com/fl/new-smyrna-beach/1796-sr-44
IN,South Bend,52770 In 933,south-bend,52770-in-933,https://locations.chipotle.com/in/south-bend/52770-in-933
OH,Etna,98 Etna Crest Blvd,etna,98-etna-crest-blvd,https://locations.chipotle.com/oh/etna/98-etna-crest-blvd
UT,South Jordan,3561 W 11400 S,south-jordan,3561-w-11400-s,https://locations.chipotle.com/ut/south-jordan/3561-w-11400-s
FL,Ellenton,6020 Us Highway 301 N,ellenton,6020-us-highway-301-n,https://locations.chipotle.com/fl/ellenton/6020-us-highway-301-n
KS,Shawnee,22410 W 66th St,shawnee,22410-w-66th-st,https://locations.chipotle.com/ks/shawnee/22410-w-66th-st
NE,Elkhorn,820 N 205th St,elkhorn,820-n-205th-st,https://locations.chipotle.com/ne/elkhorn/820-n-205th-st
NV,Reno,925 W 5th St,reno,925-w-5th-st,https://locations.chipotle.com/nv/reno/925-w-5th-st
CA,Riverside,22430 Van Buren Blvd,riverside,22430-van-buren-blvd,https://locations.chipotle.com/ca/riverside/22430-van-buren-blvd
UT,Riverton,4599 W Partridge Hill Ln,riverton,4599-w-partridge-hill-ln,https://locations.chipotle.com/ut/riverton/4599-w-partridge-hill-ln
NE,Kearney,5001 2nd Ave,kearney,5001-2nd-ave,https://locations.chipotle.com/ne/kearney/5001-2nd-ave
TX,Hutto,326 Ed Schmidt Blvd,hutto,326-ed-schmidt-blvd,https://locations.chipotle.com/tx/hutto/326-ed-schmidt-blvd
GA,Brunswick,100 Shupe Way,brunswick,100-shupe-way,https://locations.chipotle.com/ga/brunswick/100-shupe-way
OH,Greenville,1437 Wagner Ave,greenville,1437-wagner-ave,https://locations.chipotle.com/oh/greenville/1437-wagner-ave
CA,Los Angeles,255 S Grand Ave,los-angeles,255-s-grand-ave,https://locations.chipotle.com/ca/los-angeles/255-s-grand-ave
NY,Poughkeepsie,15 Winslow Gate Rd,poughkeepsie,15-winslow-gate-rd,https://locations.chipotle.com/ny/poughkeepsie/15-winslow-gate-rd
AZ,Phoenix,3185 E Bell Rd,phoenix,3185-e-bell-rd,https://locations.chipotle.com/az/phoenix/3185-e-bell-rd
AZ,Tucson,3510 S Kino Pkwy,tucson,3510-s-kino-pkwy,https://locations.chipotle.com/az/tucson/3510-s-kino-pkwy
TX,Duncanville,300 S Clark Rd,duncanville,300-s-clark-rd,https://locations.chipotle.com/tx/duncanville/300-s-clark-rd
MI,Plymouth,40815 Ann Arbor Rd E,plymouth,40815-ann-arbor-rd-e,https://locations.chipotle.com/mi/plymouth/40815-ann-arbor-rd-e
GA,Griffin,1440 N Expressway,griffin,1440-n-expressway,https://locations.chipotle.com/ga/griffin/1440-n-expressway
TX,Baytown,10404 Interstate 10 E,baytown,10404-interstate-10-e,https://locations.chipotle.com/tx/baytown/10404-interstate-10-e
IN,Indianapolis,8705 S Emerson Ave,indianapolis,8705-s-emerson-ave,https://locations.chipotle.com/in/indianapolis/8705-s-emerson-ave
CO,Colorado Springs,1846 Democracy Pt,colorado-springs,1846-democracy-pt,https://locations.chipotle.com/co/colorado-springs/1846-democracy-pt
ND,Fargo,3061 25th St S,fargo,3061-25th-st-s,https://locations.chipotle.com/nd/fargo/3061-25th-st-s
MT,Kalispell,2264 Us Highway 93 N,kalispell,2264-us-highway-93-n,https://locations.chipotle.com/mt/kalispell/2264-us-highway-93-n
PA,Philadelphia,2800 Fox St,philadelphia,2800-fox-st,https://locations.chipotle.com/pa/philadelphia/2800-fox-st
NM,Albuquerque,1000 Juan Tabo Blvd Ne,albuquerque,1000-juan-tabo-blvd-ne,https://locations.chipotle.com/nm/albuquerque/1000-juan-tabo-blvd-ne
FL,Lake Worth,8746 Lake Worth Rd,lake-worth,8746-lake-worth-rd,https://locations.chipotle.com/fl/lake-worth/8746-lake-worth-rd
UT,West Jordan,3849 W Campus Dr,west-jordan,3849-w-campus-dr,https://locations.chipotle.com/ut/west-jordan/3849-w-campus-dr
CA,Azusa,1250 W Foothill Blvd,azusa,1250-w-foothill-blvd,https://locations.chipotle.com/ca/azusa/1250-w-foothill-blvd
MS,Starkville,101 Ms Hwy 12,starkville,101-ms-hwy-12,https://locations.chipotle.com/ms/starkville/101-ms-hwy-12
TN,Memphis,4726 Summer Ave,memphis,4726-summer-ave,https://locations.chipotle.com/tn/memphis/4726-summer-ave
OH,Canal Winchester,7730 Diley Rd,canal-winchester,7730-diley-rd,https://locations.chipotle.com/oh/canal-winchester/7730-diley-rd
TX,Benbrook,8522 Highway 377 S,benbrook,8522-highway-377-s,https://locations.chipotle.com/tx/benbrook/8522-highway-377-s
VA,Leesburg,510 Compass Point Plz Se,leesburg,510-compass-point-plz-se,https://locations.chipotle.com/va/leesburg/510-compass-point-plz-se
CA,Ridgecrest,820 S China Lake Blvd,ridgecrest,820-s-china-lake-blvd,https://locations.chipotle.com/ca/ridgecrest/820-s-china-lake-blvd
WA,Tacoma,4301 S Steele St,tacoma,4301-s-steele-st,https://locations.chipotle.com/wa/tacoma/4301-s-steele-st
MD,Suitland,5204 Auth Road,suitland,5204-auth-road,https://locations.chipotle.com/md/suitland/5204-auth-road
WI,Green Bay,2400 E Mason St,green-bay,2400-e-mason-st,https://locations.chipotle.com/wi/green-bay/2400-e-mason-st
NJ,East Windsor,319 Us Highway 130,east-windsor,319-us-highway-130,https://locations.chipotle.com/nj/east-windsor/319-us-highway-130
NJ,Clementon,1410 Blackwood Clementon Rd,clementon,1410-blackwood-clementon-rd,https://locations.chipotle.com/nj/clementon/1410-blackwood-clementon-rd
FL,Miami Gardens,18299 Nw 27th Ave,miami-gardens,18299-nw-27th-ave,https://locations.chipotle.com/fl/miami-gardens/18299-nw-27th-ave
DC,Washington,1001 Pennsylvania Ave Nw,washington,1001-pennsylvania-ave-nw,https://locations.chipotle.com/dc/washington/1001-pennsylvania-ave-nw
WA,Vancouver,14321 Ne Fourth Plain Blvd,vancouver,14321-ne-fourth-plain-blvd,https://locations.chipotle.com/wa/vancouver/14321-ne-fourth-plain-blvd
IL,Lakemoor,27400 Il Rte 120,lakemoor,27400-il-rte-120,https://locations.chipotle.com/il/lakemoor/27400-il-rte-120
MN,Blaine,12409 Ulysses St Ne,blaine,12409-ulysses-st-ne,https://locations.chipotle.com/mn/blaine/12409-ulysses-st-ne
KS,Kansas City,7750 State Ave,kansas-city,7750-state-ave,https://locations.chipotle.com/ks/kansas-city/7750-state-ave
WA,Shoreline,15725 Westminster Way N,shoreline,15725-westminster-way-n,https://locations.chipotle.com/wa/shoreline/15725-westminster-way-n
GA,Riverdale,7086 Ga 85,riverdale,7086-ga-85,https://locations.chipotle.com/ga/riverdale/7086-ga-85
VA,Roanoke,3661 Blue Hills Village Dr Ne,roanoke,3661-blue-hills-village-dr-ne,https://locations.chipotle.com/va/roanoke/3661-blue-hills-village-dr-ne
GA,Woodstock,2075 Towne Lake Pkwy,woodstock,2075-towne-lake-pkwy,https://locations.chipotle.com/ga/woodstock/2075-towne-lake-pkwy
VT,South Burlington,205 Dorset St,south-burlington,205-dorset-st,https://locations.chipotle.com/vt/south-burlington/205-dorset-st
VA,Arlington,3017 Clarendon Blvd,arlington,3017-clarendon-blvd,https://locations.chipotle.com/va/arlington/3017-clarendon-blvd
NY,New Rochelle,77 Quaker Ridge Rd,new-rochelle,77-quaker-ridge-rd,https://locations.chipotle.com/ny/new-rochelle/77-quaker-ridge-rd
FL,Casselberry,1387 State Road 436,casselberry,1387-state-road-436,https://locations.chipotle.com/fl/casselberry/1387-state-road-436
TX,Wylie,499 S State Hwy,wylie,499-s-state-hwy,https://locations.chipotle.com/tx/wylie/499-s-state-hwy
NY,Amsterdam,110 Veeders Ml,amsterdam,110-veeders-ml,https://locations.chipotle.com/ny/amsterdam/110-veeders-ml
VA,Charlottesville,1511 University Ave,charlottesville,1511-university-ave,https://locations.chipotle.com/va/charlottesville/1511-university-ave
TN,Cleveland,4482 Ellis Cir Nw,cleveland,4482-ellis-cir-nw,https://locations.chipotle.com/tn/cleveland/4482-ellis-cir-nw
NY,Bronx,2902 3rd Ave,bronx,2902-3rd-ave,https://locations.chipotle.com/ny/bronx/2902-3rd-ave
CA,Orange,112 E Maple Ave,orange,112-e-maple-ave,https://locations.chipotle.com/ca/orange/112-e-maple-ave
IN,Elkhart,135 County Road 6 E,elkhart,135-county-road-6-e,https://locations.chipotle.com/in/elkhart/135-county-road-6-e
CA,Santa Maria,467 E Betteravia Rd,santa-maria,467-e-betteravia-rd,https://locations.chipotle.com/ca/santa-maria/467-e-betteravia-rd
IL,Forest Park,7201 Madison St,forest-park,7201-madison-st,https://locations.chipotle.com/il/forest-park/7201-madison-st
AZ,Flagstaff,4409 N Us Highway 89,flagstaff,4409-n-us-highway-89,https://locations.chipotle.com/az/flagstaff/4409-n-us-highway-89
OH,Massillon,2548 Lincoln Way E,massillon,2548-lincoln-way-e,https://locations.chipotle.com/oh/massillon/2548-lincoln-way-e
SC,Greenville,3116 N Pleasantburg Dr,greenville,3116-n-pleasantburg-dr,https://locations.chipotle.com/sc/greenville/3116-n-pleasantburg-dr
NY,Bronx,1030 Southern Blvd,bronx,1030-southern-blvd,https://locations.chipotle.com/ny/bronx/1030-southern-blvd
NC,Statesville,210 Turnersburg Hwy,statesville,210-turnersburg-hwy,https://locations.chipotle.com/nc/statesville/210-turnersburg-hwy
NY,Bronx,190 W 231st St,bronx,190-w-231st-st,https://locations.chipotle.com/ny/bronx/190-w-231st-st
MO,Lees Summit,1103 Sw Oldham Pkwy,lees-summit,1103-sw-oldham-pkwy,https://locations.chipotle.com/mo/lees-summit/1103-sw-oldham-pkwy
CA,Novato,128 Vintage Way,novato,128-vintage-way,https://locations.chipotle.com/ca/novato/128-vintage-way
VA,Virginia Beach,2201 Upton Dr,virginia-beach,2201-upton-dr,https://locations.chipotle.com/va/virginia-beach/2201-upton-dr
VA,Ashland,703a England St,ashland,703a-england-st,https://locations.chipotle.com/va/ashland/703a-england-st
SC,Goose Creek,220 Saint James Ave,goose-creek,220-saint-james-ave,https://locations.chipotle.com/sc/goose-creek/220-saint-james-ave
OH,Norton,4169 S Cleveland Massillon Rd,norton,4169-s-cleveland-massillon-rd,https://locations.chipotle.com/oh/norton/4169-s-cleveland-massillon-rd
UT,Saratoga Springs,889 N Redwood Rd,saratoga-springs,889-n-redwood-rd,https://locations.chipotle.com/ut/saratoga-springs/889-n-redwood-rd
CA,Granite Bay,6981 Douglas Blvd,granite-bay,6981-douglas-blvd,https://locations.chipotle.com/ca/granite-bay/6981-douglas-blvd
FL,Winter Springs,1177 E State Road 434,winter-springs,1177-e-state-road-434,https://locations.chipotle.com/fl/winter-springs/1177-e-state-road-434
MN,Apple Valley,15600 English Ave,apple-valley,15600-english-ave,https://locations.chipotle.com/mn/apple-valley/15600-english-ave
IN,Greenfield,2165 N State St,greenfield,2165-n-state-st,https://locations.chipotle.com/in/greenfield/2165-n-state-st
KY,Owensboro,4911 Frederica St,owensboro,4911-frederica-st,https://locations.chipotle.com/ky/owensboro/4911-frederica-st
NC,Greensboro,6021 W Gate City Blvd,greensboro,6021-w-gate-city-blvd,https://locations.chipotle.com/nc/greensboro/6021-w-gate-city-blvd
UT,Logan,731 S Main St,logan,731-s-main-st,https://locations.chipotle.com/ut/logan/731-s-main-st
TN,Bristol,413 Pinnacle Pkwy,bristol,413-pinnacle-pkwy,https://locations.chipotle.com/tn/bristol/413-pinnacle-pkwy
AL,Homewood,273 Lakeshore Pkwy,homewood,273-lakeshore-pkwy,https://locations.chipotle.com/al/homewood/273-lakeshore-pkwy
PA,South Abington Township,1135 Northern Blvd,south-abington-township,1135-northern-blvd,https://locations.chipotle.com/pa/south-abington-township/1135-northern-blvd
WA,Lacey,4002 Pacific Ave Se,lacey,4002-pacific-ave-se,https://locations.chipotle.com/wa/lacey/4002-pacific-ave-se
KY,Florence,7313 Turfway Rd,florence,7313-turfway-rd,https://locations.chipotle.com/ky/florence/7313-turfway-rd
CA,Winchester,35938 Winchester Rd,winchester,35938-winchester-rd,https://locations.chipotle.com/ca/winchester/35938-winchester-rd
TX,San Antonio,7989 Bandera Rd,san-antonio,7989-bandera-rd,https://locations.chipotle.com/tx/san-antonio/7989-bandera-rd
MA,Pittsfield,555 Hubbard Ave,pittsfield,555-hubbard-ave,https://locations.chipotle.com/ma/pittsfield/555-hubbard-ave
TX,Tomball,25640 Kuykendahl Rd,tomball,25640-kuykendahl-rd,https://locations.chipotle.com/tx/tomball/25640-kuykendahl-rd
CA,Whittier,11840 Whittier Blvd,whittier,11840-whittier-blvd,https://locations.chipotle.com/ca/whittier/11840-whittier-blvd
TX,El Paso,1875 N Zaragoza Rd,el-paso,1875-n-zaragoza-rd,https://locations.chipotle.com/tx/el-paso/1875-n-zaragoza-rd
CA,Yucaipa,31495 Yucaipa Blvd,yucaipa,31495-yucaipa-blvd,https://locations.chipotle.com/ca/yucaipa/31495-yucaipa-blvd
OH,Batavia,2029 Hospital Dr,batavia,2029-hospital-dr,https://locations.chipotle.com/oh/batavia/2029-hospital-dr
TX,San Angelo,3515 S Jackson St,san-angelo,3515-s-jackson-st,https://locations.chipotle.com/tx/san-angelo/3515-s-jackson-st
OH,Toledo,1206 E Alexis Rd,toledo,1206-e-alexis-rd,https://locations.chipotle.com/oh/toledo/1206-e-alexis-rd
SC,Conway,2296 Us 501 East,conway,2296-us-501-east,https://locations.chipotle.com/sc/conway/2296-us-501-east
UT,Centerville,370 W Parrish Ln,centerville,370-w-parrish-ln,https://locations.chipotle.com/ut/centerville/370-w-parrish-ln
PA,Hazle Township,543 Susquehanna Blvd,hazle-township,543-susquehanna-blvd,https://locations.chipotle.com/pa/hazle-township/543-susquehanna-blvd
UT,Spanish Fork,841 Us 6,spanish-fork,841-us-6,https://locations.chipotle.com/ut/spanish-fork/841-us-6
CA,Encinitas,242 N El Camino Real,encinitas,242-n-el-camino-real,https://locations.chipotle.com/ca/encinitas/242-n-el-camino-real
TX,Houston,12210 Fm 1960 Rd W,houston,12210-fm-1960-rd-w,https://locations.chipotle.com/tx/houston/12210-fm-1960-rd-w
OH,Kent,605 E Main St,kent,605-e-main-st,https://locations.chipotle.com/oh/kent/605-e-main-st
FL,Valrico,1812 East Highway 60,valrico,1812-east-highway-60,https://locations.chipotle.com/fl/valrico/1812-east-highway-60
TX,Leander,821 N Us 183,leander,821-n-us-183,https://locations.chipotle.com/tx/leander/821-n-us-183
OH,Wilmington,2816 Rombach Avenue,wilmington,2816-rombach-avenue,https://locations.chipotle.com/oh/wilmington/2816-rombach-avenue
WA,Yakima,2416 W Nob Hill Blvd,yakima,2416-w-nob-hill-blvd,https://locations.chipotle.com/wa/yakima/2416-w-nob-hill-blvd
NY,New York,165 E 116th St,new-york,165-e-116th-st,https://locations.chipotle.com/ny/new-york/165-e-116th-st
PA,Moosic,5 Radcliffe Dr,moosic,5-radcliffe-dr,https://locations.chipotle.com/pa/moosic/5-radcliffe-dr
AL,Madison,101 Outfield Dr,madison,101-outfield-dr,https://locations.chipotle.com/al/madison/101-outfield-dr
NJ,Newton,121 Water St,newton,121-water-st,https://locations.chipotle.com/nj/newton/121-water-st
MA,Westfield,465 East Main Street,westfield,465-east-main-street,https://locations.chipotle.com/ma/westfield/465-east-main-street
SC,Rock Hill,2316 Cherry Rd,rock-hill,2316-cherry-rd,https://locations.chipotle.com/sc/rock-hill/2316-cherry-rd
IN,Carmel,10575 N Michigan Rd,carmel,10575-n-michigan-rd,https://locations.chipotle.com/in/carmel/10575-n-michigan-rd
TX,Hudson Oaks,2791 Fort Worth Hwy,hudson-oaks,2791-fort-worth-hwy,https://locations.chipotle.com/tx/hudson-oaks/2791-fort-worth-hwy
CA,Roseville,1980 Blue Oaks Blvd,roseville,1980-blue-oaks-blvd,https://locations.chipotle.com/ca/roseville/1980-blue-oaks-blvd
VA,Waynesboro,1960 Rosser Ave,waynesboro,1960-rosser-ave,https://locations.chipotle.com/va/waynesboro/1960-rosser-ave
FL,Lake Worth,4400 Hypoluxo Rd,lake-worth,4400-hypoluxo-rd,https://locations.chipotle.com/fl/lake-worth/4400-hypoluxo-rd
TX,Katy,2812 W Grand Pkwy N,katy,2812-w-grand-pkwy-n,https://locations.chipotle.com/tx/katy/2812-w-grand-pkwy-n
IL,Bloomingdale,394 W Army Trail Rd,bloomingdale,394-w-army-trail-rd,https://locations.chipotle.com/il/bloomingdale/394-w-army-trail-rd
NC,Rocky Mount,959 N Wesleyan Blvd,rocky-mount,959-n-wesleyan-blvd,https://locations.chipotle.com/nc/rocky-mount/959-n-wesleyan-blvd
WA,Gig Harbor,4823 Point Fosdick Dr,gig-harbor,4823-point-fosdick-dr,https://locations.chipotle.com/wa/gig-harbor/4823-point-fosdick-dr
TX,Royse City,460 Interstate 30,royse-city,460-interstate-30,https://locations.chipotle.com/tx/royse-city/460-interstate-30
OR,Medford,60 Rossanley Dr,medford,60-rossanley-dr,https://locations.chipotle.com/or/medford/60-rossanley-dr
GA,Marietta,54 Cobb Pkwy N,marietta,54-cobb-pkwy-n,https://locations.chipotle.com/ga/marietta/54-cobb-pkwy-n
OH,Norwalk,346 Milan Ave,norwalk,346-milan-ave,https://locations.chipotle.com/oh/norwalk/346-milan-ave
NC,Jacksonville,2730 Us Hwy 258,jacksonville,2730-us-hwy-258,https://locations.chipotle.com/nc/jacksonville/2730-us-hwy-258
FL,Port Charlotte,1799 Tamiami Trl,port-charlotte,1799-tamiami-trl,https://locations.chipotle.com/fl/port-charlotte/1799-tamiami-trl
CA,Watsonville,1075 Main St,watsonville,1075-main-st,https://locations.chipotle.com/ca/watsonville/1075-main-st
NY,Westbury,474 Old Country Rd,westbury,474-old-country-rd,https://locations.chipotle.com/ny/westbury/474-old-country-rd
IL,Batavia,1990 Mckee Street,batavia,1990-mckee-street,https://locations.chipotle.com/il/batavia/1990-mckee-street
TN,Franklin,5041 Carothers Pkwy,franklin,5041-carothers-pkwy,https://locations.chipotle.com/tn/franklin/5041-carothers-pkwy
VA,Fairlawn,7406 Lee Hwy,fairlawn,7406-lee-hwy,https://locations.chipotle.com/va/fairlawn/7406-lee-hwy
FL,Tampa,8301 N Dale Mabry Hwy,tampa,8301-n-dale-mabry-hwy,https://locations.chipotle.com/fl/tampa/8301-n-dale-mabry-hwy
VA,Midlothian,14171 Midlothian Tpke,midlothian,14171-midlothian-tpke,https://locations.chipotle.com/va/midlothian/14171-midlothian-tpke
GA,Milledgeville,2399 N Columbia St,milledgeville,2399-n-columbia-st,https://locations.chipotle.com/ga/milledgeville/2399-n-columbia-st
CA,Los Angeles,6290 W Sunset Blvd,los-angeles,6290-w-sunset-blvd,https://locations.chipotle.com/ca/los-angeles/6290-w-sunset-blvd
TX,El Paso,3540 N Zaragoza Rd,el-paso,3540-n-zaragoza-rd,https://locations.chipotle.com/tx/el-paso/3540-n-zaragoza-rd
PA,Williamsport,1955 E 3rd St,williamsport,1955-e-3rd-st,https://locations.chipotle.com/pa/williamsport/1955-e-3rd-st
UT,Ogden,1269 Washington Blvd,ogden,1269-washington-blvd,https://locations.chipotle.com/ut/ogden/1269-washington-blvd
GA,Marietta,2675 Windy Hill Rd Se,marietta,2675-windy-hill-rd-se,https://locations.chipotle.com/ga/marietta/2675-windy-hill-rd-se
GA,Athens,1797 Oconee Connector,athens,1797-oconee-connector,https://locations.chipotle.com/ga/athens/1797-oconee-connector
DE,Bear,1200 Pulaski Hwy,bear,1200-pulaski-hwy,https://locations.chipotle.com/de/bear/1200-pulaski-hwy
KY,Louisville,7710 Bardstown Rd,louisville,7710-bardstown-rd,https://locations.chipotle.com/ky/louisville/7710-bardstown-rd
AZ,Payson,108 S Beeline Hwy,payson,108-s-beeline-hwy,https://locations.chipotle.com/az/payson/108-s-beeline-hwy
IL,Streamwood,510 S Sutton Rd,streamwood,510-s-sutton-rd,https://locations.chipotle.com/il/streamwood/510-s-sutton-rd
TX,Burleson,828 Sw Wilshire Blvd,burleson,828-sw-wilshire-blvd,https://locations.chipotle.com/tx/burleson/828-sw-wilshire-blvd
TN,Columbia,610 S James M Campbell Blvd,columbia,610-s-james-m-campbell-blvd,https://locations.chipotle.com/tn/columbia/610-s-james-m-campbell-blvd
NC,High Point,2650 S Main St,high-point,2650-s-main-st,https://locations.chipotle.com/nc/high-point/2650-s-main-st
IL,Chicago,109 E Pearson St,chicago,109-e-pearson-st,https://locations.chipotle.com/il/chicago/109-e-pearson-st
WA,Pasco,5326 N 68 Rd,pasco,5326-n-68-rd,https://locations.chipotle.com/wa/pasco/5326-n-68-rd
NY,Bronx,350 E Fordham Rd,bronx,350-e-fordham-rd,https://locations.chipotle.com/ny/bronx/350-e-fordham-rd
IN,Fort Wayne,1715 Apple Glen Blvd,fort-wayne,1715-apple-glen-blvd,https://locations.chipotle.com/in/fort-wayne/1715-apple-glen-blvd
TN,Antioch,4216 Century Farms Ter,antioch,4216-century-farms-ter,https://locations.chipotle.com/tn/antioch/4216-century-farms-ter
GA,Dunwoody,1614 Mount Vernon Rd,dunwoody,1614-mount-vernon-rd,https://locations.chipotle.com/ga/dunwoody/1614-mount-vernon-rd
AZ,Queen Creek,170 W Ocotillo,queen-creek,170-w-ocotillo,https://locations.chipotle.com/az/queen-creek/170-w-ocotillo
KS,Mission,8800 Shawnee Mission Pkwy,mission,8800-shawnee-mission-pkwy,https://locations.chipotle.com/ks/mission/8800-shawnee-mission-pkwy
OR,Salem,1060 Wallace Rd Nw,salem,1060-wallace-rd-nw,https://locations.chipotle.com/or/salem/1060-wallace-rd-nw
VA,Portsmouth,1805 Frederick Blvd,portsmouth,1805-frederick-blvd,https://locations.chipotle.com/va/portsmouth/1805-frederick-blvd
CA,Fresno,6702 N Brawley Ave,fresno,6702-n-brawley-ave,https://locations.chipotle.com/ca/fresno/6702-n-brawley-ave
PA,Pittsburgh,1685 Smallman St,pittsburgh,1685-smallman-st,https://locations.chipotle.com/pa/pittsburgh/1685-smallman-st
NY,Fayetteville,406 Towne Dr,fayetteville,406-towne-dr,https://locations.chipotle.com/ny/fayetteville/406-towne-dr
KY,Lexington,2270 Nicholasville Rd,lexington,2270-nicholasville-rd,https://locations.chipotle.com/ky/lexington/2270-nicholasville-rd
OK,Owasso,11320 E 96th St N,owasso,11320-e-96th-st-n,https://locations.chipotle.com/ok/owasso/11320-e-96th-st-n
IN,Goshen,2225 Rieth Blvd,goshen,2225-rieth-blvd,https://locations.chipotle.com/in/goshen/2225-rieth-blvd
PA,Feasterville Trevose,120 E Street Rd,feasterville-trevose,120-e-street-rd,https://locations.chipotle.com/pa/feasterville-trevose/120-e-street-rd
NC,Durham,1034 Yunus Rd,durham,1034-yunus-rd,https://locations.chipotle.com/nc/durham/1034-yunus-rd
NY,New York,3410 Broadway,new-york,3410-broadway,https://locations.chipotle.com/ny/new-york/3410-broadway
CA,Palm Desert,39575 Washington St,palm-desert,39575-washington-st,https://locations.chipotle.com/ca/palm-desert/39575-washington-st
SC,Beaufort,21 Robert Smalls Pkwy,beaufort,21-robert-smalls-pkwy,https://locations.chipotle.com/sc/beaufort/21-robert-smalls-pkwy
PA,Camp Hill,1120 Carlisle Rd,camp-hill,1120-carlisle-rd,https://locations.chipotle.com/pa/camp-hill/1120-carlisle-rd
VA,Gloucester,7115 George Washington Memorial Hwy,gloucester,7115-george-washington-memorial-hwy,https://locations.chipotle.com/va/gloucester/7115-george-washington-memorial-hwy
CA,Ceres,2870 E Service Rd,ceres,2870-e-service-rd,https://locations.chipotle.com/ca/ceres/2870-e-service-rd
CA,Irvine,3911 Irvine Blvd,irvine,3911-irvine-blvd,https://locations.chipotle.com/ca/irvine/3911-irvine-blvd
MO,Saint Charles,2014 Zumbehl Rd,saint-charles,2014-zumbehl-rd,https://locations.chipotle.com/mo/saint-charles/2014-zumbehl-rd
KS,Topeka,2014 Nw Topeka Blvd,topeka,2014-nw-topeka-blvd,https://locations.chipotle.com/ks/topeka/2014-nw-topeka-blvd
NV,Las Vegas,8620 W Sunset Rd,las-vegas,8620-w-sunset-rd,https://locations.chipotle.com/nv/las-vegas/8620-w-sunset-rd
NY,Glenmont,9 Moriah Rd,glenmont,9-moriah-rd,https://locations.chipotle.com/ny/glenmont/9-moriah-rd
WA,Tacoma,15211 Pacific Ave S,tacoma,15211-pacific-ave-s,https://locations.chipotle.com/wa/tacoma/15211-pacific-ave-s
CA,Delano,503 Woollomes Avenue,delano,503-woollomes-avenue,https://locations.chipotle.com/ca/delano/503-woollomes-avenue
FL,Golf,11500 S Military Trl,golf,11500-s-military-trl,https://locations.chipotle.com/fl/golf/11500-s-military-trl
NY,Amherst,3030 Niagara Blvd,amherst,3030-niagara-blvd,https://locations.chipotle.com/ny/amherst/3030-niagara-blvd
FL,Longwood,2700 W State Road 434,longwood,2700-w-state-road-434,https://locations.chipotle.com/fl/longwood/2700-w-state-road-434
GA,Smyrna,5131 S Cobb Dr Se,smyrna,5131-s-cobb-dr-se,https://locations.chipotle.com/ga/smyrna/5131-s-cobb-dr-se
TN,Lebanon,620 S Cumberland St,lebanon,620-s-cumberland-st,https://locations.chipotle.com/tn/lebanon/620-s-cumberland-st
NY,Brooklyn,1940 Linden Blvd,brooklyn,1940-linden-blvd,https://locations.chipotle.com/ny/brooklyn/1940-linden-blvd
AL,Foley,2862 S Mckenzie Street,foley,2862-s-mckenzie-street,https://locations.chipotle.com/al/foley/2862-s-mckenzie-street
OH,Zanesville,695 Zane St,zanesville,695-zane-st,https://locations.chipotle.com/oh/zanesville/695-zane-st
OH,Columbus,1195 Olentangy River Rd,columbus,1195-olentangy-river-rd,https://locations.chipotle.com/oh/columbus/1195-olentangy-river-rd
CA,Sacramento,3302 Arden Way,sacramento,3302-arden-way,https://locations.chipotle.com/ca/sacramento/3302-arden-way
VA,Richmond,505 Hull St,richmond,505-hull-st,https://locations.chipotle.com/va/richmond/505-hull-st
FL,Ocala,4916 E Silver Springs Blvd,ocala,4916-e-silver-springs-blvd,https://locations.chipotle.com/fl/ocala/4916-e-silver-springs-blvd
TX,Plano,3391 Renner Rd,plano,3391-renner-rd,https://locations.chipotle.com/tx/plano/3391-renner-rd
WA,Seattle,1827 15th Ave W,seattle,1827-15th-ave-w,https://locations.chipotle.com/wa/seattle/1827-15th-ave-w
TN,Mt Juliet,30 Old Pleasant Grove Rd,mt-juliet,30-old-pleasant-grove-rd,https://locations.chipotle.com/tn/mt-juliet/30-old-pleasant-grove-rd
AZ,Nogales,337 W Mariposa Rd,nogales,337-w-mariposa-rd,https://locations.chipotle.com/az/nogales/337-w-mariposa-rd
NY,Brooklyn,1190 Fulton St,brooklyn,1190-fulton-st,https://locations.chipotle.com/ny/brooklyn/1190-fulton-st
AZ,Phoenix,1838 W Baseline Rd,phoenix,1838-w-baseline-rd,https://locations.chipotle.com/az/phoenix/1838-w-baseline-rd
MI,Norton Shores,3194 Henry St,norton-shores,3194-henry-st,https://locations.chipotle.com/mi/norton-shores/3194-henry-st
NE,Lincoln,4465 N 27th St,lincoln,4465-n-27th-st,https://locations.chipotle.com/ne/lincoln/4465-n-27th-st
DC,Washington,3240 Pennsylvania Ave Se,washington,3240-pennsylvania-ave-se,https://locations.chipotle.com/dc/washington/3240-pennsylvania-ave-se
OH,Austintown,835 N Canfield Niles Rd,austintown,835-n-canfield-niles-rd,https://locations.chipotle.com/oh/austintown/835-n-canfield-niles-rd
CA,Los Angeles,1550 S La Cienega Blvd,los-angeles,1550-s-la-cienega-blvd,https://locations.chipotle.com/ca/los-angeles/1550-s-la-cienega-blvd
OH,East Liverpool,16300 Dresden Ave,east-liverpool,16300-dresden-ave,https://locations.chipotle.com/oh/east-liverpool/16300-dresden-ave
MI,Bay City,3963 Wilder Rd,bay-city,3963-wilder-rd,https://locations.chipotle.com/mi/bay-city/3963-wilder-rd
UT,St George,1687 W Sunset Blvd,st-george,1687-w-sunset-blvd,https://locations.chipotle.com/ut/st-george/1687-w-sunset-blvd
FL,Brandon,11137 Causeway Blvd,brandon,11137-causeway-blvd,https://locations.chipotle.com/fl/brandon/11137-causeway-blvd
RI,North Providence,1601 Mineral Spring Ave,north-providence,1601-mineral-spring-ave,https://locations.chipotle.com/ri/north-providence/1601-mineral-spring-ave
MN,Saint Cloud,1708 Crossing Loop,saint-cloud,1708-crossing-loop,https://locations.chipotle.com/mn/saint-cloud/1708-crossing-loop
KY,Lexington,1584 Leestown Rd,lexington,1584-leestown-rd,https://locations.chipotle.com/ky/lexington/1584-leestown-rd
WI,Kenosha,3671 Market Ln,kenosha,3671-market-ln,https://locations.chipotle.com/wi/kenosha/3671-market-ln
IL,Yorkville,444 E Veterans Pkwy,yorkville,444-e-veterans-pkwy,https://locations.chipotle.com/il/yorkville/444-e-veterans-pkwy
GA,Calhoun,530 Highway 53 E,calhoun,530-highway-53-e,https://locations.chipotle.com/ga/calhoun/530-highway-53-e
WI,Monona,6501 Monona Dr,monona,6501-monona-dr,https://locations.chipotle.com/wi/monona/6501-monona-dr
OH,Cincinnati,2244 Beechmont Ave,cincinnati,2244-beechmont-ave,https://locations.chipotle.com/oh/cincinnati/2244-beechmont-ave
GA,Lithia Springs,642 Thornton Rd,lithia-springs,642-thornton-rd,https://locations.chipotle.com/ga/lithia-springs/642-thornton-rd
CT,Bristol,1444 Farmington Ave,bristol,1444-farmington-ave,https://locations.chipotle.com/ct/bristol/1444-farmington-ave
MO,Blue Springs,802 Sw Us 40,blue-springs,802-sw-us-40,https://locations.chipotle.com/mo/blue-springs/802-sw-us-40
MD,Silver Spring,13801 Outlet Dr,silver-spring,13801-outlet-dr,https://locations.chipotle.com/md/silver-spring/13801-outlet-dr
FL,Gulf Breeze,725 Gulf Breeze Pkwy,gulf-breeze,725-gulf-breeze-pkwy,https://locations.chipotle.com/fl/gulf-breeze/725-gulf-breeze-pkwy
GA,Dalton,1426 W Walnut Ave,dalton,1426-w-walnut-ave,https://locations.chipotle.com/ga/dalton/1426-w-walnut-ave
IN,New Albany,2133 State St,new-albany,2133-state-st,https://locations.chipotle.com/in/new-albany/2133-state-st
TX,San Antonio,14218 Potranco Road,san-antonio,14218-potranco-road,https://locations.chipotle.com/tx/san-antonio/14218-potranco-road
TX,Frisco,8847 Coit Rd,frisco,8847-coit-rd,https://locations.chipotle.com/tx/frisco/8847-coit-rd
TX,San Angelo,5590 Sherwood Way,san-angelo,5590-sherwood-way,https://locations.chipotle.com/tx/san-angelo/5590-sherwood-way
IL,Springfield,2325 N Dirksen Pkwy,springfield,2325-n-dirksen-pkwy,https://locations.chipotle.com/il/springfield/2325-n-dirksen-pkwy
FL,Sanford,3715 S Orlando Dr,sanford,3715-s-orlando-dr,https://locations.chipotle.com/fl/sanford/3715-s-orlando-dr
CA,El Centro,1953 N Imperial Ave,el-centro,1953-n-imperial-ave,https://locations.chipotle.com/ca/el-centro/1953-n-imperial-ave
VA,Lynchburg,7920 Timberlake Rd,lynchburg,7920-timberlake-rd,https://locations.chipotle.com/va/lynchburg/7920-timberlake-rd
MI,Monroe,1316 N Telegraph Rd,monroe,1316-n-telegraph-rd,https://locations.chipotle.com/mi/monroe/1316-n-telegraph-rd
CA,Patterson,975 Sperry Ave,patterson,975-sperry-ave,https://locations.chipotle.com/ca/patterson/975-sperry-ave
FL,Jacksonville,5801 Beach Blvd,jacksonville,5801-beach-blvd,https://locations.chipotle.com/fl/jacksonville/5801-beach-blvd
CA,Elk Grove,7450 Elk Grove Blvd,elk-grove,7450-elk-grove-blvd,https://locations.chipotle.com/ca/elk-grove/7450-elk-grove-blvd
IL,Arlington Heights,711 E Palatine Rd,arlington-heights,711-e-palatine-rd,https://locations.chipotle.com/il/arlington-heights/711-e-palatine-rd
GA,Lagrange,1509 Lafayette Pkwy,lagrange,1509-lafayette-pkwy,https://locations.chipotle.com/ga/lagrange/1509-lafayette-pkwy
AR,Fort Smith,6205 Rogers Ave,fort-smith,6205-rogers-ave,https://locations.chipotle.com/ar/fort-smith/6205-rogers-ave
MS,Ridgeland,836 E County Line Rd,ridgeland,836-e-county-line-rd,https://locations.chipotle.com/ms/ridgeland/836-e-county-line-rd
OH,Middleburg Heights,6860 Pearl Rd,middleburg-heights,6860-pearl-rd,https://locations.chipotle.com/oh/middleburg-heights/6860-pearl-rd
ME,Saco,507 Main St,saco,507-main-st,https://locations.chipotle.com/me/saco/507-main-st
NC,Lenoir,139 Blowing Rock Blvd,lenoir,139-blowing-rock-blvd,https://locations.chipotle.com/nc/lenoir/139-blowing-rock-blvd
PA,Holmes,2603 Macdade Blvd,holmes,2603-macdade-blvd,https://locations.chipotle.com/pa/holmes/2603-macdade-blvd
OH,Cincinnati,4820 Ridge Ave,cincinnati,4820-ridge-ave,https://locations.chipotle.com/oh/cincinnati/4820-ridge-ave
AR,North Little Rock,3917 Mccain Blvd,north-little-rock,3917-mccain-blvd,https://locations.chipotle.com/ar/north-little-rock/3917-mccain-blvd
CA,Tehachapi,340 Tucker Road,tehachapi,340-tucker-road,https://locations.chipotle.com/ca/tehachapi/340-tucker-road
CA,Oakland,1302 Broadway,oakland,1302-broadway,https://locations.chipotle.com/ca/oakland/1302-broadway
OR,Roseburg,2060 Nw Stewart Pkwy,roseburg,2060-nw-stewart-pkwy,https://locations.chipotle.com/or/roseburg/2060-nw-stewart-pkwy
NC,Southern Pines,10771 Us 15 501 Hwy,southern-pines,10771-us-15-501-hwy,https://locations.chipotle.com/nc/southern-pines/10771-us-15-501-hwy
NJ,Hillsdale,441 Hillsdale Ave,hillsdale,441-hillsdale-ave,https://locations.chipotle.com/nj/hillsdale/441-hillsdale-ave
MI,Canton,45541 Michigan Ave,canton,45541-michigan-ave,https://locations.chipotle.com/mi/canton/45541-michigan-ave
PA,Plymouth Meeting,550 W Germantown Pike,plymouth-meeting,550-w-germantown-pike,https://locations.chipotle.com/pa/plymouth-meeting/550-w-germantown-pike
WI,Glendale,5930 N Port Washington Rd,glendale,5930-n-port-washington-rd,https://locations.chipotle.com/wi/glendale/5930-n-port-washington-rd
SC,Greer,1126 W Wade Hampton Blvd,greer,1126-w-wade-hampton-blvd,https://locations.chipotle.com/sc/greer/1126-w-wade-hampton-blvd
OH,Youngstown,4100 Belmont Ave,youngstown,4100-belmont-ave,https://locations.chipotle.com/oh/youngstown/4100-belmont-ave
TX,Katy,23660 Westheimer Pkwy,katy,23660-westheimer-pkwy,https://locations.chipotle.com/tx/katy/23660-westheimer-pkwy
SD,Sioux Falls,5300 E Arrowhead Pkwy,sioux-falls,5300-e-arrowhead-pkwy,https://locations.chipotle.com/sd/sioux-falls/5300-e-arrowhead-pkwy
PA,Audubon,717 S Trooper Rd,audubon,717-s-trooper-rd,https://locations.chipotle.com/pa/audubon/717-s-trooper-rd
GA,Valdosta,3289 Inner Perimter Rd,valdosta,3289-inner-perimter-rd,https://locations.chipotle.com/ga/valdosta/3289-inner-perimter-rd
KY,Independence,2020 Declaration Drive,independence,2020-declaration-drive,https://locations.chipotle.com/ky/independence/2020-declaration-drive
TX,Tyler,8916 S Broadway Ave,tyler,8916-s-broadway-ave,https://locations.chipotle.com/tx/tyler/8916-s-broadway-ave
WA,University Place,4020 Bridgeport Way W,university-place,4020-bridgeport-way-w,https://locations.chipotle.com/wa/university-place/4020-bridgeport-way-w
OH,Shaker Heights,3530 Warrensville Center Rd,shaker-heights,3530-warrensville-center-rd,https://locations.chipotle.com/oh/shaker-heights/3530-warrensville-center-rd
GA,Johns Creek,8483 Holcomb Bridge Rd,johns-creek,8483-holcomb-bridge-rd,https://locations.chipotle.com/ga/johns-creek/8483-holcomb-bridge-rd
OH,Strongsville,17090 Royalton Rd,strongsville,17090-royalton-rd,https://locations.chipotle.com/oh/strongsville/17090-royalton-rd
NY,Brooklyn,250 Utica Ave,brooklyn,250-utica-ave,https://locations.chipotle.com/ny/brooklyn/250-utica-ave
NC,Winston Salem,1051 Southpark Blvd,winston-salem,1051-southpark-blvd,https://locations.chipotle.com/nc/winston-salem/1051-southpark-blvd
MD,Pasadena,4107 Mountain Rd,pasadena,4107-mountain-rd,https://locations.chipotle.com/md/pasadena/4107-mountain-rd
TX,San Antonio,8206 I 35 North,san-antonio,8206-i-35-north,https://locations.chipotle.com/tx/san-antonio/8206-i-35-north
SC,Mauldin,108 S Main St,mauldin,108-s-main-st,https://locations.chipotle.com/sc/mauldin/108-s-main-st
TN,Memphis,2825 N Germantown Pkwy,memphis,2825-n-germantown-pkwy,https://locations.chipotle.com/tn/memphis/2825-n-germantown-pkwy
IN,Merrillville,2831 E 80th Ave,merrillville,2831-e-80th-ave,https://locations.chipotle.com/in/merrillville/2831-e-80th-ave
WA,Spokane,1706 W Francis Ave,spokane,1706-w-francis-ave,https://locations.chipotle.com/wa/spokane/1706-w-francis-ave
NY,Brooklyn,1004 Flatbush Ave,brooklyn,1004-flatbush-ave,https://locations.chipotle.com/ny/brooklyn/1004-flatbush-ave
AZ,Goodyear,655 S Cotton Ln,goodyear,655-s-cotton-ln,https://locations.chipotle.com/az/goodyear/655-s-cotton-ln
WA,Lake Stevens,2812 90th Ave Ne,lake-stevens,2812-90th-ave-ne,https://locations.chipotle.com/wa/lake-stevens/2812-90th-ave-ne
WA,Moses Lake,2345 S Maiers Rd,moses-lake,2345-s-maiers-rd,https://locations.chipotle.com/wa/moses-lake/2345-s-maiers-rd
VA,King George,16449 Consumer Row,king-george,16449-consumer-row,https://locations.chipotle.com/va/king-george/16449-consumer-row
NY,Deer Park,1831 Deer Park Ave,deer-park,1831-deer-park-ave,https://locations.chipotle.com/ny/deer-park/1831-deer-park-ave
MS,Diberville,3990 Promenade Pkwy,diberville,3990-promenade-pkwy,https://locations.chipotle.com/ms/diberville/3990-promenade-pkwy
AZ,San Tan Valley,1371 W Hunt Hwy,san-tan-valley,1371-w-hunt-hwy,https://locations.chipotle.com/az/san-tan-valley/1371-w-hunt-hwy
TX,Cibolo,872 Cibolo Valley Dr,cibolo,872-cibolo-valley-dr,https://locations.chipotle.com/tx/cibolo/872-cibolo-valley-dr
LA,Covington,501 N Highway 190,covington,501-n-highway-190,https://locations.chipotle.com/la/covington/501-n-highway-190
GA,Atlanta,2571 Sidney Marcus Blvd Ne,atlanta,2571-sidney-marcus-blvd-ne,https://locations.chipotle.com/ga/atlanta/2571-sidney-marcus-blvd-ne
OH,Dayton,4215 Linden Ave,dayton,4215-linden-ave,https://locations.chipotle.com/oh/dayton/4215-linden-ave
MD,Hyattsville,6320 Annapolis Rd,hyattsville,6320-annapolis-rd,https://locations.chipotle.com/md/hyattsville/6320-annapolis-rd
TX,Lubbock,7715 Milwaukee Ave,lubbock,7715-milwaukee-ave,https://locations.chipotle.com/tx/lubbock/7715-milwaukee-ave
FL,Margate,5671 W Atlantic Blvd,margate,5671-w-atlantic-blvd,https://locations.chipotle.com/fl/margate/5671-w-atlantic-blvd
NE,Omaha,14415 Stoney Brook Blvd,omaha,14415-stoney-brook-blvd,https://locations.chipotle.com/ne/omaha/14415-stoney-brook-blvd
MN,Mankato,1725 Lor Ray Dr,mankato,1725-lor-ray-dr,https://locations.chipotle.com/mn/mankato/1725-lor-ray-dr
NC,Asheville,879 Brevard Rd,asheville,879-brevard-rd,https://locations.chipotle.com/nc/asheville/879-brevard-rd
MI,East Lansing,1603 W Lake Lansing Rd,east-lansing,1603-w-lake-lansing-rd,https://locations.chipotle.com/mi/east-lansing/1603-w-lake-lansing-rd
TX,Fort Worth,13040 Saginaw Blvd,fort-worth,13040-saginaw-blvd,https://locations.chipotle.com/tx/fort-worth/13040-saginaw-blvd
NV,Mesquite,145 Falcon Ridge Pkwy,mesquite,145-falcon-ridge-pkwy,https://locations.chipotle.com/nv/mesquite/145-falcon-ridge-pkwy
OH,Springfield,2242 S Limestone St,springfield,2242-s-limestone-st,https://locations.chipotle.com/oh/springfield/2242-s-limestone-st
MA,Fairhaven,14 Plaza Way,fairhaven,14-plaza-way,https://locations.chipotle.com/ma/fairhaven/14-plaza-way
GA,Alpharetta,3900 Brookside Pkwy,alpharetta,3900-brookside-pkwy,https://locations.chipotle.com/ga/alpharetta/3900-brookside-pkwy
MS,Olive Branch,8255 Mcgregor Crossing,olive-branch,8255-mcgregor-crossing,https://locations.chipotle.com/ms/olive-branch/8255-mcgregor-crossing
NJ,Gloucester City,703 Browning Ln,gloucester-city,703-browning-ln,https://locations.chipotle.com/nj/gloucester-city/703-browning-ln
TN,Alcoa,909 Vintage Alcoa Way,alcoa,909-vintage-alcoa-way,https://locations.chipotle.com/tn/alcoa/909-vintage-alcoa-way
TN,Collierville,1090 W Poplar Ave,collierville,1090-w-poplar-ave,https://locations.chipotle.com/tn/collierville/1090-w-poplar-ave
TX,Universal City,540 Kitty Hawk Rd,universal-city,540-kitty-hawk-rd,https://locations.chipotle.com/tx/universal-city/540-kitty-hawk-rd
MT,Billings,1124 Shiloh Crossing Blvd,billings,1124-shiloh-crossing-blvd,https://locations.chipotle.com/mt/billings/1124-shiloh-crossing-blvd
OH,Fairborn,2012 Commerce Center Blvd,fairborn,2012-commerce-center-blvd,https://locations.chipotle.com/oh/fairborn/2012-commerce-center-blvd
IL,Wheaton,1980 S Naperville Rd,wheaton,1980-s-naperville-rd,https://locations.chipotle.com/il/wheaton/1980-s-naperville-rd
AL,Gardendale,616 Gayle St,gardendale,616-gayle-st,https://locations.chipotle.com/al/gardendale/616-gayle-st
NC,Greensboro,3227 Battleground Ave,greensboro,3227-battleground-ave,https://locations.chipotle.com/nc/greensboro/3227-battleground-ave
AZ,Mesa,9259 E Ray Road,mesa,9259-e-ray-road,https://locations.chipotle.com/az/mesa/9259-e-ray-road
AR,Little Rock,12524 Chenal Pkwy,little-rock,12524-chenal-pkwy,https://locations.chipotle.com/ar/little-rock/12524-chenal-pkwy
TX,Kyle,20160 Marketplace Ave,kyle,20160-marketplace-ave,https://locations.chipotle.com/tx/kyle/20160-marketplace-ave
